Year,College,Retention Rate,Success Rate
2012,Alameda,0.6737588652482269,0.5567375886524822
2012,Allan Hancock,0.7885642475651901,0.6148287778825008
2012,American River,0.8081524616199047,0.6790894653255691
2012,Antelope Valley,0.8259773013871374,0.6484237074401009
2012,Bakersfield,0.7832817337461301,0.6233230134158927
2012,Barstow,0.8652037617554859,0.6802507836990596
2012,Berkeley City,0.7552558508528362,0.6445854819516065
2012,Butte,0.9132221416485375,0.7096930142615422
2012,Cabrillo,0.8620916465687349,0.7311992983994738
2012,Canada,0.8045292014302742,0.700834326579261
2012,Canyons,0.8849636073140422,0.7415231670513048
2012,Cerritos,0.8366565640453023,0.7214866804913064
2012,Cerro Coso,0.7724550898203593,0.6167664670658682
2012,Chabot Hayward,0.8285144566301097,0.7076271186440678
2012,Chaffey,0.8953934740882917,0.7495201535508638
2012,Citrus,0.9255765199161425,0.7489517819706499
2012,Clovis,nan,nan
2012,Coalinga College,0.771689497716895,0.5901826484018264
2012,Coastline,0.7727272727272727,0.6189839572192514
2012,Columbia,0.778052805280528,0.6674917491749175
2012,Compton,0.7667224080267558,0.6191471571906354
2012,Contra Costa,0.7701965065502183,0.6402838427947598
2012,Copper Mountain College,0.8342059336823735,0.6369982547993019
2012,Cosumnes River,0.8044547295342783,0.6647382123228233
2012,Crafton Hills,0.869683257918552,0.7461538461538462
2012,Cuesta,0.86414708886619,0.7420837589376915
2012,Cuyamaca,0.8637302133516862,0.755677907777013
2012,Cypress,0.8375830297835869,0.74908935076066
2012,Deanza,0.8825747374091032,0.7967950444384595
2012,Desert,0.8414055080721747,0.7037037037037037
2012,Diablo Valley,0.8163186388244393,0.7263469966486208
2012,East LA,0.7722304682229119,0.6300094454189717
2012,El Camino,0.8253234750462107,0.7023002669952763
2012,Evergreen Valley,0.8233823069709284,0.6792747733666771
2012,Feather River,0.9331395348837209,0.6584302325581395
2012,Folsom Lake,0.8210087220326128,0.7383390216154722
2012,Foothill,0.8330683624801272,0.7093799682034976
2012,Fresno City,0.9011499877660876,0.7220455101541473
2012,Fullerton,0.8233333333333334,0.7260869565217392
2012,Gavilan,0.7996597192683964,0.6227137388345385
2012,Glendale,0.8510384746339803,0.7013959822948587
2012,Golden West,0.8313253012048193,0.7425353588266108
2012,Grossmont,0.8452024735687214,0.7456612806702573
2012,Hartnell,0.7635287485907554,0.6203494926719278
2012,Imperial,0.7235772357723578,0.5452574525745257
2012,Irvine,0.8681201808029779,0.7218824780643446
2012,LA City,0.7359240450430559,0.5965996908809892
2012,LA Harbor,0.7844374342797056,0.6624605678233438
2012,LA ITV,0.6788766788766789,0.5457875457875457
2012,LA Mission,0.8101472995090017,0.6988543371522095
2012,LA Pierce,0.8103813559322034,0.6788135593220339
2012,LA Swest,0.7034956304619226,0.5043695380774033
2012,LA Trade,0.7223599405057015,0.5726326227069906
2012,LA Valley,0.8047321185749252,0.6913244492793038
2012,Lake Tahoe,0.8854337152209493,0.6857610474631751
2012,Laney,0.7058283616337769,0.6319412574575494
2012,Las Positas,0.8622534269475092,0.7612838515546639
2012,Lassen,0.8883994126284875,0.7092511013215859
2012,Lemoore College,0.8056288478452067,0.6675461741424802
2012,Long Beach,0.8370035391270153,0.7194258749508454
2012,Los Medanos,0.8194622279129321,0.7089201877934272
2012,Madera,nan,nan
2012,Marin,0.8534798534798534,0.6984126984126984
2012,Mendocino,0.8725834797891037,0.7434094903339191
2012,Merced,0.7984775641025641,0.6233974358974359
2012,Merritt,0.7823728813559322,0.6935593220338983
2012,MiraCosta,0.8401966810079902,0.7205490678139725
2012,Mission,0.7982184353214562,0.6494965143299768
2012,Modesto,0.7763589930682233,0.5979569500182416
2012,Monterey,0.8018945634266886,0.6882207578253706
2012,Moorpark,0.8636643098678143,0.7476175837688288
2012,Moreno Valley,0.816711590296496,0.7122641509433962
2012,Mt San Antonio,0.8139019662143451,0.6683744115203545
2012,Mt. San Jacinto,0.8547595682041217,0.7411678115799804
2012,Napa,0.8275456150676869,0.7274867569158329
2012,Norco College,0.8371317398554753,0.7298499166203446
2012,Ohlone,0.8166144200626959,0.7207792207792207
2012,Orange Coast,0.8227113151498785,0.7029435592762625
2012,Oxnard,0.8409199808337326,0.6760900814566363
2012,Palo Verde,0.75,0.5193965517241379
2012,Palomar,0.8912235332148052,0.6977533538063682
2012,Pasadena,0.8525633182429952,0.7149149639055427
2012,Porterville,0.8178571428571428,0.6571428571428571
2012,Redwoods,0.8771483131763208,0.6282622533418205
2012,Reedley College,0.8856200862287599,0.6550849606898301
2012,Rio Hondo,0.8485405184731578,0.711573790569504
2012,Riverside,0.777980693973389,0.6417949386903209
2012,Sacramento City,0.7902260638297872,0.6610704787234043
2012,Saddleback,0.8494530084535057,0.7460218796618597
2012,San Bernardino,0.7391304347826086,0.5787358421629522
2012,San Diego City,0.8449685534591195,0.7037735849056603
2012,San Diego Mesa,0.8404353440324663,0.7055893746541229
2012,San Diego Miramar,0.8801652892561983,0.7626918536009445
2012,San Francisco,0.8125928928523173,0.6688285366842318
2012,San Joaquin Delta,0.8134957825679475,0.6567144196010175
2012,San Jose City,0.7735042735042735,0.6272893772893773
2012,San Mateo,0.8013392857142857,0.6763392857142857
2012,Santa Ana,0.798497077650988,0.6601725577511829
2012,Santa Barbara,0.8987947197245074,0.7581786875837
2012,Santa Monica,0.8760612772240679,0.7486157253599114
2012,Santa Rosa,0.800168918918919,0.697972972972973
2012,Santiago Canyon,0.848301379078372,0.6996300033636058
2012,Sequoias,0.8616262482168331,0.6496433666191156
2012,Shasta,0.8408229561451002,0.6756903086085544
2012,Sierra,0.84275473028558,0.717005523563286
2012,Siskiyous,0.8412514484356894,0.626882966396292
2012,Skyline,0.8167351129363449,0.7073921971252567
2012,Solano,0.842687533729088,0.6702644360496492
2012,Southwestern,0.831101393823449,0.6627493850778902
2012,Taft,0.8441127694859039,0.6467661691542289
2012,Ventura,0.8639004149377594,0.7717842323651453
2012,Victor Valley,0.9069462647444299,0.6631716906946264
2012,West LA,0.7466047176554682,0.5729092208720514
2012,West Valley,0.8270588235294117,0.6982352941176471
2012,Woodland,0.8635838150289017,0.6936416184971098
2012,Yuba,0.8247816593886463,0.6451965065502183
2013,Alameda,0.6976929196499603,0.5799522673031027
2013,Allan Hancock,0.824319785018475,0.6667786362109506
2013,American River,0.8125,0.6751776198934281
2013,Antelope Valley,0.8498345635021634,0.6831254772206669
2013,Bakersfield,0.8161140038366675,0.6525075363113182
2013,Barstow,0.8725274725274725,0.7274725274725274
2013,Berkeley City,0.754353464246017,0.6446832160059282
2013,Butte,0.9108803807051699,0.6789963227341553
2013,Cabrillo,0.8492623476587556,0.7045114389565961
2013,Canada,0.822617680826636,0.6946039035591275
2013,Canyons,0.8610032089174126,0.7498733322073974
2013,Cerritos,0.8428230480736447,0.7263893624275486
2013,Cerro Coso,0.8176895306859205,0.6245487364620939
2013,Chabot Hayward,0.8456172983027203,0.7179725645198791
2013,Chaffey,0.916837974210428,0.7955522332274341
2013,Citrus,0.9152657882780554,0.7298955020445252
2013,Clovis,nan,nan
2013,Coalinga College,0.8283261802575107,0.677038626609442
2013,Coastline,0.8125623130608175,0.6984047856430707
2013,Columbia,0.848,0.7312
2013,Compton,0.7628607277289837,0.6110414052697616
2013,Contra Costa,0.7687604224569206,0.6220122290161201
2013,Copper Mountain College,0.8454706927175843,0.655417406749556
2013,Cosumnes River,0.8011114360924246,0.6782684995612752
2013,Crafton Hills,0.8885364748527412,0.7498867240598097
2013,Cuesta,0.8709944751381216,0.7375690607734806
2013,Cuyamaca,0.8801004394224733,0.7627118644067796
2013,Cypress,0.847083775185578,0.759915164369035
2013,Deanza,0.8925072443769836,0.7946736580654064
2013,Desert,0.8581228562519488,0.7309011537262239
2013,Diablo Valley,0.848862897985705,0.7549057829759585
2013,East LA,0.8296843901052033,0.6656241114586295
2013,El Camino,0.8211522801302932,0.691571661237785
2013,Evergreen Valley,0.8197901049475262,0.6938530734632684
2013,Feather River,0.9341736694677871,0.6078431372549019
2013,Folsom Lake,0.8456,0.7608
2013,Foothill,0.8577429291514982,0.7507700924110894
2013,Fresno City,0.9229600694444444,0.7432725694444444
2013,Fullerton,0.8313221406086044,0.7141920251836307
2013,Gavilan,0.8013439731205376,0.6362872742545149
2013,Glendale,0.8514722628924679,0.7061981454367985
2013,Golden West,0.8935349940688019,0.7855871886120996
2013,Grossmont,0.8474741564267603,0.7511215135556856
2013,Hartnell,0.8031861931629605,0.6425489545303684
2013,Imperial,0.8033583738400354,0.6336721166593018
2013,Irvine,0.8831543096672779,0.7550432276657061
2013,LA City,0.7878033602986932,0.6193735739473138
2013,LA Harbor,0.8314796090326929,0.7098078867542973
2013,LA ITV,0.720754716981132,0.5559748427672956
2013,LA Mission,0.8624733475479744,0.7585287846481876
2013,LA Pierce,0.8410958904109589,0.6970645792563601
2013,LA Swest,0.786449864498645,0.5761517615176152
2013,LA Trade,0.7824904839586732,0.6503534529635672
2013,LA Valley,0.8829703489897665,0.757543951718709
2013,Lake Tahoe,0.8784722222222222,0.6597222222222222
2013,Laney,0.7719793135872121,0.6694875411377527
2013,Las Positas,0.8768394113883557,0.7875879718490083
2013,Lassen,0.9207606973058637,0.694136291600634
2013,Lemoore College,0.7601918465227818,0.6330935251798561
2013,Long Beach,0.8210384809275751,0.6652663417912956
2013,Los Medanos,0.8579662412515439,0.7328118567311651
2013,Madera,nan,nan
2013,Marin,0.8485049833887043,0.693687707641196
2013,Mendocino,0.8650858544562551,0.7211774325429272
2013,Merced,0.8183183183183184,0.6572822822822822
2013,Merritt,0.7610103626943006,0.6463730569948186
2013,MiraCosta,0.8545044120664889,0.7129078596347219
2013,Mission,0.818503937007874,0.6795275590551181
2013,Modesto,0.8155722999641192,0.6675636885540007
2013,Monterey,0.792026304973284,0.6642005754212906
2013,Moorpark,0.8718270571827057,0.7641562064156207
2013,Moreno Valley,0.8856152512998267,0.7874061236279607
2013,Mt San Antonio,0.8213955942487798,0.6686452974541617
2013,Mt. San Jacinto,0.8495314591700134,0.7132530120481928
2013,Napa,0.8677105831533477,0.7235421166306696
2013,Norco College,0.8772093023255814,0.7725581395348837
2013,Ohlone,0.8205185516316496,0.7223960661600357
2013,Orange Coast,0.850585671479161,0.7324979569599565
2013,Oxnard,0.8640124095139607,0.6861427094105481
2013,Palo Verde,0.7292682926829268,0.5219512195121951
2013,Palomar,0.926510441575004,0.7356926510441575
2013,Pasadena,0.8681785967399008,0.7397826600519726
2013,Porterville,0.8528347406513872,0.6344993968636912
2013,Redwoods,0.8529761904761904,0.6589285714285714
2013,Reedley College,0.8906289467037131,0.6564789088153574
2013,Rio Hondo,0.8449021627188465,0.6729145211122554
2013,Riverside,0.8264070292092139,0.7000712419852767
2013,Sacramento City,0.8130121271714192,0.6812520485086857
2013,Saddleback,0.8644452858765619,0.7522403130127477
2013,San Bernardino,0.8317518248175182,0.6051094890510949
2013,San Diego City,0.8554509565745521,0.7069541451563923
2013,San Diego Mesa,0.8640483383685801,0.7275635329660565
2013,San Diego Miramar,0.8912108174554395,0.794099569760295
2013,San Francisco,0.8304851157662624,0.6780595369349504
2013,San Joaquin Delta,0.8695417060970664,0.7016357982966067
2013,San Jose City,0.7920137891410515,0.661304222924447
2013,San Mateo,0.7967326421614829,0.6625824693685203
2013,Santa Ana,0.7880627212948913,0.6545270612038442
2013,Santa Barbara,0.9040422432629279,0.7498179169701383
2013,Santa Monica,0.8399823087129589,0.7306501547987616
2013,Santa Rosa,0.830451000339098,0.7122753475754493
2013,Santiago Canyon,0.8540344514959202,0.7062556663644606
2013,Sequoias,0.8757444504602058,0.6851651326475365
2013,Shasta,0.8558507631430187,0.679479932165065
2013,Sierra,0.8588369441277081,0.7367160775370581
2013,Siskiyous,0.8684516880093132,0.6903376018626309
2013,Skyline,0.8115120787354608,0.6817775126752162
2013,Solano,0.8706583722135822,0.699585277345775
2013,Southwestern,0.9021599763290266,0.7335042903639413
2013,Taft,0.8918482647296206,0.6811945117029863
2013,Ventura,0.875433448919712,0.7588690317417978
2013,Victor Valley,0.88840206185567,0.6585051546391752
2013,West LA,0.7768683274021352,0.5548042704626335
2013,West Valley,0.8472920982539213,0.7247706422018348
2013,Woodland,0.8774038461538461,0.7175480769230769
2013,Yuba,0.8532473971244422,0.6906296479920674
2014,Alameda,0.7446808510638298,0.6176660219213411
2014,Allan Hancock,0.8267203967761935,0.6869187848729076
2014,American River,0.8223332558679991,0.6681385080176621
2014,Antelope Valley,0.8457336108220603,0.6724765868886576
2014,Bakersfield,0.8404613166746756,0.6650648726573762
2014,Barstow,nan,nan
2014,Berkeley City,0.746064746064746,0.6317196317196317
2014,Butte,0.8927299392415672,0.6658286193169914
2014,Cabrillo,0.8184034125533212,0.6782449725776966
2014,Canada,0.8252980819077242,0.7086573354069466
2014,Canyons,0.8555573427698246,0.7334727360463246
2014,Cerritos,0.8598174222497292,0.7419155191087731
2014,Cerro Coso,0.8086303939962477,0.6378986866791745
2014,Chabot Hayward,0.8325292901447278,0.7128417183551574
2014,Chaffey,0.9105836692043588,0.7684729064039408
2014,Citrus,0.8882978723404256,0.7106382978723405
2014,Clovis,nan,nan
2014,Coalinga College,0.82409381663113,0.6705756929637526
2014,Coastline,0.8249780123131046,0.7295514511873351
2014,Columbia,0.8204444444444444,0.6968888888888889
2014,Compton,0.7948897444872244,0.6345817290864543
2014,Contra Costa,0.8182716049382716,0.6987654320987654
2014,Copper Mountain College,0.8454545454545455,0.6254545454545455
2014,Cosumnes River,0.816220880069025,0.6715559390278976
2014,Crafton Hills,0.8978798586572438,0.7314487632508834
2014,Cuesta,0.8821158690176323,0.7468513853904282
2014,Cuyamaca,0.8715116279069768,0.7517441860465116
2014,Cypress,0.84360662278077,0.7257131458208658
2014,Deanza,0.8898744541484717,0.7878002183406113
2014,Desert,0.8468059339993945,0.7057220708446866
2014,Diablo Valley,0.863905325443787,0.7832518651916646
2014,East LA,0.810375,0.661125
2014,El Camino,0.8104846887041168,0.6791725816264449
2014,Evergreen Valley,0.8376560999039385,0.6961255203330131
2014,Feather River,0.9147442326980942,0.6519558676028084
2014,Folsom Lake,0.8488830486202366,0.7406920718353044
2014,Foothill,0.8666666666666667,0.7557661927330174
2014,Fresno City,0.9066298342541437,0.703683241252302
2014,Fullerton,0.8297199638663053,0.7034778681120144
2014,Gavilan,0.795909671921602,0.6173838943331913
2014,Glendale,0.8498064900267936,0.7094373325394463
2014,Golden West,0.8705652067531197,0.7631514558355762
2014,Grossmont,0.8426610348468849,0.7446321717705033
2014,Hartnell,0.7811170966827332,0.6387865041111426
2014,Imperial,0.7476255088195387,0.5251017639077341
2014,Irvine,0.8798360235716116,0.7453241096592365
2014,LA City,0.7874015748031497,0.6066833109275974
2014,LA Harbor,0.8195077484047402,0.7101185050136737
2014,LA ITV,0.7031746031746032,0.5714285714285714
2014,LA Mission,0.8293532338308458,0.7054726368159204
2014,LA Pierce,0.8306581059390048,0.6908507223113964
2014,LA Swest,0.8158347676419966,0.6293746414228342
2014,LA Trade,0.763183125599233,0.5968360498561841
2014,LA Valley,0.8616534104603519,0.7394552904314292
2014,Lake Tahoe,0.8974358974358975,0.6905982905982906
2014,Laney,0.7662276575729069,0.6632173095014111
2014,Las Positas,0.8683285394694791,0.7861936720997124
2014,Lassen,0.8606676342525399,0.6821480406386067
2014,Lemoore College,0.8050275904353158,0.6020846106683017
2014,Long Beach,0.855787154719539,0.6936112523301136
2014,Los Medanos,0.8421868941450175,0.7390461419154711
2014,Madera,nan,nan
2014,Marin,0.8482490272373541,0.6997405966277561
2014,Mendocino,0.9144684252597922,0.7569944044764189
2014,Merced,0.8023110555902561,0.641474078700812
2014,Merritt,0.8007566204287516,0.6866330390920555
2014,MiraCosta,0.8334672559260747,0.7087183607874649
2014,Mission,0.8334680679062247,0.7045270816491511
2014,Modesto,0.8130824045313356,0.6683720080394665
2014,Monterey,0.7743610223642172,0.6665335463258786
2014,Moorpark,0.8544143181514625,0.7367436890610392
2014,Moreno Valley,0.8361344537815126,0.713903743315508
2014,Mt San Antonio,0.8414835513781278,0.6663279563063635
2014,Mt. San Jacinto,0.8510128512306687,0.7225005445436724
2014,Napa,0.8537414965986394,0.7201166180758017
2014,Norco College,0.8695271453590193,0.7653239929947461
2014,Ohlone,0.8371987266939518,0.7389722601182356
2014,Orange Coast,0.8442902208201892,0.7027129337539432
2014,Oxnard,0.8571428571428571,0.7050847457627119
2014,Palo Verde,0.7491525423728813,0.5898305084745763
2014,Palomar,0.9123661148977604,0.7267121064589419
2014,Pasadena,0.8644385290348023,0.7143843044464162
2014,Porterville,0.869815668202765,0.6682027649769585
2014,Redwoods,0.8563685636856369,0.6890243902439024
2014,Reedley College,0.8968824940047961,0.670590800087203
2014,Rio Hondo,0.8751060220525869,0.6978371501272265
2014,Riverside,0.8306023540272328,0.6854373413339487
2014,Sacramento City,0.8215292751700116,0.6961353458284956
2014,Saddleback,0.8583860759493671,0.7546149789029536
2014,San Bernardino,0.8359932088285229,0.5945670628183362
2014,San Diego City,0.8541720821419287,0.6982063945931894
2014,San Diego Mesa,0.8573895524535905,0.7241329687724852
2014,San Diego Miramar,0.8964941569282137,0.7929883138564274
2014,San Francisco,0.8232445520581114,0.6765418031619428
2014,San Joaquin Delta,0.8864864864864865,0.702828409805154
2014,San Jose City,0.8022847100175747,0.6657879320445226
2014,San Mateo,0.8266283524904214,0.7155172413793104
2014,Santa Ana,0.8076477404403245,0.6648899188876014
2014,Santa Barbara,0.8952593004916968,0.7317933017905186
2014,Santa Monica,0.8369337979094077,0.7196864111498258
2014,Santa Rosa,0.8342999171499585,0.6969345484672742
2014,Santiago Canyon,0.8476135710178263,0.6969522714203565
2014,Sequoias,0.8676401318888366,0.6552048987282147
2014,Shasta,0.8617747440273038,0.6734926052332195
2014,Sierra,0.8455841715485797,0.7122803139162153
2014,Siskiyous,0.8258766626360339,0.5840386940749698
2014,Skyline,0.8118522455487642,0.6850916821684826
2014,Solano,0.8792778226893021,0.7097817299919159
2014,Southwestern,0.8490811373092927,0.6879334257975035
2014,Taft,0.891213389121339,0.6652719665271967
2014,Ventura,0.8522216674987518,0.7513729405891163
2014,Victor Valley,0.9056750453485359,0.658201606633843
2014,West LA,0.7995930824008138,0.5907087148185826
2014,West Valley,0.8169209431345353,0.6907073509015257
2014,Woodland,0.84375,0.677801724137931
2014,Yuba,0.8452157598499062,0.6974671669793621
2015,Alameda,0.7318361955085865,0.5885072655217966
2015,Allan Hancock,0.8224350205198359,0.6662106703146374
2015,American River,0.8230048021952893,0.6758518179739309
2015,Antelope Valley,0.8654663665916479,0.6944236059014753
2015,Bakersfield,0.8124489795918367,0.6355102040816326
2015,Barstow,nan,nan
2015,Berkeley City,0.7827564894932015,0.6356613102595797
2015,Butte,0.8926320365138013,0.6981091067159313
2015,Cabrillo,0.8380207231972933,0.6866145062381053
2015,Canada,0.8292682926829268,0.7078713968957872
2015,Canyons,0.8718585169097115,0.7451132485262179
2015,Cerritos,0.8324880247957172,0.7066779374471682
2015,Cerro Coso,0.8023032629558541,0.6180422264875239
2015,Chabot Hayward,0.8268807743070832,0.7133743950725913
2015,Chaffey,0.9158170294847066,0.7493799944888399
2015,Citrus,0.8859129012471887,0.7250051114291556
2015,Clovis,nan,nan
2015,Coalinga College,0.832438238453276,0.6476906552094522
2015,Coastline,0.8032554847841472,0.7360226468506723
2015,Columbia,0.8365627632687447,0.7556866048862679
2015,Compton,0.7938439513242663,0.6413743736578382
2015,Contra Costa,0.8224543080939948,0.7028720626631854
2015,Copper Mountain College,0.8522522522522522,0.69009009009009
2015,Cosumnes River,0.8166833166833167,0.6810689310689311
2015,Crafton Hills,0.8918553565393714,0.7140925988509632
2015,Cuesta,0.863013698630137,0.7128556375131717
2015,Cuyamaca,0.8586711711711712,0.7421171171171171
2015,Cypress,0.8376297887576083,0.7099892588614393
2015,Deanza,0.8900826446280992,0.7931129476584022
2015,Desert,0.8191964285714286,0.6682477678571429
2015,Diablo Valley,0.8574007220216606,0.7793965961835998
2015,East LA,0.8057410661980082,0.6540128881077915
2015,El Camino,0.8055100368701352,0.673187218353134
2015,Evergreen Valley,0.8517196625567813,0.7144711226476315
2015,Feather River,0.9183895538628944,0.7138193688792165
2015,Folsom Lake,0.847926267281106,0.7658148303309593
2015,Foothill,0.8640325392213829,0.7518884369552585
2015,Fresno City,0.9035793800308272,0.6751156019866416
2015,Fullerton,0.8247767857142857,0.7049107142857143
2015,Gavilan,0.8035714285714286,0.6522321428571428
2015,Glendale,0.8595923649304432,0.707214493691362
2015,Golden West,0.8730235952323036,0.7676964242276818
2015,Grossmont,0.8411552346570397,0.7446668854611093
2015,Hartnell,0.7990543735224587,0.6734961912266877
2015,Imperial,0.7372359154929577,0.5625
2015,Irvine,0.8874881065651761,0.774500475737393
2015,LA City,0.7781106802960874,0.5909411350017624
2015,LA Harbor,0.807790730736423,0.6863804378731874
2015,LA ITV,0.703125,0.5520833333333334
2015,LA Mission,0.8270531400966183,0.6782608695652174
2015,LA Pierce,0.845570437308375,0.6946909795062127
2015,LA Swest,0.8107442089699359,0.5845243962543125
2015,LA Trade,0.7804642166344294,0.5986460348162476
2015,LA Valley,0.847936137071651,0.7085280373831776
2015,Lake Tahoe,0.9078156312625251,0.6773547094188377
2015,Laney,0.759493670886076,0.6639022261021388
2015,Las Positas,0.8648894274462284,0.7697667373523175
2015,Lassen,0.8549931600547196,0.6716826265389877
2015,Lemoore College,0.816840811309158,0.6582667486170867
2015,Long Beach,0.8367412654966994,0.6987602640476573
2015,Los Medanos,0.8469866474197041,0.7289787080476362
2015,Madera,nan,nan
2015,Marin,0.8296398891966759,0.6793628808864266
2015,Mendocino,0.8977536793183578,0.7428350116189001
2015,Merced,0.8041958041958042,0.634032634032634
2015,Merritt,0.8148951554591468,0.6514822848879248
2015,MiraCosta,0.8516116352201258,0.7338836477987422
2015,Mission,0.8119546247818499,0.6915357766143106
2015,Modesto,0.8144496235209753,0.6708497669415561
2015,Monterey,0.7532467532467533,0.6385281385281385
2015,Moorpark,0.8658620216705527,0.755177616239199
2015,Moreno Valley,0.8336575875486382,0.687094682230869
2015,Mt San Antonio,0.824685534591195,0.6499326145552561
2015,Mt. San Jacinto,0.8431630353117956,0.72145003756574
2015,Napa,0.862601975096608,0.7389437526835552
2015,Norco College,0.863135593220339,0.7292372881355932
2015,Ohlone,0.8346738159070599,0.7305630026809652
2015,Orange Coast,0.8362950340798442,0.682205452775073
2015,Oxnard,0.8664038545773105,0.7174770039421814
2015,Palo Verde,0.773067331670823,0.5935162094763092
2015,Palomar,0.8992,0.71152
2015,Pasadena,0.84703510219045,0.7102923655027037
2015,Porterville,0.8779697624190065,0.6630669546436285
2015,Redwoods,0.8480263157894737,0.6763157894736842
2015,Reedley College,0.8728957821070551,0.667864573482126
2015,Rio Hondo,0.8605788032850997,0.6902620258114979
2015,Riverside,0.8355916892502259,0.6781842818428184
2015,Sacramento City,0.824682021313166,0.6906153317291165
2015,Saddleback,0.8694106385888144,0.7635717215916861
2015,San Bernardino,0.8066961465571699,0.5669614655716994
2015,San Diego City,0.8393034825870647,0.6917910447761194
2015,San Diego Mesa,0.8504585936461518,0.7184633789711551
2015,San Diego Miramar,0.9015433741351783,0.7993613624268228
2015,San Francisco,0.826622296173045,0.6713810316139767
2015,San Joaquin Delta,0.8802314627910106,0.6899475171578522
2015,San Jose City,0.8147672552166935,0.6606741573033708
2015,San Mateo,0.8510420225486847,0.731465664502904
2015,Santa Ana,0.7940851909070845,0.6384903994703156
2015,Santa Barbara,0.9051241415742208,0.7398837823560486
2015,Santa Monica,0.8422434158719048,0.7209729635138682
2015,Santa Rosa,0.8243698828062289,0.6922459463798363
2015,Santiago Canyon,0.8291774147320149,0.6775580395528805
2015,Sequoias,0.8739336492890996,0.6578199052132702
2015,Shasta,0.8494407800401491,0.6699168339546888
2015,Sierra,0.8406876163363627,0.721121208803241
2015,Siskiyous,0.8828125,0.6888020833333334
2015,Skyline,0.8117831074035453,0.6827424400417101
2015,Solano,0.8820253164556962,0.719493670886076
2015,Southwestern,0.8427752486933063,0.6825155960209071
2015,Taft,0.9,0.6787401574803149
2015,Ventura,0.8658767772511848,0.7635071090047393
2015,Victor Valley,0.9006337135614703,0.6501901140684411
2015,West LA,0.811744966442953,0.637248322147651
2015,West Valley,0.833041958041958,0.6934731934731935
2015,Woodland,0.8353326063249727,0.6684841875681571
2015,Yuba,0.862711130359463,0.715028150714595
2016,Alameda,0.7675202156334232,0.589622641509434
2016,Allan Hancock,0.8383000777403472,0.667530448302669
2016,American River,0.8322746015825253,0.6892900924997214
2016,Antelope Valley,0.8732267507318171,0.679801846430984
2016,Bakersfield,0.8185927672955975,0.6045597484276729
2016,Barstow,0.8646408839779005,0.7085635359116023
2016,Berkeley City,0.794664268585132,0.6486810551558753
2016,Butte,0.8991750687442713,0.6885884509624198
2016,Cabrillo,0.846437080355209,0.7043534762833008
2016,Canada,0.8320330426801285,0.7218907755851308
2016,Canyons,0.870839469808542,0.7661266568483064
2016,Cerritos,0.8169990272373541,0.6775291828793775
2016,Cerro Coso,0.8198874296435272,0.6604127579737336
2016,Chabot Hayward,0.8330341113105925,0.710752044683822
2016,Chaffey,0.9020852221214869,0.7199682683590208
2016,Citrus,0.8747120326067694,0.7001594896331739
2016,Clovis,0.9133640552995391,0.7078341013824885
2016,Coalinga College,0.8013833992094862,0.6511857707509882
2016,Coastline,0.8261183261183261,0.7272727272727273
2016,Columbia,0.8101487314085739,0.705161854768154
2016,Compton,0.7864884393063584,0.6325867052023122
2016,Contra Costa,0.8343881856540084,0.6988396624472574
2016,Copper Mountain College,0.8604651162790697,0.6943521594684385
2016,Cosumnes River,0.8240583232077764,0.6763061968408263
2016,Crafton Hills,0.8880842659644503,0.6919025674786043
2016,Cuesta,0.8696913743075706,0.726457399103139
2016,Cuyamaca,0.8477596741344195,0.7225050916496945
2016,Cypress,0.8378332770840364,0.7246034424569693
2016,Deanza,0.8902558367118691,0.7891793653012722
2016,Desert,0.8181338956246705,0.6879283078545071
2016,Diablo Valley,0.8569259962049336,0.7714104996837444
2016,East LA,0.7907250722930277,0.6487094355788797
2016,El Camino,0.8116758826031476,0.6791790727350063
2016,Evergreen Valley,0.8430717863105175,0.7095158597662772
2016,Feather River,0.9267734553775744,0.6899313501144165
2016,Folsom Lake,0.8381125226860254,0.7513611615245009
2016,Foothill,0.8656881750207699,0.7341456660204929
2016,Fresno City,0.9005609382967874,0.6634370219275879
2016,Fullerton,0.8415277030661646,0.7150080688542227
2016,Gavilan,0.7915966386554621,0.6281512605042017
2016,Glendale,0.8548073810294594,0.7146325671738427
2016,Golden West,0.867420814479638,0.7470588235294118
2016,Grossmont,0.8515917602996255,0.7343945068664169
2016,Hartnell,0.8136134006913055,0.6907737303908535
2016,Imperial,0.7659380692167578,0.5519125683060109
2016,Irvine,0.8935174871909111,0.7770104700378704
2016,LA City,0.7667555555555555,0.6021333333333333
2016,LA Harbor,0.8101096549879647,0.7060711420165819
2016,LA ITV,0.7437185929648241,0.6331658291457286
2016,LA Mission,0.7913079130791308,0.6412464124641246
2016,LA Pierce,0.8361461576273964,0.7032606914632148
2016,LA Swest,0.7865961199294532,0.5784832451499118
2016,LA Trade,0.7817164179104478,0.6413246268656716
2016,LA Valley,0.8461950696677385,0.7123972847445517
2016,Lake Tahoe,0.8858267716535433,0.6948818897637795
2016,Laney,0.7993052875337707,0.697800077190274
2016,Las Positas,0.8626799557032115,0.7721483942414175
2016,Lassen,0.8985115020297699,0.7104194857916103
2016,Lemoore College,0.8093841642228738,0.6351906158357771
2016,Long Beach,0.818796776050662,0.6777489925158319
2016,Los Medanos,0.8394900294213795,0.7224583197123243
2016,Madera,nan,nan
2016,Marin,0.8376712328767123,0.6773972602739726
2016,Mendocino,0.8907563025210085,0.7463712757830405
2016,Merced,0.8180531975099038,0.6403508771929824
2016,Merritt,0.8142857142857143,0.6757142857142857
2016,MiraCosta,0.8394872775970921,0.7342643964032906
2016,Mission,0.8210116731517509,0.6908776480760916
2016,Modesto,0.8038511749347258,0.664490861618799
2016,Monterey,0.78125,0.6582532051282052
2016,Moorpark,0.8584879145587408,0.7452220348510399
2016,Moreno Valley,0.8486307553415589,0.7126090881733373
2016,Mt San Antonio,0.8187533875338754,0.6542005420054201
2016,Mt. San Jacinto,0.832960358056266,0.6991687979539642
2016,Napa,0.8585222502099077,0.7241813602015114
2016,Norco College,0.8737300435413643,0.738388969521045
2016,Ohlone,0.8337931034482758,0.7301149425287357
2016,Orange Coast,0.8333126319711837,0.6898521922742517
2016,Oxnard,0.8688524590163934,0.7213114754098361
2016,Palo Verde,0.8071065989847716,0.6345177664974619
2016,Palomar,0.9015552348885683,0.7157287157287158
2016,Pasadena,0.8629554281486961,0.7378398372480118
2016,Porterville,0.8507177033492823,0.661244019138756
2016,Redwoods,0.881238155401137,0.7012002526847757
2016,Reedley College,0.8822447102115916,0.6295614842072984
2016,Rio Hondo,0.8693635182779736,0.6728521061421414
2016,Riverside,0.8623751387347391,0.6970033296337403
2016,Sacramento City,0.8364503816793893,0.6927480916030534
2016,Saddleback,0.8874181222707423,0.7865720524017468
2016,San Bernardino,0.810031185031185,0.600051975051975
2016,San Diego City,0.8569157392686805,0.6999772882125823
2016,San Diego Mesa,0.8600145313635262,0.7225720513441511
2016,San Diego Miramar,0.871948608137045,0.7460385438972162
2016,San Francisco,0.8399779533345582,0.7056770163512769
2016,San Joaquin Delta,0.8736120630568883,0.6626456477039068
2016,San Jose City,0.7896921480456589,0.6316153580076098
2016,San Mateo,0.8622733612273361,0.7308228730822873
2016,Santa Ana,0.8114005789356491,0.6528612781117791
2016,Santa Barbara,0.9176544634427777,0.7396412461974194
2016,Santa Monica,0.8457935967302452,0.7242847411444142
2016,Santa Rosa,0.8240568954854669,0.6943413729128015
2016,Santiago Canyon,0.8514796203238414,0.7096594081518705
2016,Sequoias,0.8650916317067785,0.6630602782071098
2016,Shasta,0.8661051408655243,0.6842869590473424
2016,Sierra,0.8475063585093442,0.7258653101846733
2016,Siskiyous,0.8304405874499332,0.6635514018691588
2016,Skyline,0.8463174687583089,0.7030045200744482
2016,Solano,0.8865416567766438,0.7218134346071683
2016,Southwestern,0.8281946021486593,0.6794479867237313
2016,Taft,0.8635693215339233,0.6327433628318584
2016,Ventura,0.8597305058537663,0.7565716810249613
2016,Victor Valley,0.8996397323726196,0.6616057642820381
2016,West LA,0.801589476568923,0.6204439572485613
2016,West Valley,0.8459167950693375,0.7053929121725732
2016,Woodland,0.8360797918473547,0.6608846487424112
2016,Yuba,0.8500590318772137,0.7005116096025187
2017,Alameda,0.7310606060606061,0.5946969696969697
2017,Allan Hancock,0.8541003671970624,0.6908200734394124
2017,American River,0.8278864638697274,0.6832522899468506
2017,Antelope Valley,0.8560869565217392,0.672608695652174
2017,Bakersfield,0.859652029826015,0.6165700082850042
2017,Barstow,0.8985831469052945,0.7158836689038032
2017,Berkeley City,0.7887717121588089,0.6513647642679901
2017,Butte,0.8995726495726496,0.7331433998100665
2017,Cabrillo,0.8570490367775832,0.7130035026269702
2017,Canada,0.8390639923591213,0.7058261700095511
2017,Canyons,0.8516366728071418,0.7375655377639223
2017,Cerritos,0.8189394854451021,0.6803961831139026
2017,Cerro Coso,0.8703241895261845,0.713216957605985
2017,Chabot Hayward,0.8191146881287726,0.6923541247484909
2017,Chaffey,0.9093753153698658,0.7068321727722273
2017,Citrus,0.8825127877237852,0.6828644501278772
2017,Clovis,0.9260651629072681,0.7694235588972431
2017,Coalinga College,0.810566037735849,0.5939622641509434
2017,Coastline,0.8489405331510594,0.7535885167464115
2017,Columbia,0.8590785907859079,0.7687443541102078
2017,Compton,0.793615441722346,0.6425389755011136
2017,Contra Costa,0.8590504451038575,0.7091988130563798
2017,Copper Mountain College,0.8938356164383562,0.7534246575342466
2017,Cosumnes River,0.8199595414699933,0.675432681501461
2017,Crafton Hills,0.898747763864043,0.710912343470483
2017,Cuesta,0.8632298790110469,0.7206733298264072
2017,Cuyamaca,0.8538331929233361,0.7270429654591407
2017,Cypress,0.8556647697878945,0.7334023107432316
2017,Deanza,0.8942581011938602,0.7875213189312109
2017,Desert,0.8357588357588358,0.7133287133287133
2017,Diablo Valley,0.8630522579855587,0.7891322971484518
2017,East LA,0.8216948440617452,0.6633413840176415
2017,El Camino,0.8221528861154446,0.6795186093158012
2017,Evergreen Valley,0.8432110379429288,0.7340859203512072
2017,Feather River,0.9326788218793829,0.6928471248246845
2017,Folsom Lake,0.8567539979584893,0.7519564477713508
2017,Foothill,0.879045996592845,0.7654741624077229
2017,Fresno City,0.9128580134064594,0.6727605118829981
2017,Fullerton,0.8352027610008628,0.7080457290767903
2017,Gavilan,0.7831932773109244,0.5953781512605042
2017,Glendale,0.8504750791798633,0.7332888814802467
2017,Golden West,0.8745052386495925,0.7650756693830035
2017,Grossmont,0.8492252681764004,0.7343563766388558
2017,Hartnell,0.8210029791459782,0.6914101290963257
2017,Imperial,0.7827356130108424,0.597581317764804
2017,Irvine,0.8994668697638994,0.7661843107387661
2017,LA City,0.7773928896991796,0.6023701002734732
2017,LA Harbor,0.814113124656782,0.657056562328391
2017,LA ITV,0.775623268698061,0.6592797783933518
2017,LA Mission,0.8151735270379338,0.6682808716707022
2017,LA Pierce,0.8343537977825584,0.6968393182194275
2017,LA Swest,0.7912705272255834,0.5924805531547105
2017,LA Trade,0.8179652943177952,0.6573664511738687
2017,LA Valley,0.8537096774193549,0.7330645161290322
2017,Lake Tahoe,0.9047619047619048,0.7314285714285714
2017,Laney,0.7932315311597193,0.7139909203466777
2017,Las Positas,0.8669724770642202,0.7689521970062771
2017,Lassen,0.9047619047619048,0.7489177489177489
2017,Lemoore College,0.8032873806998939,0.6489925768822906
2017,Long Beach,0.8333333333333334,0.6817931793179318
2017,Los Medanos,0.8453796889295517,0.7395547422994816
2017,Madera,nan,nan
2017,Marin,0.8316291751874574,0.7116564417177914
2017,Mendocino,0.8809160305343512,0.7541984732824427
2017,Merced,0.7995485327313769,0.6207674943566591
2017,Merritt,0.8015824710894704,0.6652465003043213
2017,MiraCosta,0.8436168241615712,0.7218825273299981
2017,Mission,0.8541392904073587,0.7398160315374507
2017,Modesto,0.815081868709629,0.6837914976716238
2017,Monterey,0.8052114480991029,0.682614267407091
2017,Moorpark,0.8622899458843635,0.7495015665052691
2017,Moreno Valley,0.8224376731301939,0.6734072022160665
2017,Mt San Antonio,0.8137424373379429,0.6578435609334485
2017,Mt. San Jacinto,0.8360695609874742,0.6860026754225952
2017,Napa,0.857025472473295,0.7082990961380444
2017,Norco College,0.8308634020618557,0.6742912371134021
2017,Ohlone,0.8448353631032928,0.7471808750563825
2017,Orange Coast,0.826530612244898,0.6830276414363213
2017,Oxnard,0.8602239734549979,0.6947324761509747
2017,Palo Verde,0.8284424379232506,0.654627539503386
2017,Palomar,0.9129062795834648,0.7145787314610287
2017,Pasadena,0.8491383654136854,0.7266955557795022
2017,Porterville,0.8618827160493827,0.6736111111111112
2017,Redwoods,0.8380414312617702,0.677338355304457
2017,Reedley College,0.9004869141813755,0.6746804625684724
2017,Rio Hondo,0.8762868609317745,0.6803350200663061
2017,Riverside,0.8423777961888981,0.6625932062966031
2017,Sacramento City,0.848963112497706,0.697926224995412
2017,Saddleback,0.8920277060980578,0.7854135542577754
2017,San Bernardino,0.8473170731707317,0.6492682926829269
2017,San Diego City,0.8665263157894737,0.7157894736842105
2017,San Diego Mesa,0.8542835963147305,0.7047548448586254
2017,San Diego Miramar,0.8698466780238501,0.7482112436115843
2017,San Francisco,0.8661890007745934,0.7302478698683191
2017,San Joaquin Delta,0.8767687869212804,0.6877318312955076
2017,San Jose City,0.8446440452428476,0.7059214903526281
2017,San Mateo,0.8572642310960068,0.7131124327386009
2017,Santa Ana,0.8164261028664362,0.6318357389713356
2017,Santa Barbara,0.9201520912547528,0.7506150749273093
2017,Santa Monica,0.8384899466557243,0.7163725892490768
2017,Santa Rosa,0.8319612590799031,0.6958837772397094
2017,Santiago Canyon,0.8449763428889507,0.6971889785694406
2017,Sequoias,0.8734102915280767,0.6918411269810213
2017,Shasta,0.8674698795180723,0.7193318729463308
2017,Sierra,0.8497886637043459,0.7201690690365232
2017,Siskiyous,0.8383311603650587,0.6427640156453716
2017,Skyline,0.8403361344537815,0.7028478057889822
2017,Solano,0.871413612565445,0.7145549738219895
2017,Southwestern,0.8240377761938703,0.660192444761226
2017,Taft,0.875,0.6673728813559322
2017,Ventura,0.8691275167785235,0.7636325503355704
2017,Victor Valley,0.9069587628865979,0.6507731958762887
2017,West LA,0.800923675255226,0.6456003889158969
2017,West Valley,0.8491351697629724,0.7267777065983344
2017,Woodland,0.8579838116261957,0.695364238410596
2017,Yuba,0.8414533443435177,0.6886870355078447
2018,Alameda,0.7356164383561644,0.6041095890410959
2018,Allan Hancock,0.845530285971628,0.6879081287998199
2018,American River,0.8502317841435874,0.7140140259122786
2018,Antelope Valley,0.8582395087001023,0.7072671443193449
2018,Bakersfield,0.892656142759094,0.6760466712422787
2018,Barstow,0.9046579330422125,0.7088791848617176
2018,Berkeley City,0.7643020594965675,0.6394246485779667
2018,Butte,0.8858695652173914,0.7166824196597353
2018,Cabrillo,0.8522908593571917,0.7127877820834283
2018,Canada,0.8151029748283752,0.7089244851258582
2018,Canyons,0.8612418399878549,0.7577045696068013
2018,Cerritos,0.7927552694686356,0.6546762589928058
2018,Cerro Coso,0.8757062146892656,0.7062146892655368
2018,Chabot Hayward,0.8344842017158401,0.7020297133291483
2018,Chaffey,0.907826261008807,0.6985588470776621
2018,Citrus,0.8632271468144044,0.6748614958448753
2018,Clovis,0.9148529973272241,0.7407407407407407
2018,Coalinga College,0.8225552050473186,0.639589905362776
2018,Coastline,0.880674448767834,0.7804798962386511
2018,Columbia,0.8735408560311284,0.7509727626459144
2018,Compton,0.7774167343623071,0.602761982128351
2018,Contra Costa,0.7979528259902091,0.6519804183355585
2018,Copper Mountain College,0.8744588744588745,0.7777777777777778
2018,Cosumnes River,0.824684159378037,0.681438289601555
2018,Crafton Hills,0.8842443729903537,0.7077527688460165
2018,Cuesta,0.8594091903719913,0.7330415754923414
2018,Cuyamaca,0.8779208392942298,0.7415355269432523
2018,Cypress,0.8600611227280038,0.7320250924883385
2018,Deanza,0.8888212927756654,0.7796197718631178
2018,Desert,0.8169875424688562,0.6792751981879954
2018,Diablo Valley,0.8628919045390735,0.7785446888160973
2018,East LA,0.8292547890599048,0.6547447680212601
2018,El Camino,0.8092498589960518,0.6774957698815567
2018,Evergreen Valley,0.8465256797583082,0.7169184290030212
2018,Feather River,0.9322617680826636,0.7141216991963261
2018,Folsom Lake,0.835302058724266,0.7333783327708404
2018,Foothill,0.8807106598984772,0.766497461928934
2018,Fresno City,0.9076029567053854,0.6602428722280888
2018,Fullerton,0.8271111111111111,0.7088888888888889
2018,Gavilan,0.8106060606060606,0.6229946524064172
2018,Glendale,0.8610584382003102,0.7291846233408034
2018,Golden West,0.8754553734061931,0.7729963570127505
2018,Grossmont,0.8466341760584831,0.734846177276881
2018,Hartnell,0.8083705619562662,0.6835175170467905
2018,Imperial,0.7891654465592972,0.6167642752562226
2018,Irvine,0.8947068867387592,0.7732878011762474
2018,LA City,0.7883670662212615,0.6376498329730792
2018,LA Harbor,0.8345341614906833,0.6680745341614907
2018,LA ITV,0.851985559566787,0.7364620938628159
2018,LA Mission,0.804530507855316,0.6364632809645597
2018,LA Pierce,0.8565230864580106,0.6983266191509142
2018,LA Swest,0.8159478435305918,0.6068204613841525
2018,LA Trade,0.8049982400563181,0.6402675114396339
2018,LA Valley,0.853788353162179,0.701941139636819
2018,Lake Tahoe,0.9239669421487603,0.7586776859504132
2018,Laney,0.7926829268292683,0.7163504968383018
2018,Las Positas,0.8604166666666667,0.7388888888888889
2018,Lassen,0.9099836333878887,0.762684124386252
2018,Lemoore College,0.7889858233369684,0.6177753544165758
2018,Long Beach,0.8338040101666196,0.6684552386331545
2018,Los Medanos,0.8366122840690979,0.7075335892514395
2018,Madera,nan,nan
2018,Marin,0.8380187416331994,0.7008032128514057
2018,Mendocino,0.8967136150234741,0.7644757433489828
2018,Merced,0.7843438219493477,0.6254796623177283
2018,Merritt,0.7782503037667071,0.6512758201701093
2018,MiraCosta,0.8384491114701131,0.7045413749775624
2018,Mission,0.850196463654224,0.7401768172888016
2018,Modesto,0.8147357851135936,0.6766662482741308
2018,Monterey,0.8160032493907392,0.6722177091795288
2018,Moorpark,0.8588832487309644,0.7437273386511966
2018,Moreno Valley,0.8327645051194539,0.6780432309442548
2018,Mt San Antonio,0.8291299503696952,0.6666666666666666
2018,Mt. San Jacinto,0.834692281916676,0.6783201161621802
2018,Napa,0.8612419700214132,0.708779443254818
2018,Norco College,0.8452729693741677,0.670306258322237
2018,Ohlone,0.8499659013412139,0.7490338713343941
2018,Orange Coast,0.8217063989962359,0.6785445420326224
2018,Oxnard,0.8580738595220855,0.6850108616944244
2018,Palo Verde,0.8492871690427699,0.7067209775967414
2018,Palomar,0.8988505747126436,0.7081992337164751
2018,Pasadena,0.8429343773303505,0.7089858314690529
2018,Porterville,0.8946528332003192,0.6679968076616122
2018,Redwoods,0.8227927363807138,0.6430807764558547
2018,Reedley College,0.8891004283674441,0.6316039980961446
2018,Rio Hondo,0.8342437958482909,0.6767597939753395
2018,Riverside,0.8361825726141079,0.663402489626556
2018,Sacramento City,0.8368003025718608,0.7010211800302572
2018,Saddleback,0.8891210474996517,0.7864605098203092
2018,San Bernardino,0.8409203364670955,0.6259277585353785
2018,San Diego City,0.8679913436946685,0.7133582530001967
2018,San Diego Mesa,0.8625722103982973,0.7022397891963109
2018,San Diego Miramar,0.8776561493882807,0.7733419188667096
2018,San Francisco,0.8562367864693446,0.6768146582100071
2018,San Joaquin Delta,0.8844631073785243,0.668866226754649
2018,San Jose City,0.8400380107697181,0.7009819448843839
2018,San Mateo,0.847879532882606,0.7062077443146896
2018,Santa Ana,0.7856718780922225,0.6097367900257273
2018,Santa Barbara,0.9219488546842807,0.7550599927281542
2018,Santa Monica,0.8353991505590708,0.7087631099939325
2018,Santa Rosa,0.8388549372788678,0.718398198777742
2018,Santiago Canyon,0.8343085106382979,0.6805851063829788
2018,Sequoias,0.8773754033703837,0.6885980638221585
2018,Shasta,0.8638578389223273,0.6938950988822012
2018,Sierra,0.8561629153269025,0.72497320471597
2018,Siskiyous,0.8565840938722294,0.7131681877444589
2018,Skyline,0.8348555912120464,0.6990866452727722
2018,Solano,0.8826322930800543,0.7121212121212122
2018,Southwestern,0.8227613586237318,0.6572562858403176
2018,Taft,0.8947696139476962,0.7054794520547946
2018,Ventura,0.8558352402745996,0.7456140350877193
2018,Victor Valley,0.9053518334985133,0.6717046580773043
2018,West LA,0.8213202705854911,0.6503382318637742
2018,West Valley,0.8353140916808149,0.7205432937181664
2018,Woodland,0.8748169838945827,0.7210834553440703
2018,Yuba,0.8547044129891757,0.708992506244796
2019,Alameda,0.7604298356510746,0.6125158027812895
2019,Allan Hancock,0.8442089607733779,0.6623907789551962
2019,American River,0.8445215262191389,0.6946541522138339
2019,Antelope Valley,0.8660130718954249,0.7011846405228758
2019,Bakersfield,0.8309227389234712,0.5852251922372758
2019,Barstow,0.8739962940086473,0.6905497220506486
2019,Berkeley City,0.8096599936447411,0.6898633619319987
2019,Butte,0.894235350166746,0.777989518818485
2019,Cabrillo,0.8678184009642427,0.7121333869023704
2019,Canada,0.8204882719004308,0.6921972235519387
2019,Canyons,0.8533013844515442,0.7300319488817891
2019,Cerritos,0.8009637544521265,0.6433060967944689
2019,Cerro Coso,0.8649398704902868,0.7095282146160962
2019,Chabot Hayward,0.8391682580097602,0.7267133460640781
2019,Chaffey,0.903813155386082,0.6917063870352717
2019,Citrus,0.8694652979929524,0.6655431285429754
2019,Clovis,0.9145785876993167,0.7411731207289294
2019,Coalinga College,0.867600254614895,0.7065563335455124
2019,Coastline,0.8683954619124797,0.7815235008103728
2019,Columbia,0.8572727272727273,0.74
2019,Compton,0.770885028949545,0.5789909015715468
2019,Contra Costa,0.819371727748691,0.6600598354525056
2019,Copper Mountain College,0.8921694480102695,0.7008985879332478
2019,Cosumnes River,0.8368318927500441,0.6890104074792732
2019,Crafton Hills,0.8947001394700139,0.7517433751743375
2019,Cuesta,0.8647724283083399,0.7334911865298606
2019,Cuyamaca,0.8677121029352634,0.715319662243667
2019,Cypress,0.8606389214536928,0.7126318874560376
2019,Deanza,0.8977127432873988,0.78903253303026
2019,Desert,0.8223819301848049,0.655441478439425
2019,Diablo Valley,0.8532907770195906,0.7692053709002862
2019,East LA,0.8186781371494747,0.5891306146083216
2019,El Camino,0.8216927658756845,0.6736478047843213
2019,Evergreen Valley,0.8373142250530785,0.692144373673036
2019,Feather River,0.9048751486325802,0.7312722948870393
2019,Folsom Lake,0.8510971786833855,0.7379832810867294
2019,Foothill,0.875237320314619,0.7325739083265528
2019,Fresno City,0.899663612109964,0.6291613501913931
2019,Fullerton,0.8408762140938211,0.7085141558173176
2019,Gavilan,0.7888513513513513,0.6059966216216216
2019,Glendale,0.863613487669854,0.7232008052340211
2019,Golden West,0.8352728731942215,0.7146869983948636
2019,Grossmont,0.8364587319811201,0.7156525066972829
2019,Hartnell,0.8285444234404536,0.6742911153119092
2019,Imperial,0.8070119009327759,0.6468317787069797
2019,Irvine,0.9044045676998369,0.7546492659053834
2019,LA City,0.7711115677008424,0.5970823916170125
2019,LA Harbor,0.8177339901477833,0.6764324604614985
2019,LA ITV,0.7834645669291339,0.6259842519685039
2019,LA Mission,0.8273914578185669,0.61701376632545
2019,LA Pierce,0.8513453903837671,0.6879870607263637
2019,LA Swest,0.7905604719764012,0.5465655288664139
2019,LA Trade,0.8309128630705395,0.6407330567081605
2019,LA Valley,0.8677224736048266,0.7113122171945702
2019,Lake Tahoe,0.9238938053097345,0.7345132743362832
2019,Laney,0.7693701857725419,0.6624376982328953
2019,Las Positas,0.8621728051887885,0.7373175816539264
2019,Lassen,0.8496124031007752,0.7147286821705426
2019,Lemoore College,0.8390865639936272,0.6425916091343601
2019,Long Beach,0.8085028179367802,0.640529282038716
2019,Los Medanos,0.833994053518335,0.6942517343904856
2019,Madera,nan,nan
2019,Marin,0.8191814294441051,0.6701282834453268
2019,Mendocino,0.8939724037763254,0.7545388525780683
2019,Merced,0.8026816452255844,0.6180467475992028
2019,Merritt,0.7902719665271967,0.6480125523012552
2019,MiraCosta,0.8494406748578764,0.7084173849257289
2019,Mission,0.8618391825855175,0.7498889382496668
2019,Modesto,0.808561608165816,0.648161649828143
2019,Monterey,0.8004228329809725,0.6710359408033827
2019,Moorpark,0.8635904830569575,0.7416005767844268
2019,Moreno Valley,0.8468968351829018,0.6878339498561447
2019,Mt San Antonio,0.8330868042039704,0.6338653172440638
2019,Mt. San Jacinto,0.8126512998631723,0.6474055362593412
2019,Napa,0.8525932666060054,0.7288444040036397
2019,Norco College,0.835,0.6530952380952381
2019,Ohlone,0.8594632768361582,0.7490583804143126
2019,Orange Coast,0.803402897780141,0.6337897115512429
2019,Oxnard,0.8820104198590254,0.7085504137296966
2019,Palo Verde,0.7784577723378213,0.6046511627906976
2019,Palomar,0.9174986134220743,0.7165834719911259
2019,Pasadena,0.8249801113762928,0.6708035003977725
2019,Porterville,0.9023508137432188,0.6835443037974683
2019,Redwoods,0.8420787083753785,0.6942482341069627
2019,Reedley College,0.886161978478384,0.6178969227864829
2019,Rio Hondo,0.8006560310123751,0.622334874012226
2019,Riverside,0.8175443238952104,0.6299285525271235
2019,Sacramento City,0.860872144764165,0.7134381489172352
2019,Saddleback,0.8950863213811421,0.7856573705179283
2019,San Bernardino,0.8607905720599067,0.6555364596120795
2019,San Diego City,0.8704652592744415,0.7202295552367288
2019,San Diego Mesa,0.8612129464753325,0.7163506860793967
2019,San Diego Miramar,0.8915327564894932,0.784610630407911
2019,San Francisco,0.8365225608315615,0.6511930073234113
2019,San Joaquin Delta,0.8892215568862275,0.64604125083167
2019,San Jose City,0.8276576843352088,0.6760438258809595
2019,San Mateo,0.8604513064133017,0.6757719714964371
2019,Santa Ana,0.7760549872122762,0.5955882352941176
2019,Santa Barbara,0.9059429106223678,0.7418499454063329
2019,Santa Monica,0.8246138515196811,0.6712933304861556
2019,Santa Rosa,0.8532444867523401,0.7321910201491353
2019,Santiago Canyon,0.8419052444894857,0.6949581960983026
2019,Sequoias,0.8821385176184691,0.7048906439854192
2019,Shasta,0.8695424836601308,0.6967320261437908
2019,Sierra,0.8535684121621622,0.7115709459459459
2019,Siskiyous,0.8978675645342312,0.6879910213243546
2019,Skyline,0.8373800112930547,0.6753246753246753
2019,Solano,0.8735440931780366,0.7140480152127406
2019,Southwestern,0.8164510166358595,0.6578558225508317
2019,Taft,0.8633795582948125,0.6153055983564458
2019,Ventura,0.8463821892393321,0.723747680890538
2019,Victor Valley,0.9051684356252884,0.6852791878172588
2019,West LA,0.8333333333333334,0.6318705673758865
2019,West Valley,0.8403041825095057,0.7198986058301647
2019,Woodland,0.8905950095969289,0.7146513115802943
2019,Yuba,0.8877669902912622,0.7304854368932039
2020,Alameda,0.8089311859443631,0.7144948755490483
2020,Allan Hancock,0.8492351046698873,0.6884057971014492
2020,American River,0.8498168498168498,0.7388493859082095
2020,Antelope Valley,0.8724199577441898,0.6938078985860556
2020,Bakersfield,0.8142870361802536,0.5889701119644675
2020,Barstow,0.8938097634625063,0.6829391041771515
2020,Berkeley City,0.8542372881355932,0.7555555555555555
2020,Butte,0.8899628252788104,0.7328376703841388
2020,Cabrillo,0.8760795340429806,0.7156055432817835
2020,Canada,0.8567972907595549,0.6918238993710691
2020,Canyons,0.8382428278688525,0.6942879098360656
2020,Cerritos,0.8135058056630678,0.6618455897331432
2020,Cerro Coso,0.8679245283018868,0.7309573724668065
2020,Chabot Hayward,0.8425964330153464,0.7272915802571547
2020,Chaffey,0.9139714791686084,0.68310187342716
2020,Citrus,0.8826642335766424,0.67992700729927
2020,Clovis,0.9182679989751473,0.741224698949526
2020,Coalinga College,0.9154829545454546,0.7009943181818182
2020,Coastline,0.8817401960784313,0.7714460784313726
2020,Columbia,0.8646748681898067,0.7750439367311072
2020,Compton,0.7854545454545454,0.5627272727272727
2020,Contra Costa,0.8534540576794097,0.6800804828973843
2020,Copper Mountain College,0.8710106382978723,0.6928191489361702
2020,Cosumnes River,0.8416447944007,0.7123359580052493
2020,Crafton Hills,0.9098265895953758,0.7528901734104047
2020,Cuesta,0.8852242744063324,0.7873350923482849
2020,Cuyamaca,0.8680714612918002,0.7576729271644526
2020,Cypress,0.8649388048956084,0.7297336213102952
2020,Deanza,0.930034843205575,0.8135191637630662
2020,Desert,0.8676056338028169,0.6864436619718309
2020,Diablo Valley,0.8884575026232948,0.785099685204617
2020,East LA,0.8722989577154479,0.6087619693246336
2020,El Camino,0.8731680839515108,0.7017369278089379
2020,Evergreen Valley,0.8561556181213207,0.6826209367801382
2020,Feather River,0.8915989159891599,0.7018970189701897
2020,Folsom Lake,0.8672721945502491,0.7632581306768239
2020,Foothill,0.9045149481391093,0.7657107992678462
2020,Fresno City,0.8913088356729976,0.6381090008257638
2020,Fullerton,0.8865378387131598,0.7385296340278528
2020,Gavilan,0.8349958437240232,0.5955943474646717
2020,Glendale,0.8988742606372829,0.7500477008204541
2020,Golden West,0.8719065531577905,0.7368837853890319
2020,Grossmont,0.8553803975325566,0.7317340644276902
2020,Hartnell,0.8618700152723571,0.6567113524520618
2020,Imperial,0.8400542189088445,0.658759742460183
2020,Irvine,0.9005142755807767,0.7747827629012236
2020,LA City,0.8181818181818182,0.6126996647604023
2020,LA Harbor,0.9017267648552565,0.7011173184357542
2020,LA ITV,nan,nan
2020,LA Mission,0.8702904802991084,0.6005176876617774
2020,LA Pierce,0.9030498388296554,0.7030746342672948
2020,LA Swest,0.84141300263059,0.4877865464111236
2020,LA Trade,0.8743494423791821,0.6096654275092936
2020,LA Valley,0.8942731277533039,0.6957682552396208
2020,Lake Tahoe,0.9379615952732644,0.7636632200886263
2020,Laney,0.8014145810663765,0.7159956474428727
2020,Las Positas,0.8595002357378595,0.7557755775577558
2020,Lassen,0.8869143780290791,0.7705977382875606
2020,Lemoore College,0.8358946212952799,0.6542261251372119
2020,Long Beach,0.8849058865843424,0.7104663709387363
2020,Los Medanos,0.8807807807807808,0.724024024024024
2020,Madera,nan,nan
2020,Marin,0.8163403106009454,0.7164078325455773
2020,Mendocino,0.8855901520637219,0.7603186097031137
2020,Merced,0.7807292525985811,0.5815871968322059
2020,Merritt,0.831092928112215,0.734073641145529
2020,MiraCosta,0.8892301785371473,0.750431944711077
2020,Mission,0.8696324951644101,0.7601547388781431
2020,Modesto,0.8663753449862005,0.7441352345906164
2020,Monterey,0.8315270935960591,0.6607553366174056
2020,Moorpark,0.8776364996260284,0.7672400897531788
2020,Moreno Valley,0.9104748920699841,0.733924108157237
2020,Mt San Antonio,0.90370871160904,0.70880819007147
2020,Mt. San Jacinto,0.8618368511123787,0.734626354820308
2020,Napa,0.8712121212121212,0.733652312599681
2020,Norco College,0.8884132420091324,0.7123287671232876
2020,Ohlone,0.8903867403314917,0.763756906077348
2020,Orange Coast,0.8288202692003167,0.6673000791765638
2020,Oxnard,0.8828295419133686,0.7344967279526332
2020,Palo Verde,0.801,0.589
2020,Palomar,0.9299810759664774,0.7258718572587186
2020,Pasadena,0.8622047244094488,0.7268386664432903
2020,Porterville,0.8874251497005988,0.6467065868263473
2020,Redwoods,0.8722961730449251,0.7121464226289518
2020,Reedley College,0.8669859985261607,0.6059322033898306
2020,Rio Hondo,0.8385727758566488,0.6865765482552656
2020,Riverside,0.8901976712699702,0.685892228540482
2020,Sacramento City,0.8595117457392907,0.72961768770152
2020,Saddleback,0.8941932233278751,0.7781836503337952
2020,San Bernardino,0.8569994982438535,0.6116407425990968
2020,San Diego City,0.9047139403706688,0.7401289282836422
2020,San Diego Mesa,0.9083323539781408,0.7629568691973205
2020,San Diego Miramar,0.918977202711029,0.8000616142945163
2020,San Francisco,0.8558412931667891,0.6576047024246877
2020,San Joaquin Delta,0.9140184929322989,0.6607503454139654
2020,San Jose City,0.8535598705501618,0.6777238403451996
2020,San Mateo,0.8916640649391195,0.6971589135185763
2020,Santa Ana,0.7620876937342694,0.5750430520598755
2020,Santa Barbara,0.9075176519451751,0.72269140246435
2020,Santa Monica,0.8964098426784994,0.7230334812424365
2020,Santa Rosa,0.8697063996752807,0.7285888242457043
2020,Santiago Canyon,0.8596134282807731,0.6963377416073245
2020,Sequoias,0.8858854860186418,0.7015978695073236
2020,Shasta,0.8808139534883721,0.6793604651162791
2020,Sierra,0.8422811781909337,0.7052433674535199
2020,Siskiyous,0.8689492325855962,0.6623376623376623
2020,Skyline,0.8877057115198451,0.7034527266860278
2020,Solano,0.903964540753509,0.7461216449150455
2020,Southwestern,0.8600160901045857,0.7144006436041834
2020,Taft,0.8461538461538461,0.6153846153846154
2020,Ventura,0.8452493836525697,0.7369618812820027
2020,Victor Valley,0.9269972451790633,0.6835399449035813
2020,West LA,0.8935111914989826,0.6667420302961791
2020,West Valley,0.8642601431980907,0.7482100238663485
2020,Woodland,0.8613237280504278,0.6753714542998649
2020,Yuba,0.8208908406524467,0.6317440401505646
2021,Alameda,0.7385976855003403,0.6024506466984343
2021,Allan Hancock,0.8195300022815423,0.6050650239561944
2021,American River,0.7955485963538754,0.6552958282071357
2021,Antelope Valley,0.8787115350008997,0.6757243116789635
2021,Bakersfield,0.7747802983854486,0.5102186797465768
2021,Barstow,0.8883528600964852,0.6657477601654032
2021,Berkeley City,0.8138841567291312,0.7057069846678024
2021,Butte,0.823869610935857,0.6385383806519453
2021,Cabrillo,0.8513607815771109,0.6696906257269132
2021,Canada,0.9567430025445293,0.732824427480916
2021,Canyons,0.8435146443514644,0.704741980474198
2021,Cerritos,0.7675923992482773,0.5571100438504907
2021,Cerro Coso,0.8498233215547704,0.6863957597173145
2021,Chabot Hayward,0.8494897959183674,0.7242578849721707
2021,Chaffey,0.9118985695708712,0.638816644993498
2021,Citrus,0.8509763617677287,0.6314491264131552
2021,Clovis,0.909316427783903,0.7373208379272327
2021,Coalinga College,0.8917624521072797,0.6475095785440613
2021,Coastline,0.8595185995623632,0.7483588621444202
2021,Columbia,0.9192618223760092,0.7658592848904268
2021,Compton,0.7089285714285715,0.4583333333333333
2021,Contra Costa,0.8195488721804511,0.6466165413533834
2021,Copper Mountain College,0.9253521126760563,0.676056338028169
2021,Cosumnes River,0.8101288800145217,0.6438555091668179
2021,Crafton Hills,0.8836440168370415,0.6719783523752255
2021,Cuesta,0.8230527966544694,0.663617354939885
2021,Cuyamaca,0.8628450106157113,0.7006369426751592
2021,Cypress,0.8803589232303091,0.7178464606181456
2021,Deanza,0.8862810417928528,0.7486371895820715
2021,Desert,0.828546935276468,0.64466352336048
2021,Diablo Valley,0.8698322702575005,0.7244271202456887
2021,East LA,0.7936308198625496,0.5428322524441003
2021,El Camino,0.7874596122778675,0.6174273021001615
2021,Evergreen Valley,0.8024629303845188,0.6094496104548882
2021,Feather River,0.8903061224489796,0.6301020408163265
2021,Folsom Lake,0.8027170702894271,0.6580035440047254
2021,Foothill,0.8563762626262627,0.7124368686868687
2021,Fresno City,0.8725641025641026,0.6148717948717949
2021,Fullerton,0.9913414146796323,0.8111096310110564
2021,Gavilan,0.8225659690627843,0.5655141037306642
2021,Glendale,0.9925198690977092,0.8176718092566619
2021,Golden West,0.8387096774193549,0.6810035842293907
2021,Grossmont,0.8310334253296535,0.6818460594909537
2021,Hartnell,0.8141393442622951,0.6133196721311476
2021,Imperial,0.765818858560794,0.5065136476426799
2021,Irvine,0.9,0.7537109375
2021,LA City,0.7285861713106295,0.5308565531475749
2021,LA Harbor,0.8022959183673469,0.6039540816326531
2021,LA ITV,nan,nan
2021,LA Mission,0.7886855241264559,0.5061564059900167
2021,LA Pierce,0.8381005276312136,0.6416273257428492
2021,LA Swest,0.7474066390041494,0.47769709543568467
2021,LA Trade,0.7433817250213492,0.5324508966695133
2021,LA Valley,0.8676728676728677,0.700947700947701
2021,Lake Tahoe,0.9237012987012987,0.7142857142857143
2021,Laney,0.7545284197376639,0.6495940037476577
2021,Las Positas,0.8667182263469967,0.7651456560969322
2021,Lassen,0.8213114754098361,0.6508196721311476
2021,Lemoore College,0.8642911296436695,0.6307808946171342
2021,Long Beach,0.7954309449636553,0.5784008307372793
2021,Los Medanos,0.8462301587301587,0.6924603174603174
2021,Madera,0.9057471264367816,0.6835249042145594
2021,Marin,0.8038277511961722,0.6609706083390294
2021,Mendocino,0.8414517669531996,0.6876790830945558
2021,Merced,0.7692617991125453,0.5582896329164986
2021,Merritt,0.8166666666666667,0.6927536231884058
2021,MiraCosta,0.9870326345364167,0.817592392478928
2021,Mission,0.8110544884359074,0.6840454723637789
2021,Modesto,0.8274849713406962,0.6927163427932336
2021,Monterey,0.7898014791747762,0.6111327364733359
2021,Moorpark,0.880162797708773,0.7310823032861019
2021,Moreno Valley,0.8494687131050768,0.6216056670602125
2021,Mt San Antonio,0.9892943478761368,0.7574536663980661
2021,Mt. San Jacinto,0.8542482777252465,0.6504119951371066
2021,Napa,0.8331775700934579,0.6481308411214953
2021,Norco College,0.8192403659550873,0.5619628500138619
2021,Ohlone,0.8704232049453162,0.7505943889681408
2021,Orange Coast,0.8130191813925389,0.6385742334994714
2021,Oxnard,0.8445318084345962,0.6483202287348105
2021,Palo Verde,0.8621212121212121,0.6272727272727273
2021,Palomar,0.987152034261242,0.7618184813045626
2021,Pasadena,0.7835125448028674,0.6161688570290721
2021,Porterville,0.8499170812603648,0.5978441127694859
2021,Redwoods,0.838405036726128,0.6322140608604407
2021,Reedley College,0.8322528363047001,0.5794165316045381
2021,Rio Hondo,0.8593081312410842,0.6422967189728959
2021,Riverside,0.7797087259821319,0.5606412923754742
2021,Sacramento City,0.8126766850171105,0.6473739026930516
2021,Saddleback,0.8999864296376713,0.7612973266386213
2021,San Bernardino,0.8111375709836967,0.5246382121267631
2021,San Diego City,0.8450840254973924,0.645933938574464
2021,San Diego Mesa,0.87459965508746,0.6892091648189209
2021,San Diego Miramar,0.8588552592148636,0.7174108480671262
2021,San Francisco,0.9947692882495797,0.7668597048384084
2021,San Joaquin Delta,0.9498666666666666,0.7114666666666667
2021,San Jose City,0.8182613768961493,0.6315635939323221
2021,San Mateo,0.9433026222537207,0.7629340892983699
2021,Santa Ana,0.7444763029178614,0.5584415584415584
2021,Santa Barbara,0.8849956634865568,0.6681699913269731
2021,Santa Monica,0.8995948564382596,0.6927074158886736
2021,Santa Rosa,0.834358460878272,0.6631383206980404
2021,Santiago Canyon,0.8367574810183117,0.6985261277355963
2021,Sequoias,0.9252475247524753,0.7070957095709571
2021,Shasta,0.8564692012967875,0.6707928087238432
2021,Sierra,0.8398244651673067,0.6656061437191443
2021,Siskiyous,0.9027552674230146,0.6790923824959482
2021,Skyline,0.9479816895547233,0.7698709945900957
2021,Solano,0.8500831551437396,0.6901876930387265
2021,Southwestern,0.8068337129840547,0.6402050113895217
2021,Taft,0.8161971830985916,0.5802816901408451
2021,Ventura,0.8656237464901725,0.698154833533895
2021,Victor Valley,0.8963119072708113,0.5947312961011592
2021,West LA,0.835812356979405,0.629862700228833
2021,West Valley,0.8431080678773445,0.6984221494492409
2021,Woodland,0.8239316239316239,0.6142450142450142
2021,Yuba,0.8135593220338984,0.6228813559322034
2022,Alameda,0.7162162162162162,0.5540540540540541
2022,Allan Hancock,0.7912087912087912,0.5859247135842881
2022,American River,0.803030303030303,0.6601181304571135
2022,Antelope Valley,0.8778732760343794,0.6514091545072956
2022,Bakersfield,0.788782816229117,0.5499023649381645
2022,Barstow,0.8731343283582089,0.6248303934871099
2022,Berkeley City,0.7917304747320061,0.6375701888718734
2022,Butte,0.8394994559303591,0.6536996735582155
2022,Cabrillo,0.8618371919342793,0.6504854368932039
2022,Canada,0.8888888888888888,0.6483739837398373
2022,Canyons,0.8331724581724582,0.675032175032175
2022,Cerritos,0.7471758349705304,0.5331532416502947
2022,Cerro Coso,0.8040737148399612,0.6770126091173618
2022,Chabot Hayward,0.80005005005005,0.6221221221221221
2022,Chaffey,0.9058748539254223,0.6105386168065441
2022,Citrus,0.8464022140221402,0.6273062730627307
2022,Clovis,0.8920980926430517,0.6863760217983651
2022,Coalinga College,0.9018518518518519,0.687962962962963
2022,Coastline,0.8802521008403361,0.7447478991596639
2022,Columbia,0.7982283464566929,0.6200787401574803
2022,Compton,0.6917850525015442,0.43421865348980854
2022,Contra Costa,0.7908611599297012,0.609402460456942
2022,Copper Mountain College,0.8423493044822257,0.6460587326120556
2022,Cosumnes River,0.8138836772983115,0.6444652908067542
2022,Crafton Hills,0.8767772511848341,0.6620488516223113
2022,Cuesta,0.8146843673801137,0.6483337848821458
2022,Cuyamaca,0.8429458740017747,0.6650399290150842
2022,Cypress,0.8585024241335967,0.657927814688454
2022,Deanza,0.9027581329561527,0.7708628005657708
2022,Desert,0.8467039106145251,0.6015642458100559
2022,Diablo Valley,0.8407909747750032,0.6921029281277729
2022,East LA,0.7994182664339733,0.5189063408958697
2022,El Camino,0.8048095291605798,0.6220923699292056
2022,Evergreen Valley,0.8125744934445769,0.6263408820023838
2022,Feather River,0.9145527369826435,0.7169559412550067
2022,Folsom Lake,0.8180032733224223,0.679214402618658
2022,Foothill,0.8591597796143251,0.6990358126721763
2022,Fresno City,0.8832194991295031,0.6110887906789876
2022,Fullerton,0.8844903152834723,0.6926339601300721
2022,Gavilan,0.8134290107637109,0.566376217324449
2022,Glendale,0.9916441386089948,0.8267387564512165
2022,Golden West,0.8426208097518503,0.6571615150195907
2022,Grossmont,0.8065673784317244,0.6339493988874932
2022,Hartnell,0.8241227148560621,0.6190376129438958
2022,Imperial,0.7597095042627092,0.5165772023997474
2022,Irvine,0.8962558502340093,0.7291341653666147
2022,LA City,0.7345213616632397,0.48275074251770617
2022,LA Harbor,0.7733423545331529,0.5825439783491204
2022,LA ITV,nan,nan
2022,LA Mission,0.7967953386744355,0.5240349599417334
2022,LA Pierce,0.8408668730650155,0.635139318885449
2022,LA Swest,0.7749029754204398,0.4553686934023286
2022,LA Trade,0.7505871301080319,0.5133865664631282
2022,LA Valley,0.8716286849257788,0.6757265314656073
2022,Lake Tahoe,0.8929663608562691,0.6957186544342507
2022,Laney,0.7830310880829016,0.6826424870466321
2022,Las Positas,0.8199013157894737,0.6899671052631579
2022,Lassen,0.8245877061469266,0.6941529235382309
2022,Lemoore College,0.8723404255319149,0.6466565349544073
2022,Long Beach,0.7866543523435696,0.5507965827753406
2022,Los Medanos,0.7984038861901457,0.6332408049965302
2022,Madera,0.9251883745963402,0.6846071044133477
2022,Marin,0.7939214232765011,0.647887323943662
2022,Mendocino,0.8223443223443223,0.6703296703296703
2022,Merced,0.7827310106037654,0.5617831638173556
2022,Merritt,0.7871759890859482,0.6186903137789904
2022,MiraCosta,0.790271760535644,0.6234738085860575
2022,Mission,0.8322274881516588,0.6464454976303318
2022,Modesto,0.7261852502194908,0.5421422300263389
2022,Monterey,0.7975943591870593,0.634176690170054
2022,Moorpark,0.8749567623659633,0.7274299550328606
2022,Moreno Valley,0.8552423186569528,0.6034209692746278
2022,Mt San Antonio,0.8216721158337226,0.5688930406352172
2022,Mt. San Jacinto,0.845632333767927,0.6432855280312908
2022,Napa,0.7952755905511811,0.6480920654149
2022,Norco College,0.8095238095238095,0.5670731707317073
2022,Ohlone,0.8498575498575499,0.7273504273504273
2022,Orange Coast,0.8096564531104921,0.6429897864438254
2022,Oxnard,0.8542753914090727,0.6756322761942994
2022,Palo Verde,0.8717504332755632,0.6568457538994801
2022,Palomar,0.8915321909831975,0.6464814506737647
2022,Pasadena,0.7978571428571428,0.6260714285714286
2022,Porterville,0.849128127369219,0.6194086429112965
2022,Redwoods,0.8687335092348285,0.674802110817942
2022,Reedley College,0.8501904358865848,0.5632670334320778
2022,Rio Hondo,0.739076376554174,0.5122557726465364
2022,Riverside,0.7741854321298276,0.5444710026418418
2022,Sacramento City,0.8002296211251435,0.6486796785304249
2022,Saddleback,0.8900077459333849,0.72285050348567
2022,San Bernardino,0.8063104560110548,0.5170428374021189
2022,San Diego City,0.8460850111856824,0.6364653243847874
2022,San Diego Mesa,0.8623366013071896,0.6699346405228758
2022,San Diego Miramar,0.8577391304347826,0.7147826086956521
2022,San Francisco,0.834043897047213,0.6137691457445129
2022,San Joaquin Delta,0.9087153518123667,0.6449893390191898
2022,San Jose City,0.807855626326964,0.6263269639065817
2022,San Mateo,0.8793814432989691,0.7
2022,Santa Ana,0.7268573698847834,0.5097338100913786
2022,Santa Barbara,0.8831615120274914,0.6666666666666666
2022,Santa Monica,0.9027032604209657,0.6814898885678911
2022,Santa Rosa,0.8400198117880139,0.6404160475482912
2022,Santiago Canyon,0.815403422982885,0.6650366748166259
2022,Sequoias,0.8464033018867925,0.6022995283018868
2022,Shasta,0.895491191400418,0.7199163929531204
2022,Sierra,0.8484848484848485,0.6876363636363636
2022,Siskiyous,0.9183359013867488,0.6517719568567026
2022,Skyline,0.8806624452021432,0.6892352654651729
2022,Solano,0.8475975975975976,0.6724224224224224
2022,Southwestern,0.8141592920353983,0.6168020366104983
2022,Taft,0.8119227539882452,0.5860621326616289
2022,Ventura,0.8759511182845284,0.6979478902467143
2022,Victor Valley,0.8569449940641076,0.5898298377522754
2022,West LA,0.8057921635434412,0.5986371379897786
2022,West Valley,0.8259705488621151,0.6653279785809906
2022,Woodland,0.840843023255814,0.6409883720930233
2022,Yuba,0.8237373737373738,0.6257575757575757
2023,Alameda,0.6764346764346765,0.5177045177045178
2023,Allan Hancock,0.8350012204051745,0.6224066390041494
2023,American River,0.8318921668362157,0.6742115971515769
2023,Antelope Valley,0.8970588235294118,0.668482207697894
2023,Bakersfield,0.8007481069245507,0.5633610072073716
2023,Barstow,0.8679464805119256,0.6026759744037231
2023,Berkeley City,0.784,0.6453333333333333
2023,Butte,0.8612162503154176,0.6833207166288165
2023,Cabrillo,0.8598654708520179,0.6473094170403587
2023,Canada,0.8290598290598291,0.6387464387464388
2023,Canyons,0.8528810092055915,0.69399931810433
2023,Cerritos,0.7793328668066247,0.552484254723583
2023,Cerro Coso,0.8361408882082695,0.664624808575804
2023,Chabot Hayward,0.802290950744559,0.6174112256586484
2023,Chaffey,0.9080719693245501,0.6072165962048963
2023,Citrus,0.8730190979276716,0.6698496546119463
2023,Clovis,0.9164029535864979,0.6875
2023,Coalinga College,0.8920634920634921,0.6841269841269841
2023,Coastline,0.8907178783721994,0.7718335619570188
2023,Columbia,0.830948121645796,0.6726296958855098
2023,Compton,0.6891133557800224,0.43153759820426485
2023,Contra Costa,0.8118452860596294,0.628525382755842
2023,Copper Mountain College,0.893048128342246,0.6697860962566845
2023,Cosumnes River,0.8299839943090876,0.666725947003379
2023,Crafton Hills,0.8932139166379607,0.6985876679297278
2023,Cuesta,0.8571428571428571,0.6769741886020956
2023,Cuyamaca,0.8601676224084693,0.659020732245258
2023,Cypress,0.8536842105263158,0.6217543859649123
2023,Deanza,0.9096334185848253,0.7580562659846547
2023,Desert,0.8393316195372751,0.6435304198800342
2023,Diablo Valley,0.8386536663550154,0.6954721517296647
2023,East LA,0.7981885988279169,0.5102823654768247
2023,El Camino,0.8081507896077432,0.6304635761589404
2023,Evergreen Valley,0.849983181971073,0.6468213925327951
2023,Feather River,0.8974719101123596,0.7050561797752809
2023,Folsom Lake,0.8228289282602381,0.6871914028463549
2023,Foothill,0.8642803877703207,0.703206562266965
2023,Fresno City,0.9042987512007685,0.6349663784822286
2023,Fullerton,0.8102708665277607,0.6270376271601912
2023,Gavilan,0.8212017586712261,0.5696140693698095
2023,Glendale,0.9041246160596753,0.7360684510750329
2023,Golden West,0.8301013662406347,0.6522697223446452
2023,Grossmont,0.8462988348183688,0.681117203564085
2023,Hartnell,0.8500974658869396,0.6639376218323587
2023,Imperial,0.7762063227953411,0.5590682196339434
2023,Irvine,0.8996848739495799,0.729516806722689
2023,LA City,0.7214749536178108,0.4719387755102041
2023,LA Harbor,0.8074804291098869,0.6042331110466802
2023,LA ITV,nan,nan
2023,LA Mission,0.8157401623985009,0.5012492192379763
2023,LA Pierce,0.8378228269925021,0.6038600388780894
2023,LA Swest,0.7643821910955477,0.4442221110555278
2023,LA Trade,0.7586206896551724,0.49518845228548514
2023,LA Valley,0.8729139922978177,0.6568861177333578
2023,Lake Tahoe,0.8968668407310705,0.674934725848564
2023,Laney,0.7610062893081762,0.633284954039671
2023,Las Positas,0.801045751633987,0.6674509803921569
2023,Lassen,0.8516129032258064,0.7096774193548387
2023,Lemoore College,0.8943148688046647,0.6909620991253644
2023,Long Beach,0.7839224629418472,0.5303116685670848
2023,Los Medanos,0.8467457518435396,0.6694453350432831
2023,Madera,0.9227756015668719,0.6524902070509233
2023,Marin,0.8205285802089736,0.6551936078672403
2023,Mendocino,0.8480263157894737,0.6388157894736842
2023,Merced,0.8202707516921981,0.5892411827573922
2023,Merritt,0.7745253164556962,0.625
2023,MiraCosta,0.8184329978290902,0.6599565818038287
2023,Mission,0.8541666666666666,0.6828231292517006
2023,Modesto,0.7764373437669818,0.578524073470275
2023,Monterey,0.815690304898938,0.6125385405960946
2023,Moorpark,0.8694282564183335,0.7086155300047251
2023,Moreno Valley,0.8646379853095488,0.6183105981112277
2023,Mt San Antonio,0.8189300411522634,0.5676543209876543
2023,Mt. San Jacinto,0.8611634129422258,0.6582102863938163
2023,Napa,0.8384918401800788,0.6122678671918964
2023,Norco College,0.8379746835443038,0.5658227848101266
2023,Ohlone,0.859392575928009,0.7111923509561305
2023,Orange Coast,0.8068333086821476,0.6351131489424642
2023,Oxnard,0.8602341255764455,0.6796736431358638
2023,Palo Verde,0.839546191247974,0.6094003241491086
2023,Palomar,0.910309996516893,0.6725879484500175
2023,Pasadena,0.816019818331957,0.6364161849710983
2023,Porterville,0.8499665103817816,0.6282652377762894
2023,Redwoods,0.8813038130381304,0.6777367773677737
2023,Reedley College,0.8826969384244926,0.5720674234606123
2023,Rio Hondo,0.79293498684705,0.5531754979331078
2023,Riverside,0.8006918870661757,0.5588661979689766
2023,Sacramento City,0.8400381618699316,0.6794402925743361
2023,Saddleback,0.8780636322119044,0.7063479981732379
2023,San Bernardino,0.822604951560818,0.5410118406889128
2023,San Diego City,0.8672566371681416,0.6564762670957361
2023,San Diego Mesa,0.8702238906019574,0.6913795414934978
2023,San Diego Miramar,0.8950437317784257,0.7350178166504697
2023,San Francisco,0.8032434221413205,0.606983286447129
2023,San Joaquin Delta,0.9067714631197098,0.6363966142684402
2023,San Jose City,0.7933521480087802,0.5722797115083098
2023,San Mateo,0.8471651602300739,0.657354149548069
2023,Santa Ana,0.7184398398049799,0.5122758140344768
2023,Santa Barbara,0.8835374149659864,0.6492517006802722
2023,Santa Monica,0.830035139633808,0.6188274459034585
2023,Santa Rosa,0.8562391269966788,0.6730982128736359
2023,Santiago Canyon,0.8255306775225356,0.6292526897353882
2023,Sequoias,0.8608868299139643,0.6289874255459961
2023,Shasta,0.8786144578313253,0.6825301204819277
2023,Sierra,0.8730343622597554,0.7113570180547466
2023,Siskiyous,0.9077340569877883,0.6852103120759837
2023,Skyline,0.847044233154196,0.683753617197189
2023,Solano,0.8535160638058863,0.7011907436531116
2023,Southwestern,0.8244232475598935,0.6052573203194321
2023,Taft,0.8364444444444444,0.6017777777777777
2023,Ventura,0.8796992481203008,0.6909164803901646
2023,Victor Valley,0.8517805582290664,0.5983317292268207
2023,West LA,0.8054426024397873,0.6027525805442603
2023,West Valley,0.8115755627009646,0.6488745980707395
2023,Woodland,0.8320802005012531,0.6071428571428571
2023,Yuba,0.8655394524959742,0.6557971014492754
