year,school.name,ope6_id,aid.ftft_pell_grant_rate,aid.ftft_federal_loan_rate,aid.pell_grant_rate,aid.federal_loan_rate,aid.loan_principal,aid.median_debt.pell_grant,aid.median_debt.no_pell_grant,aid.median_debt.first_generation_students,aid.median_debt.non_first_generation_students,student.demographics.race_ethnicity.white,student.demographics.race_ethnicity.black,student.demographics.race_ethnicity.hispanic,student.demographics.race_ethnicity.asian,student.demographics.race_ethnicity.aian,student.demographics.race_ethnicity.nhpi,student.demographics.race_ethnicity.two_or_more,student.demographics.race_ethnicity.non_resident_alien,student.demographics.race_ethnicity.unknown,student.demographics.men,student.demographics.women,student.demographics.student_faculty_ratio,student.demographics.faculty.race_ethnicity.two_or_more,student.demographics.faculty.race_ethnicity.aian,student.demographics.faculty.race_ethnicity.asian,student.demographics.faculty.race_ethnicity.black,student.demographics.faculty.race_ethnicity.hispanic,student.demographics.faculty.race_ethnicity.nhpi,student.demographics.faculty.race_ethnicity.non_resident_alien,student.demographics.faculty.race_ethnicity.unknown,student.demographics.faculty.race_ethnicity.white,student.demographics.faculty.men,student.demographics.faculty.women,student.enrollment.undergrad_12_month,cost.avg_net_price.public,cost.net_price.public.by_income_level.0-30000,cost.net_price.public.by_income_level.30001-48000,cost.net_price.public.by_income_level.48001-75000,cost.net_price.public.by_income_level.75001-110000,cost.net_price.public.by_income_level.110001-plus,cost.title_iv.public.by_income_level.0-30000,cost.title_iv.public.by_income_level.30001-48000,cost.title_iv.public.by_income_level.48001-75000,cost.title_iv.public.by_income_level.75001-110000,cost.title_iv.public.by_income_level.110001-plus,cost.attendance.academic_year,cost.tuition.in_state,cost.tuition.out_of_state,cost.booksupply,cost.roomboard.oncampus,cost.otherexpense.oncampus,cost.roomboard.offcampus,cost.otherexpense.offcampus,cost.otherexpense.withfamily,admissions.admission_rate.overall,aid.median_debt.income.0_30000,aid.median_debt.income.30001_75000,aid.median_debt.income.greater_than_75000
2012,University of California-Berkeley,001312,0.2441,0.2897,0.333,0.3181,13117.0,13008.0,13600.0,13000.0,13387.0,0.2977,0.0244,0.1288,0.3608,0.0026,0.0029,0.037,0.1066,0.0392,0.4765,0.5235,17.0,,,,,,,,,,,,28774.0,14015.0,8024.0,9835.0,14366.0,21223.0,29137.0,520.0,262.0,232.0,126.0,213.0,32445.0,12874.0,35752.0,1213.0,15304.0,3497.0,10281.0,4121.0,9682.0,0.2161,12051.5,13215.5,15000.0
2012,University of California-Davis,001313,0.421,0.4902,0.4268,0.4616,12300.0,12849.0,11000.0,12833.0,11815.5,0.324,0.0226,0.1639,0.3708,0.003,0.0047,0.0417,0.0426,0.0266,0.4476,0.5524,17.0,,,,,,,,,,,,27171.0,13932.0,9374.0,10575.0,13932.0,20829.0,27381.0,1062.0,535.0,466.0,315.0,332.0,30771.0,13877.0,36755.0,1602.0,13503.0,3186.0,8247.0,4162.0,9280.0,0.4826,11667.0,13000.0,12081.0
2012,University of California-Irvine,001314,0.4487,0.5092,0.4001,0.4443,14500.0,13666.0,15000.0,13396.0,14999.5,0.1854,0.0204,0.1971,0.4715,0.0017,0.0033,0.0376,0.0589,0.024,0.4575,0.5425,19.0,,,,,,,,,,,,23765.0,13358.0,8456.0,10124.0,14044.0,21531.0,26875.0,1251.0,652.0,593.0,363.0,360.0,28781.0,13122.0,36000.0,1567.0,11706.0,3633.0,9635.0,4605.0,8824.0,0.4746,12499.5,14544.0,15439.0
2012,University of California-Los Angeles,001315,0.3152,0.3854,0.3617,0.3868,13300.0,13740.0,12500.0,13300.0,13306.0,0.2968,0.0287,0.1752,0.3235,0.0018,0.0034,0.0413,0.1036,0.0256,0.4516,0.5484,16.0,,,,,,,,,,,,29421.0,14437.0,8227.0,9977.0,13639.0,21375.0,27910.0,957.0,491.0,455.0,341.0,455.0,31216.0,12692.0,35570.0,1521.0,14232.0,3487.0,10336.0,4375.0,9218.0,0.2711,12050.0,14148.0,14950.0
2012,University of California-Riverside,001316,0.5907,0.5775,0.5678,0.5662,15000.0,15000.0,15000.0,14986.0,15147.0,0.1516,0.0574,0.3481,0.3658,0.002,0.0043,0.0279,0.0235,0.0194,0.4823,0.5177,19.0,,,,,,,,,,,,19795.0,11429.0,8164.0,8961.0,11395.0,18965.0,26309.0,1119.0,615.0,518.0,266.0,214.0,28809.0,12960.0,35838.0,1784.0,13240.0,3613.0,8890.0,4287.0,8621.0,0.6816,14000.0,15458.0,16500.0
2012,University of California-San Diego,001317,0.4585,0.5343,0.4608,0.5093,15855.0,16900.0,14463.5,16515.0,15264.0,0.2409,0.0121,0.1574,0.4246,0.0019,0.0041,0.041,0.087,0.031,0.5061,0.4939,19.0,,,,,,,,,,,,24835.0,12918.0,9040.0,10488.0,14077.0,20116.0,26764.0,931.0,392.0,332.0,192.0,202.0,29194.0,13217.0,36095.0,1474.0,11923.0,3414.0,9764.0,4517.0,9056.0,0.3535,16334.0,16500.0,15000.0
2012,University of California-San Francisco,001319,,,,,5500.0,,,5500.0,5625.0,,,,,,,,,,,,,,,,,,,,,,,,,,,,,,,,,,,,,,,,,,,,,,6000.0,,
2012,University of California-Santa Barbara,001320,0.3893,0.4905,0.3718,0.452,14222.0,14323.5,14000.0,14500.0,14000.0,0.4203,0.022,0.2424,0.1712,0.0015,0.0009,0.0756,0.0291,0.0369,0.4719,0.5281,17.0,,,,,,,,,,,,20236.0,14042.0,8604.0,9406.0,13430.0,22065.0,29798.0,890.0,415.0,425.0,243.0,322.0,31603.0,13671.0,36549.0,1428.0,13275.0,3693.0,9907.0,4147.0,9294.0,0.4631,13466.0,14350.0,15000.0
2012,University of California-Santa Cruz,001321,0.4218,0.5941,0.4074,0.5449,15000.0,15533.0,15000.0,15489.0,15000.0,0.3949,0.0194,0.2753,0.2065,0.0032,0.0019,0.059,0.0029,0.0369,0.4689,0.5311,18.0,,,,,,,,,,,,16977.0,16871.0,10720.0,12205.0,16135.0,23766.0,31217.0,824.0,454.0,436.0,292.0,383.0,32914.0,13416.0,36294.0,1406.0,14861.0,3612.0,10241.0,4400.0,9463.0,0.6729,15008.0,15485.5,15000.0
2012,University of California-Merced,041271,0.589,0.6321,0.5822,0.5871,11600.0,11000.0,12700.0,11000.0,12250.0,0.1734,0.0657,0.3979,0.2802,0.0029,0.0066,0.0394,0.0151,0.0186,0.5017,0.4983,21.0,,,,,,,,,,,,5136.0,12965.0,8625.0,9405.0,13407.0,20263.0,27502.0,492.0,220.0,197.0,155.0,117.0,30278.0,13070.0,35948.0,1398.0,14272.0,3872.0,7109.0,4629.0,9283.0,0.7996,9972.0,12000.0,14733.0
2013,University of California-Berkeley,001312,0.2682,0.2898,0.3237,0.3021,13000.0,13000.0,13205.5,12913.0,13209.0,0.2857,0.0221,0.132,0.3494,0.0012,0.0028,0.0453,0.1313,0.0304,0.4813,0.5187,17.0,0.0055,0.001,0.1217,0.0221,0.0446,0.0013,0.2168,0.0827,0.5042,0.3659,0.6341,28662.0,13769.0,8506.0,9752.0,13944.0,21066.0,28596.0,580.0,252.0,239.0,153.0,196.0,32715.0,12864.0,35742.0,1226.0,15482.0,3747.0,10391.0,4378.0,10001.0,0.18,11731.0,13500.0,14801.0
2013,University of California-Davis,001313,0.3674,0.443,0.4297,0.4467,12179.5,12666.0,11000.0,12833.0,11667.0,0.3125,0.0211,0.172,0.3551,0.002,0.0048,0.0511,0.0618,0.0196,0.4365,0.5635,17.0,0.0026,0.0034,0.1701,0.0169,0.0493,0.0006,0.1558,0.0332,0.5682,0.3903,0.6097,27829.0,15054.0,9573.0,10786.0,13956.0,21835.0,28976.0,1019.0,487.0,529.0,370.0,412.0,31803.0,13895.0,36773.0,1620.0,13961.0,3590.0,8336.0,4576.0,9751.0,0.4521,11000.0,12833.0,13000.0
2013,University of California-Irvine,001314,0.4821,0.4551,0.432,0.4418,14515.0,14150.0,15000.0,13000.0,15000.0,0.1739,0.0187,0.2171,0.4371,0.0016,0.0042,0.0396,0.0894,0.0184,0.4568,0.5432,19.0,0.0031,0.004,0.2056,0.0192,0.0455,0.0027,0.1418,0.0089,0.5691,0.3894,0.6106,23882.0,11944.0,8096.0,9500.0,12970.0,20923.0,26800.0,1437.0,624.0,477.0,268.0,280.0,28980.0,13149.0,36027.0,1583.0,12073.0,3699.0,9737.0,5079.0,9346.0,0.4239,12551.0,14563.5,15500.0
2013,University of California-Los Angeles,001315,0.3076,0.3409,0.3624,0.374,13200.0,13864.0,12023.0,13000.0,13341.5,0.2859,0.0261,0.1842,0.3099,0.0012,0.0036,0.0482,0.1176,0.0234,0.4472,0.5528,16.0,0.0021,0.0026,0.2063,0.0211,0.0455,0.0007,0.1528,0.0201,0.5487,0.3577,0.6423,30180.0,13723.0,8883.0,9579.0,13645.0,20789.0,27167.0,947.0,426.0,398.0,258.0,339.0,31474.0,12697.0,35575.0,1536.0,14453.0,3730.0,10446.0,4620.0,9517.0,0.2199,11900.0,14493.0,14500.0
2013,University of California-Riverside,001316,0.5574,0.5629,0.564,0.5688,15500.0,15668.5,15000.0,15000.0,16000.0,0.1442,0.0487,0.3589,0.3615,0.0016,0.0039,0.0354,0.0315,0.0145,0.489,0.511,19.0,0.002,0.006,0.1791,0.0302,0.0543,0.0,0.16,0.0101,0.5584,0.3541,0.6459,19930.0,11473.0,7651.0,8448.0,10949.0,18356.0,26614.0,1144.0,631.0,566.0,276.0,309.0,29787.0,12960.0,35838.0,1802.0,13509.0,3967.0,8985.0,4648.0,9031.0,0.62,15000.0,15773.0,17110.0
2013,University of California-San Diego,001317,0.2991,0.4035,0.4274,0.4731,16500.0,17883.0,13934.0,17400.0,16113.5,0.2357,0.0119,0.1581,0.4011,0.0013,0.0041,0.0476,0.1181,0.0222,0.5154,0.4846,19.0,0.0009,0.0021,0.1428,0.015,0.0469,0.0006,0.2543,0.0053,0.5323,0.3425,0.6575,24443.0,14421.0,8861.0,10054.0,13383.0,20777.0,26913.0,684.0,369.0,388.0,296.0,315.0,29751.0,13271.0,36149.0,1489.0,11978.0,3732.0,9868.0,4847.0,9437.0,0.375,17100.0,17497.5,15000.0
2013,University of California-San Francisco,001319,,,,,6567.0,,,10000.0,6000.0,,,,,,,,,,,,,0.0031,0.0027,0.2078,0.0186,0.0357,0.0012,0.2084,0.0217,0.5008,0.4595,0.5405,,,,,,,,,,,,,,,,,,,,,,,6967.0,,
2013,University of California-Santa Barbara,001320,0.4091,0.4625,0.3798,0.438,13000.0,12902.0,13000.0,13300.0,12833.0,0.3965,0.0213,0.2481,0.1763,0.001,0.0007,0.0843,0.0397,0.032,0.4771,0.5229,17.0,0.0023,0.0046,0.0868,0.016,0.0563,0.0,0.1918,0.0091,0.6332,0.3402,0.6598,20557.0,14142.0,9546.0,10895.0,13985.0,21943.0,29089.0,1105.0,482.0,440.0,259.0,314.0,31913.0,13746.0,36624.0,1444.0,14115.0,4746.0,10012.0,5196.0,10401.0,0.4444,12250.0,13000.0,13833.0
2013,University of California-Santa Cruz,001321,0.5114,0.6167,0.4459,0.5586,15000.0,15500.0,15000.0,15157.0,15000.0,0.368,0.0201,0.3019,0.2047,0.0017,0.0015,0.0698,0.0108,0.0215,0.4678,0.5322,18.0,0.0064,0.0129,0.1211,0.018,0.0747,0.0013,0.076,0.0232,0.6662,0.4021,0.5979,16973.0,15107.0,9989.0,11280.0,14868.0,22432.0,30957.0,1038.0,561.0,493.0,288.0,345.0,33208.0,13397.0,36275.0,1420.0,14408.0,3928.0,10351.0,4723.0,9844.0,0.5991,15250.0,15000.0,15000.0
2013,University of California-Merced,041271,0.6253,0.5462,0.5977,0.5767,13500.0,13804.0,13000.0,11750.0,14907.0,0.1526,0.0629,0.4391,0.2534,0.0024,0.0069,0.0413,0.0283,0.0132,0.4854,0.5146,20.0,0.0064,0.0127,0.1433,0.0191,0.1019,0.0,0.1146,0.0096,0.5924,0.4076,0.5924,5677.0,11921.0,8670.0,9512.0,12710.0,19368.0,27522.0,527.0,240.0,220.0,100.0,88.0,30637.0,13160.0,36038.0,1405.0,14717.0,4217.0,7185.0,4981.0,9688.0,0.7551,12000.0,13000.0,15865.0
2014,University of California-Berkeley,001312,0.241,0.2459,0.3143,0.2698,12833.0,12935.5,12571.0,12500.0,13000.0,0.2758,0.0209,0.1384,0.3509,0.0016,0.0027,0.0471,0.1373,0.0254,0.4788,0.5212,17.0,,,,,,,,,,,,28919.0,13707.0,8607.0,9429.0,13192.0,20722.0,29196.0,556.0,254.0,230.0,141.0,197.0,33020.0,12972.0,35850.0,1229.0,15830.0,4325.0,10026.0,4673.0,10484.0,0.1602,11735.0,13500.0,14094.0
2014,University of California-Davis,001313,0.3741,0.4067,0.4284,0.4191,12000.0,12500.0,11000.0,12382.0,11989.0,0.2967,0.0209,0.1834,0.342,0.0017,0.0049,0.0539,0.0816,0.015,0.4238,0.5762,18.0,,,,,,,,,,,,28499.0,15514.0,10492.0,11625.0,14696.0,21513.0,29226.0,913.0,505.0,502.0,328.0,364.0,32638.0,13896.0,36774.0,1560.0,14316.0,3987.0,8201.0,5140.0,10148.0,0.4037,11000.0,12556.5,13000.0
2014,University of California-Irvine,001314,0.4658,0.4582,0.4536,0.4349,14697.5,14600.0,14899.0,13949.0,15000.0,0.1607,0.0178,0.2399,0.4071,0.0005,0.0041,0.041,0.1174,0.0115,0.461,0.539,19.0,,,,,,,,,,,,25001.0,12771.0,8532.0,9925.0,13344.0,20779.0,27710.0,1369.0,702.0,572.0,355.0,310.0,29759.0,13179.0,36057.0,1732.0,12638.0,4028.0,9335.0,5010.0,9692.0,0.3742,13999.0,14666.0,15000.0
2014,University of California-Los Angeles,001315,0.3151,0.3506,0.3588,0.3626,13967.0,14800.0,12000.0,13694.0,14000.0,0.2784,0.0279,0.1964,0.2997,0.0014,0.0032,0.0476,0.1259,0.0194,0.4432,0.5568,16.0,,,,,,,,,,,,30815.0,13399.0,8027.0,9526.0,12606.0,20360.0,28322.0,908.0,420.0,411.0,248.0,342.0,32074.0,12705.0,35583.0,1598.0,14511.0,4164.0,10138.0,4851.0,10232.0,0.1856,12000.0,15000.0,15000.0
2014,University of California-Riverside,001316,0.5534,0.545,0.5752,0.5538,16302.0,16500.0,15000.0,15721.0,16650.0,0.1384,0.0453,0.3616,0.3595,0.0018,0.0037,0.0382,0.0412,0.0103,0.4831,0.5169,19.0,,,,,,,,,,,,20018.0,13144.0,9678.0,10518.0,13013.0,19570.0,27091.0,1231.0,620.0,571.0,308.0,286.0,30174.0,13407.0,36285.0,1672.0,13381.0,4179.0,8577.0,4985.0,9686.0,0.5829,15698.0,16354.0,17500.0
2014,University of California-San Diego,001317,0.3233,0.3956,0.4006,0.4124,16500.0,17943.0,14115.0,17700.0,15833.0,0.2247,0.0117,0.1623,0.3849,0.0013,0.0034,0.0475,0.1473,0.0169,0.5249,0.4751,19.0,,,,,,,,,,,,25436.0,14136.0,8362.0,9832.0,12831.0,20286.0,26932.0,842.0,452.0,447.0,380.0,395.0,30092.0,13427.0,36305.0,1509.0,12254.0,4064.0,9650.0,5149.0,9926.0,0.3329,17417.0,17500.0,14988.5
2014,University of California-San Francisco,001319,,,,,6000.0,,,6000.0,6000.0,,,,,,,,,,,,,,,,,,,,,,,,,,,,,,,,,,,,,,,,,,,,,,6000.0,,
2014,University of California-Santa Barbara,001320,0.3568,0.4224,0.3806,0.423,13223.5,13712.0,12775.0,14000.0,13000.0,0.3654,0.0214,0.2534,0.1903,0.0011,0.001,0.0842,0.0563,0.0269,0.4746,0.5254,17.0,,,,,,,,,,,,20807.0,15755.0,10190.0,11353.0,14511.0,22816.0,30464.0,879.0,454.0,374.0,244.0,383.0,33826.0,13865.0,36743.0,1391.0,14523.0,4974.0,9368.0,5447.0,10863.0,0.3634,13315.0,13366.5,13000.0
2014,University of California-Santa Cruz,001321,0.4346,0.5432,0.4598,0.5458,15367.5,16778.0,14201.0,16177.0,15000.0,0.3465,0.0196,0.3155,0.2035,0.0015,0.0017,0.074,0.0216,0.016,0.4722,0.5278,18.0,,,,,,,,,,,,16497.0,16086.0,10862.0,12021.0,15297.0,23215.0,30853.0,790.0,357.0,344.0,226.0,287.0,33036.0,13397.0,36275.0,1438.0,14730.0,4661.0,9792.0,5430.0,10708.0,0.5572,16216.0,16524.0,15000.0
2014,University of California-Merced,041271,0.6358,0.5505,0.6152,0.5479,14500.0,14923.0,13500.0,14000.0,15000.0,0.1412,0.0574,0.456,0.2461,0.0024,0.0063,0.0435,0.0382,0.0088,0.4845,0.5155,20.0,,,,,,,,,,,,6146.0,12327.0,8720.0,9939.0,13532.0,20520.0,28159.0,567.0,284.0,276.0,118.0,90.0,31883.0,13160.0,36038.0,1419.0,15035.0,4386.0,6874.0,5263.0,10310.0,0.6718,13842.0,13750.0,16535.0
2015,University of California-Berkeley,001312,0.2622,0.2683,0.3114,0.2602,12500.0,12667.5,11900.0,12247.0,12550.0,0.2689,0.0212,0.1409,0.3527,0.0016,0.0026,0.0472,0.1371,0.0277,0.4795,0.5205,17.0,0.0093,0.0007,0.1175,0.0226,0.0463,0.0017,0.2243,0.0865,0.4912,0.3551,0.6449,29326.0,13197.0,7294.0,9353.0,12246.0,19285.0,28990.0,733.0,309.0,331.0,169.0,304.0,33989.0,13431.0,38139.0,1241.0,15847.0,4736.0,10126.0,5087.0,10971.0,0.1688,11122.0,12968.0,14000.0
2015,University of California-Davis,001313,0.3767,0.4095,0.4123,0.3933,12289.0,12833.0,11000.0,12500.0,12160.0,0.2832,0.0222,0.1872,0.3215,0.0018,0.0049,0.0524,0.1122,0.0147,0.4111,0.5889,18.0,0.0069,0.0028,0.1747,0.0157,0.0533,0.0008,0.1441,0.0273,0.5744,0.4165,0.5835,29568.0,15047.0,10045.0,11016.0,13965.0,21025.0,29270.0,1008.0,551.0,487.0,323.0,412.0,33265.0,13951.0,38659.0,1576.0,14571.0,4279.0,8283.0,5433.0,10506.0,0.3795,11055.0,12733.0,12882.0
2015,University of California-Irvine,001314,0.4263,0.4316,0.4602,0.4231,15000.0,14950.0,15000.0,14417.5,15000.0,0.1493,0.0185,0.2503,0.3731,0.0005,0.0039,0.0364,0.1572,0.0107,0.4624,0.5376,19.0,0.008,0.0046,0.2215,0.0215,0.0527,0.0013,0.1346,0.0131,0.5426,0.3928,0.6072,26027.0,13647.0,9054.0,10302.0,13672.0,21395.0,28086.0,1175.0,652.0,589.0,346.0,338.0,30796.0,13252.0,37960.0,1749.0,12947.0,4154.0,9428.0,5146.0,9888.0,0.3868,14499.0,15000.0,15000.0
2015,University of California-Los Angeles,001315,0.2997,0.3284,0.3524,0.3501,14367.0,15100.0,12500.0,13978.0,14585.5,0.2714,0.0299,0.2063,0.2937,0.0016,0.003,0.0485,0.1265,0.0191,0.4394,0.5606,16.0,0.0036,0.0027,0.2132,0.0228,0.049,0.0014,0.1493,0.0228,0.5352,0.3598,0.6402,31797.0,13454.0,7880.0,8889.0,12439.0,19557.0,28237.0,837.0,460.0,399.0,264.0,376.0,32594.0,12763.0,37471.0,1611.0,14832.0,4185.0,10238.0,4880.0,10329.0,0.1728,12302.0,15343.0,15000.0
2015,University of California-Riverside,001316,0.5193,0.5275,0.568,0.5378,16758.0,17000.0,15891.5,16292.5,17500.0,0.1321,0.0418,0.3627,0.3665,0.0015,0.0039,0.0404,0.0405,0.0104,0.4806,0.5194,22.0,0.0026,0.007,0.1912,0.0333,0.0667,0.0,0.1579,0.0228,0.5184,0.3649,0.6351,20033.0,11760.0,7831.0,8264.0,10888.0,17643.0,26492.0,1111.0,645.0,545.0,347.0,343.0,30946.0,13527.0,38235.0,1690.0,13800.0,4468.0,8662.0,5281.0,10044.0,0.556,16790.0,16336.0,17693.5
2015,University of California-San Diego,001317,0.3342,0.3739,0.3844,0.3909,16500.0,17759.0,15000.0,17243.5,16500.0,0.2144,0.0123,0.1558,0.3749,0.0012,0.0032,0.0474,0.1733,0.0175,0.5249,0.4751,19.0,0.0009,0.0026,0.1487,0.0156,0.0496,0.0003,0.2388,0.009,0.5346,0.3445,0.6555,26247.0,13816.0,8386.0,9823.0,13316.0,20696.0,27795.0,814.0,443.0,452.0,270.0,326.0,30842.0,13530.0,38238.0,1516.0,12071.0,4349.0,9746.0,5445.0,10284.0,0.3374,17333.0,17118.0,15000.0
2015,University of California-San Francisco,001319,,,,,5000.0,,,5962.0,5000.0,,,,,,,,,,,,,0.0059,0.002,0.2211,0.0213,0.0395,0.0011,0.1892,0.0255,0.4944,0.4798,0.5202,,,,,,,,,,,,,,,,,,,,,,,5000.0,,
2015,University of California-Santa Barbara,001320,0.3831,0.4144,0.3806,0.4025,14586.0,15000.0,13000.0,15000.0,14366.0,0.3454,0.0219,0.257,0.192,0.0013,0.0013,0.084,0.0706,0.0266,0.4718,0.5282,17.0,0.003,0.0074,0.0887,0.017,0.0547,0.0,0.187,0.0296,0.6127,0.3444,0.6556,21515.0,14748.0,9558.0,10879.0,14448.0,21500.0,30717.0,931.0,545.0,409.0,256.0,334.0,34493.0,13968.0,38676.0,1403.0,14594.0,5238.0,9461.0,5679.0,11163.0,0.3264,14666.0,15000.0,13812.0
2015,University of California-Santa Cruz,001321,0.4048,0.5156,0.4534,0.5256,16858.0,17780.0,14700.0,17360.0,16250.0,0.3301,0.0195,0.3116,0.2106,0.001,0.0023,0.0732,0.0355,0.0161,0.4748,0.5252,18.0,0.0049,0.0123,0.1221,0.0173,0.09,0.0,0.106,0.0259,0.6215,0.4069,0.5931,17209.0,17205.0,11523.0,12618.0,16164.0,24125.0,31789.0,830.0,456.0,415.0,277.0,365.0,34125.0,13461.0,38169.0,1448.0,14952.0,4903.0,9890.0,5680.0,11025.0,0.5029,17200.0,17700.0,15000.0
2015,University of California-Merced,041271,0.6195,0.5465,0.611,0.5493,15466.5,15301.0,15500.0,14747.0,15794.0,0.1275,0.0481,0.4847,0.2309,0.0022,0.0074,0.0385,0.0529,0.0079,0.4865,0.5135,18.0,0.0106,0.0106,0.1504,0.0211,0.1055,0.0,0.1425,0.0158,0.5435,0.4116,0.5884,6175.0,12999.0,9568.0,10467.0,13500.0,19184.0,28005.0,495.0,266.0,245.0,121.0,100.0,32361.0,13208.0,37916.0,1429.0,15646.0,4491.0,6943.0,5376.0,10488.0,0.6069,15000.0,14000.0,18201.5
2016,University of California-Berkeley,001312,0.2299,0.2408,0.3031,0.26,12643.0,13150.0,11172.5,12040.0,12996.0,0.2632,0.0196,0.1464,0.3542,0.0022,0.0016,0.0427,0.129,0.041,0.4833,0.5167,18.0,0.0122,0.001,0.124,0.0232,0.0516,0.0013,0.214,0.086,0.4866,0.3586,0.6414,29591.0,14468.0,8677.0,9522.0,13920.0,20858.0,29197.0,592.0,332.0,301.0,183.0,276.0,34924.0,13509.0,40191.0,1262.0,16389.0,5209.0,10540.0,5162.0,11227.0,0.1693,11105.5,13000.0,14000.0
2016,University of California-Davis,001313,0.3388,0.3835,0.3983,0.3683,12334.0,12778.0,11000.0,12167.0,12457.0,0.267,0.0227,0.202,0.3018,0.0018,0.0049,0.0518,0.1334,0.0145,0.4071,0.5929,20.0,0.0063,0.003,0.1691,0.0155,0.0583,0.0008,0.1623,0.0278,0.5569,0.4216,0.5784,30215.0,15309.0,10048.0,10813.0,14186.0,20416.0,29890.0,872.0,529.0,429.0,325.0,397.0,33904.0,14046.0,40728.0,1601.0,14838.0,4482.0,8606.0,5665.0,10907.0,0.4228,11056.0,12795.0,13000.0
2016,University of California-Irvine,001314,0.4085,0.402,0.4469,0.3999,15000.0,15000.0,15000.0,14903.0,15000.0,0.1433,0.0191,0.2633,0.3601,0.0004,0.0036,0.0368,0.1625,0.011,0.4695,0.5305,18.0,0.0077,0.0033,0.212,0.0224,0.0533,0.0016,0.1453,0.0195,0.5348,0.3871,0.6129,26991.0,13712.0,9280.0,10338.0,13820.0,21596.0,28096.0,1159.0,649.0,578.0,323.0,328.0,31198.0,13360.0,40042.0,1766.0,13429.0,4375.0,9814.0,5383.0,10290.0,0.4065,14389.5,15000.0,15000.0
2016,University of California-Los Angeles,001315,0.2975,0.3232,0.3457,0.3429,14544.0,15166.0,12864.0,14000.0,14700.0,0.2705,0.032,0.2172,0.2866,0.0019,0.0026,0.0505,0.1181,0.0206,0.4334,0.5666,17.0,0.0029,0.0026,0.2149,0.0257,0.053,0.0013,0.1502,0.0319,0.5175,0.3715,0.6285,31906.0,13572.0,7900.0,9093.0,12416.0,19939.0,28741.0,842.0,415.0,390.0,255.0,360.0,33078.0,12920.0,39602.0,1636.0,15069.0,4431.0,10667.0,5140.0,10765.0,0.1799,12393.0,15854.0,15000.0
2016,University of California-Riverside,001316,0.5279,0.5185,0.5605,0.5163,16530.0,16666.0,16076.5,15791.5,17361.0,0.124,0.0414,0.396,0.3461,0.0014,0.0045,0.0404,0.0361,0.0101,0.4679,0.5321,22.0,0.0039,0.0062,0.1933,0.0295,0.0644,0.0008,0.1685,0.0287,0.5047,0.368,0.632,19765.0,12645.0,8854.0,9639.0,11685.0,18190.0,26882.0,1023.0,639.0,538.0,325.0,317.0,31494.0,13581.0,40263.0,1716.0,14607.0,4487.0,9008.0,5317.0,10244.0,0.6634,16975.0,15522.5,17500.0
2016,University of California-San Diego,001317,0.2597,0.3214,0.3534,0.3534,16400.0,17000.0,15000.0,16418.5,16367.0,0.1991,0.0144,0.1668,0.3607,0.001,0.0029,0.0461,0.192,0.017,0.5197,0.4803,19.0,0.0014,0.0025,0.1561,0.0141,0.0547,0.0006,0.232,0.013,0.5257,0.35,0.65,27918.0,14775.0,8585.0,9541.0,13367.0,20277.0,27866.0,646.0,394.0,400.0,302.0,379.0,31043.0,13645.0,40327.0,1541.0,12545.0,4508.0,10131.0,5621.0,10626.0,0.3566,16367.0,17212.0,15100.0
2016,University of California-San Francisco,001319,,,,,6500.0,,,6500.0,6500.0,,,,,,,,,,,,,0.0084,0.0024,0.2267,0.0217,0.0424,0.0011,0.1876,0.0253,0.4844,0.4827,0.5173,,,,,,,,,,,,,,,,,,,,,,,6500.0,,
2016,University of California-Santa Barbara,001320,0.3884,0.3981,0.3853,0.3881,15000.0,15059.0,14391.0,15000.0,15000.0,0.3344,0.021,0.2623,0.1841,0.0011,0.0012,0.0847,0.0839,0.0274,0.4663,0.5337,18.0,0.0029,0.0065,0.0893,0.0174,0.0523,0.0,0.1866,0.0399,0.6049,0.3558,0.6442,21897.0,14900.0,9954.0,11076.0,14176.0,21037.0,31768.0,893.0,470.0,423.0,224.0,305.0,34998.0,14073.0,40755.0,1431.0,14015.0,5653.0,9855.0,6105.0,11765.0,0.3577,14700.0,15000.0,15000.0
2016,University of California-Santa Cruz,001321,0.3601,0.4685,0.4411,0.5065,17200.0,18366.0,14000.0,17733.0,16767.0,0.3204,0.0199,0.2987,0.2172,0.0011,0.0017,0.0785,0.0449,0.0175,0.4912,0.5088,18.0,0.0048,0.0133,0.1306,0.0181,0.081,0.0,0.1221,0.0302,0.5998,0.4135,0.5865,17380.0,16989.0,10290.0,11319.0,15083.0,23467.0,32215.0,591.0,372.0,377.0,239.0,344.0,34608.0,13539.0,40221.0,1470.0,15217.0,5182.0,10296.0,5972.0,11490.0,0.5785,18200.0,17500.0,15000.0
2016,University of California-Merced,041271,0.6403,0.5163,0.6107,0.5171,14000.0,13716.0,15000.0,12950.0,15339.0,0.1124,0.0462,0.5124,0.2125,0.0018,0.0073,0.0348,0.0663,0.0063,0.4901,0.5099,20.0,0.0131,0.0079,0.144,0.0157,0.123,0.0,0.1257,0.0157,0.555,0.4084,0.5916,6551.0,13031.0,9810.0,11244.0,13571.0,19866.0,28959.0,605.0,305.0,272.0,115.0,98.0,32984.0,13262.0,39944.0,1444.0,16100.0,4705.0,7205.0,5604.0,10886.0,0.7417,13500.0,13348.0,16875.0
2017,University of California-Berkeley,001312,0.1941,0.2041,0.2774,0.2372,12612.0,12402.0,13000.0,12300.0,13000.0,0.2573,0.0175,0.1547,0.3452,0.0014,0.0011,0.0578,0.1227,0.0422,0.4778,0.5222,18.0,0.0129,0.0016,0.1258,0.0241,0.0521,0.001,0.2178,0.0882,0.4765,0.361,0.639,31133.0,15430.0,8579.0,9869.0,13669.0,20214.0,31181.0,598.0,295.0,312.0,198.0,339.0,35767.0,14170.0,42184.0,891.0,17549.0,4379.0,13605.0,4581.0,11738.0,0.1711,12037.0,12446.0,13034.0
2017,University of California-Davis,001313,0.3332,0.3712,0.3852,0.3601,11468.0,11000.0,12232.0,11000.0,12167.0,0.2516,0.0221,0.2143,0.2839,0.0018,0.0043,0.0515,0.1568,0.0137,0.4067,0.5933,20.0,0.0054,0.0028,0.1635,0.0155,0.0589,0.0008,0.1624,0.0318,0.5589,0.4199,0.5801,31437.0,15769.0,10347.0,11203.0,14453.0,19461.0,29447.0,905.0,524.0,496.0,361.0,484.0,34428.0,14419.0,42433.0,1253.0,16136.0,3921.0,9792.0,4383.0,11385.0,0.4336,10888.0,11431.0,12500.0
2017,University of California-Irvine,001314,0.3777,0.3468,0.4234,0.364,14500.0,14254.0,15000.0,14000.0,15000.0,0.1396,0.0192,0.2643,0.3568,0.0005,0.003,0.0382,0.1675,0.0109,0.4734,0.5266,18.0,0.0066,0.0035,0.2136,0.0236,0.0539,0.0012,0.1411,0.0205,0.536,0.4019,0.5981,28947.0,13376.0,8546.0,10065.0,13182.0,20723.0,28567.0,1229.0,713.0,594.0,322.0,398.0,31976.0,13738.0,41752.0,1357.0,14861.0,3902.0,11897.0,4904.0,10904.0,0.3651,13600.0,14400.0,15000.0
2017,University of California-Los Angeles,001315,0.2992,0.3184,0.3378,0.3332,14385.0,14000.0,15000.0,13883.0,15000.0,0.2671,0.0342,0.2221,0.281,0.0018,0.0028,0.052,0.1173,0.0217,0.4263,0.5737,18.0,0.0044,0.0026,0.2166,0.0265,0.0539,0.0014,0.1473,0.0343,0.5131,0.3885,0.6115,33148.0,14309.0,8233.0,9559.0,12593.0,20215.0,29293.0,943.0,518.0,479.0,303.0,482.0,33751.0,13261.0,41275.0,1171.0,15441.0,4028.0,13207.0,4655.0,11303.0,0.161,13184.0,14833.0,15000.0
2017,University of California-Riverside,001316,0.5659,0.5109,0.5578,0.5032,15659.0,16000.0,15000.0,15392.0,17127.0,0.1195,0.0408,0.4045,0.3422,0.0016,0.0041,0.04,0.0367,0.0106,0.4624,0.5376,22.0,0.0058,0.0073,0.1879,0.0277,0.0685,0.0007,0.1712,0.0277,0.5033,0.3693,0.6307,21017.0,12344.0,8157.0,9196.0,11921.0,19131.0,28100.0,1483.0,842.0,778.0,402.0,410.0,32308.0,13917.0,41931.0,1316.0,15542.0,3888.0,10175.0,4625.0,10883.0,0.565,15750.0,15166.0,16803.0
2017,University of California-San Diego,001317,0.3074,0.3591,0.3427,0.3615,15000.0,16000.0,14500.0,15451.0,15000.0,0.1939,0.0154,0.1848,0.3461,0.0009,0.0026,0.0468,0.1941,0.0156,0.5091,0.4909,19.0,0.0018,0.0026,0.1581,0.0157,0.0574,0.0008,0.2246,0.0175,0.5215,0.3719,0.6281,29613.0,14628.0,8692.0,10152.0,13960.0,21190.0,28282.0,854.0,506.0,468.0,358.0,388.0,31794.0,14018.0,42032.0,1198.0,13115.0,3832.0,12652.0,4521.0,11063.0,0.3399,14829.0,16267.0,15000.0
2017,University of California-San Francisco,001319,,,,,,,,,,,,,,,,,,,,,,0.0084,0.0025,0.2355,0.0209,0.0483,0.001,0.1851,0.027,0.4713,0.5003,0.4997,,,,,,,,,,,,,,,,,,,,,,,,,
2017,University of California-Santa Barbara,001320,0.3334,0.3557,0.3653,0.3631,13010.0,13000.0,13331.0,13334.0,13000.0,0.3195,0.0226,0.2656,0.1816,0.0014,0.0011,0.0831,0.0985,0.0266,0.4585,0.5415,18.0,0.0049,0.007,0.0864,0.0153,0.0571,0.0,0.195,0.0564,0.578,0.3767,0.6233,22910.0,15801.0,10194.0,11822.0,14827.0,22094.0,30760.0,856.0,504.0,368.0,278.0,362.0,34990.0,14451.0,42465.0,1143.0,15169.0,5348.0,11825.0,5706.0,12450.0,0.3281,12659.0,13380.0,14164.0
2017,University of California-Santa Cruz,001321,0.3233,0.4336,0.3935,0.464,16200.0,17500.0,13500.0,16957.0,15000.0,0.3143,0.019,0.2839,0.2215,0.001,0.0019,0.0798,0.062,0.0166,0.4996,0.5004,19.0,0.0044,0.0121,0.1291,0.0188,0.0717,0.0011,0.128,0.0353,0.5993,0.4205,0.5795,17925.0,17884.0,10567.0,11966.0,15212.0,23701.0,32450.0,642.0,408.0,411.0,277.0,453.0,35315.0,14020.0,42034.0,1152.0,16055.0,4813.0,12199.0,5187.0,12008.0,0.5094,17348.0,16995.0,14747.0
2017,University of California-Merced,041271,0.6636,0.5341,0.6125,0.501,12750.0,12500.0,14000.0,12500.0,15000.0,0.1024,0.0461,0.5325,0.1982,0.0016,0.0068,0.0325,0.074,0.0058,0.4903,0.5097,20.0,0.0165,0.0071,0.1418,0.0142,0.1489,0.0,0.1324,0.0165,0.5225,0.4279,0.5721,7171.0,13226.0,10447.0,11456.0,14037.0,19921.0,28568.0,696.0,372.0,327.0,139.0,91.0,34331.0,13598.0,41612.0,1109.0,16790.0,4179.0,7987.0,4687.0,11303.0,0.6979,12000.0,12500.0,15000.0
2018,University of California-Berkeley,001312,0.195,0.2032,0.2676,0.218,12387.0,12024.0,13000.0,12000.0,13000.0,0.2487,0.0184,0.1524,0.351,0.0009,0.0012,0.0576,0.1297,0.04,0.4739,0.5261,20.0,0.0113,0.0013,0.1204,0.023,0.0521,0.001,0.2237,0.1084,0.4587,0.3642,0.6358,32309.0,14846.0,8043.0,9740.0,13750.0,20774.0,31177.0,652.0,314.0,276.0,180.0,323.0,36739.0,14184.0,43176.0,849.0,18222.0,4811.0,14246.0,5017.0,12441.0,0.1484,11906.0,12000.0,13000.0
2018,University of California-Davis,001313,0.325,0.3222,0.3822,0.3359,11334.0,11000.0,12256.0,11000.0,12235.0,0.2376,0.022,0.2239,0.2731,0.0018,0.004,0.0528,0.1712,0.0136,0.3963,0.6037,20.0,0.0065,0.0028,0.1643,0.016,0.0551,0.0008,0.1649,0.0355,0.5541,0.4229,0.5771,32197.0,14729.0,9629.0,10533.0,13895.0,17655.0,30156.0,898.0,500.0,481.0,300.0,402.0,35252.0,14402.0,43394.0,1136.0,15645.0,3994.0,10228.0,4467.0,11733.0,0.4107,11000.0,11500.0,12500.0
2018,University of California-Irvine,001314,0.3771,0.3687,0.4212,0.3464,14429.0,13979.0,15000.0,13900.0,15000.0,0.1341,0.0206,0.2604,0.3582,0.0008,0.003,0.0415,0.1699,0.0115,0.4861,0.5139,18.0,0.0086,0.0022,0.218,0.0213,0.0558,0.0011,0.136,0.0258,0.5311,0.4045,0.5955,30865.0,14604.0,9178.0,10423.0,14072.0,21023.0,28755.0,1227.0,707.0,618.0,367.0,536.0,32985.0,13700.0,42692.0,1363.0,15263.0,3935.0,12424.0,4968.0,11203.0,0.2876,13870.0,13765.0,15000.0
2018,University of California-Los Angeles,001315,0.2908,0.3075,0.3382,0.3169,14000.0,13500.0,14948.0,13500.0,15000.0,0.266,0.0342,0.2216,0.2795,0.0021,0.0026,0.055,0.1155,0.0236,0.4217,0.5783,18.0,0.0068,0.0021,0.2123,0.0272,0.0558,0.0008,0.1571,0.0441,0.4938,0.3942,0.6058,33160.0,14171.0,8636.0,9619.0,12786.0,19323.0,28665.0,900.0,425.0,390.0,263.0,421.0,33654.0,13226.0,42218.0,1450.0,15816.0,4128.0,13808.0,4772.0,11673.0,0.1404,12986.0,14000.0,15000.0
2018,University of California-Riverside,001316,0.5019,0.489,0.5386,0.475,15489.0,15500.0,15000.0,15000.0,17000.0,0.1142,0.0391,0.4103,0.3432,0.0016,0.0041,0.0394,0.0371,0.011,0.4579,0.5421,21.0,0.0102,0.0059,0.1068,0.0278,0.0541,0.0,0.3614,0.0351,0.3987,0.3702,0.6298,21540.0,12743.0,7817.0,9188.0,12215.0,18808.0,27948.0,1201.0,623.0,580.0,336.0,421.0,32843.0,13827.0,42819.0,1404.0,16017.0,3994.0,10618.0,4751.0,11252.0,0.5057,15319.0,15113.0,16430.0
2018,University of California-San Diego,001317,0.3609,0.3785,0.3629,0.3554,15000.0,15401.0,14500.0,15000.0,15000.0,0.194,0.0161,0.2012,0.3385,0.0009,0.0029,0.0465,0.1845,0.0156,0.5018,0.4982,19.0,0.0012,0.0024,0.1622,0.0151,0.0572,0.001,0.2334,0.0214,0.506,0.3725,0.6275,30143.0,13318.0,8452.0,9674.0,12898.0,19247.0,27508.0,1058.0,569.0,485.0,319.0,390.0,31891.0,14167.0,43159.0,1102.0,13651.0,3918.0,13215.0,4626.0,11418.0,0.3006,14500.0,15500.0,15000.0
2018,University of California-San Francisco,001319,,,,,,,,,,,,,,,,,,,,,,0.0106,0.0024,0.2372,0.0229,0.05,0.0012,0.1892,0.0282,0.4583,0.5024,0.4976,,,,,,,,,,,,,,,,,,,,,,,,,
2018,University of California-Santa Barbara,001320,0.3197,0.3609,0.3707,0.3452,13000.0,13000.0,13000.0,13000.0,12500.0,0.3066,0.0207,0.261,0.179,0.0012,0.001,0.0823,0.1234,0.0247,0.4559,0.5441,22.0,0.0055,0.0062,0.0831,0.0159,0.0589,0.0007,0.205,0.0713,0.5533,0.3781,0.6219,23559.0,16236.0,10733.0,11760.0,14984.0,21096.0,31436.0,761.0,384.0,328.0,227.0,343.0,35987.0,14391.0,43383.0,1157.0,15673.0,5438.0,12370.0,5808.0,12807.0,0.322,12500.0,13464.0,13000.0
2018,University of California-Santa Cruz,001321,0.3043,0.4006,0.3725,0.4232,15000.0,16394.0,13000.0,15500.0,14500.0,0.3035,0.019,0.276,0.2231,0.0008,0.0016,0.0803,0.0783,0.0174,0.516,0.484,19.0,0.0065,0.0109,0.1242,0.0207,0.085,0.0022,0.134,0.0403,0.5763,0.4325,0.5675,18534.0,17699.0,10601.0,11927.0,15559.0,22969.0,32852.0,598.0,342.0,378.0,258.0,374.0,35982.0,13960.0,42952.0,1089.0,16448.0,4720.0,12757.0,5102.0,12182.0,0.4737,16157.0,15500.0,14000.0
2018,University of California-Merced,041271,0.6651,0.5044,0.6434,0.478,12000.0,11869.0,14750.0,12000.0,14650.0,0.0963,0.045,0.543,0.1941,0.0013,0.0065,0.0321,0.0766,0.0051,0.4837,0.5163,20.0,0.0172,0.0022,0.1336,0.0108,0.1228,0.0,0.1616,0.0625,0.4892,0.4418,0.5582,7783.0,12253.0,9043.0,10506.0,13891.0,19060.0,28341.0,795.0,380.0,380.0,140.0,102.0,34517.0,13538.0,42530.0,1006.0,16814.0,4305.0,8318.0,4827.0,11695.0,0.6617,12000.0,11000.0,15100.0
2019,University of California-Berkeley,001312,0.2283,0.2264,0.2668,0.2176,12390.0,12034.0,12972.0,12007.0,12828.0,0.2396,0.0191,0.1609,0.3553,0.0011,0.0017,0.0586,0.1271,0.0366,0.4604,0.5396,19.0,0.0119,0.0009,0.1268,0.0238,0.0479,0.0003,0.2224,0.0548,0.5111,0.3893,0.6107,32700.0,15329.0,8392.0,9130.0,13081.0,21401.0,32504.0,664.0,363.0,322.0,179.0,378.0,37852.0,14253.0,44007.0,870.0,19105.0,5148.0,14771.0,5359.0,13025.0,0.1625,11952.0,11777.0,13000.0
2019,University of California-Davis,001313,0.3189,0.2965,0.3666,0.3027,11500.0,11002.0,12207.0,11000.0,12500.0,0.2303,0.0212,0.2317,0.2764,0.0015,0.0038,0.0551,0.1675,0.0125,0.3928,0.6072,20.0,0.0076,0.0025,0.169,0.0166,0.0599,0.0,0.1613,0.0405,0.5426,0.4462,0.5538,32863.0,14669.0,9842.0,10769.0,13578.0,17622.0,29734.0,960.0,547.0,516.0,324.0,423.0,34752.0,14495.0,44249.0,1158.0,15775.0,4507.0,10588.0,4856.0,12360.0,0.3887,11000.0,11300.0,12790.0
2019,University of California-Irvine,001314,0.3354,0.3217,0.3999,0.3202,14390.0,13933.0,15000.0,13700.0,15000.0,0.133,0.0199,0.2572,0.3606,0.0007,0.0025,0.0442,0.1703,0.0117,0.4786,0.5214,18.0,0.0087,0.0038,0.2279,0.0239,0.0569,0.001,0.1453,0.0305,0.5019,0.4204,0.5796,31386.0,14783.0,9558.0,10373.0,13648.0,19851.0,29841.0,923.0,555.0,491.0,341.0,405.0,33325.0,13727.0,43481.0,1390.0,16135.0,4111.0,12861.0,5184.0,11633.0,0.2654,13700.0,14000.0,15000.0
2019,University of California-Los Angeles,001315,0.2561,0.2695,0.3188,0.2929,14035.0,13830.0,14667.0,13549.0,14975.0,0.264,0.0337,0.2239,0.2787,0.0023,0.0023,0.0594,0.1104,0.0253,0.416,0.584,18.0,0.0087,0.0025,0.2106,0.029,0.0587,0.0011,0.1741,0.0409,0.4744,0.4038,0.5962,33703.0,14279.0,8553.0,9254.0,13081.0,19590.0,28745.0,754.0,388.0,373.0,237.0,377.0,34366.0,13240.0,42994.0,1463.0,16625.0,4465.0,14303.0,5126.0,12256.0,0.1232,13012.0,14071.0,15000.0
2019,University of California-Riverside,001316,0.5099,0.4521,0.5284,0.4496,15045.0,15018.0,15197.0,15000.0,16227.0,0.1149,0.0367,0.4129,0.3417,0.0013,0.0038,0.0397,0.0385,0.0104,0.4606,0.5394,22.0,0.0126,0.0063,0.1746,0.0335,0.0649,0.0,0.2263,0.0398,0.442,0.3799,0.6201,22286.0,12871.0,8366.0,9151.0,12290.0,18395.0,27805.0,1147.0,671.0,538.0,338.0,409.0,33368.0,13853.0,43607.0,1436.0,16082.0,4016.0,10986.0,4792.0,11512.0,0.5652,14500.0,15500.0,15787.0
2019,University of California-San Diego,001317,0.3449,0.3217,0.3652,0.3197,14988.0,15000.0,14500.0,14800.0,15000.0,0.1936,0.0169,0.2181,0.33,0.0008,0.0026,0.0486,0.1754,0.0141,0.4998,0.5002,19.0,0.0021,0.0026,0.1711,0.0161,0.0589,0.0007,0.2194,0.0203,0.5088,0.384,0.616,31840.0,14232.0,9280.0,9974.0,14071.0,20205.0,28058.0,1126.0,620.0,580.0,354.0,448.0,32434.0,14415.0,44169.0,1128.0,14271.0,4035.0,13681.0,4760.0,11779.0,0.3148,14667.0,15000.0,15000.0
2019,University of California-San Francisco,001319,,,,,,,,,,,,,,,,,,,,,,0.012,0.003,0.2384,0.0248,0.0509,0.0002,0.1982,0.0307,0.4419,0.512,0.488,,,,,,,,,,,,,,,,,,,,,,,,,
2019,University of California-Santa Barbara,001320,0.3299,0.3377,0.3573,0.3143,12500.0,12500.0,12500.0,12847.0,12000.0,0.3003,0.0197,0.2498,0.1729,0.0015,0.0013,0.0842,0.1476,0.0228,0.4544,0.5456,18.0,0.0066,0.0059,0.0857,0.0198,0.0554,0.0007,0.209,0.0692,0.5478,0.3823,0.6177,24638.0,15884.0,10316.0,11895.0,15343.0,22226.0,31226.0,879.0,453.0,369.0,234.0,353.0,36319.0,14391.0,44145.0,1184.0,15520.0,5670.0,12818.0,6045.0,13276.0,0.2956,12000.0,13000.0,12808.0
2019,University of California-Santa Cruz,001321,0.2838,0.3542,0.3488,0.3887,14666.0,15395.0,12859.0,15000.0,14000.0,0.3107,0.0175,0.2629,0.2189,0.0009,0.0011,0.0819,0.09,0.0162,0.521,0.479,25.0,0.0084,0.0105,0.1208,0.0179,0.0924,0.0011,0.1345,0.0305,0.584,0.4265,0.5735,18774.0,18186.0,10872.0,11793.0,15253.0,22739.0,32720.0,484.0,295.0,310.0,172.0,382.0,36115.0,13991.0,43745.0,1085.0,16951.0,5270.0,13216.0,5442.0,12755.0,0.5131,15320.0,15000.0,13500.0
2019,University of California-Merced,041271,0.6414,0.4832,0.6429,0.4751,12600.0,12353.0,14050.0,12250.0,14512.0,0.0894,0.0444,0.5551,0.1902,0.0009,0.0058,0.0305,0.0784,0.0053,0.4804,0.5196,19.0,0.0118,0.0039,0.1555,0.0138,0.1417,0.0,0.1516,0.0354,0.4862,0.4291,0.5709,8260.0,13896.0,10782.0,11565.0,14922.0,20450.0,29359.0,696.0,403.0,319.0,155.0,114.0,34569.0,13538.0,43292.0,1016.0,17046.0,4373.0,8595.0,4909.0,12005.0,0.7196,12700.0,11463.0,15502.0
2020,University of California-Berkeley,001312,0.2077,0.2026,0.2594,0.2032,12000.0,11211.0,12500.0,11250.0,12500.0,0.2184,0.0213,0.1867,0.3534,0.0008,0.0016,0.0589,0.126,0.0328,0.4604,0.5396,19.0,0.0114,0.0009,0.1225,0.0243,0.0483,0.0006,0.2419,0.053,0.497,0.4076,0.5924,33208.0,16032.0,8450.0,9999.0,13423.0,21601.0,33896.0,668.0,327.0,335.0,192.0,383.0,39016.0,14312.0,44066.0,1091.0,20530.0,5595.0,15638.0,5874.0,14084.0,0.1748,11000.0,11000.0,13000.0
2020,University of California-Davis,001313,0.3255,0.3199,0.3567,0.2904,11000.0,11000.0,12000.0,11000.0,12551.0,0.2166,0.0204,0.2403,0.2837,0.0015,0.0037,0.0563,0.1645,0.0131,0.3907,0.6093,20.0,0.0093,0.0018,0.1625,0.0173,0.063,0.0003,0.1939,0.0445,0.5074,0.4506,0.5494,33181.0,15768.0,10006.0,11598.0,14193.0,18728.0,30357.0,877.0,535.0,518.0,331.0,488.0,35532.0,14597.0,44351.0,1178.0,17238.0,4638.0,11050.0,5073.0,13260.0,0.4635,11000.0,11000.0,12204.0
2020,University of California-Irvine,001314,0.3811,0.2592,0.3866,0.2795,13820.0,13176.0,14998.0,13297.0,15000.0,0.1293,0.0197,0.2514,0.3746,0.0007,0.0023,0.0468,0.1634,0.0117,0.473,0.527,18.0,0.0105,0.002,0.2178,0.0233,0.0649,0.0003,0.1813,0.0315,0.4684,0.4339,0.5661,32111.0,12209.0,6540.0,8449.0,13275.0,20567.0,29802.0,1170.0,634.0,530.0,266.0,354.0,34355.0,13753.0,43507.0,1361.0,16677.0,4250.0,14034.0,5116.0,12466.0,0.2992,13000.0,13300.0,15000.0
2020,University of California-Los Angeles,001315,0.2512,0.2493,0.305,0.2694,12983.0,12500.0,13500.0,12500.0,13724.0,0.259,0.0317,0.2182,0.2894,0.0015,0.0019,0.0626,0.1032,0.0325,0.4142,0.5858,18.0,0.0115,0.0026,0.2089,0.0285,0.0581,0.0007,0.186,0.0501,0.4535,0.418,0.582,33641.0,15023.0,9037.0,9891.0,12644.0,20697.0,30321.0,726.0,381.0,363.0,222.0,386.0,35497.0,13249.0,43003.0,1314.0,17599.0,4625.0,15241.0,5284.0,13154.0,0.1433,11723.0,12538.0,14339.0
2020,University of California-Riverside,001316,0.4702,0.4162,0.515,0.4309,14944.0,14500.0,15000.0,14500.0,15034.0,0.1119,0.0353,0.4144,0.3469,0.0012,0.0035,0.0418,0.0353,0.0096,0.4628,0.5372,22.0,0.0122,0.0072,0.1718,0.0345,0.069,0.0,0.2416,0.0381,0.4256,0.3875,0.6125,23848.0,11822.0,6810.0,8193.0,11126.0,16887.0,26234.0,1089.0,630.0,570.0,335.0,447.0,30561.0,14024.0,43778.0,1520.0,16261.0,3717.0,11496.0,3147.0,10552.0,0.6578,13757.0,14750.0,15449.0
2020,University of California-San Diego,001317,0.3158,0.3186,0.3531,0.3142,14778.0,14837.0,13500.0,14799.0,14700.0,0.1907,0.0174,0.2179,0.3337,0.0009,0.0019,0.0521,0.1695,0.0159,0.498,0.502,19.0,0.0067,0.001,0.1717,0.0164,0.0588,0.0002,0.2211,0.0176,0.5064,0.388,0.612,32252.0,15240.0,9823.0,11176.0,14310.0,20906.0,29132.0,854.0,534.0,478.0,312.0,394.0,33240.0,14648.0,44402.0,1124.0,15336.0,4203.0,13749.0,4900.0,12624.0,0.3661,14552.0,14800.0,14792.0
2020,University of California-San Francisco,001319,,,,,,,,,,,,,,,,,,,,,,0.0157,0.002,0.2354,0.0253,0.0515,0.0,0.2241,0.0221,0.4239,0.5254,0.4746,,,,,,,,,,,,,,,,,,,,,,,,,
2020,University of California-Santa Barbara,001320,0.2886,0.2855,0.3318,0.2803,11875.0,11698.0,12000.0,12000.0,11501.0,0.3042,0.0196,0.2468,0.1848,0.0016,0.0013,0.0871,0.1282,0.0264,0.4488,0.5512,18.0,0.0097,0.0058,0.0835,0.0181,0.0525,0.0006,0.226,0.0635,0.5402,0.4009,0.5991,25004.0,16252.0,10568.0,11606.0,14583.0,21581.0,31486.0,715.0,380.0,317.0,207.0,345.0,36492.0,14406.0,44160.0,1259.0,15903.0,5381.0,13188.0,5916.0,13986.0,0.367,11167.0,11668.0,12000.0
2020,University of California-Santa Cruz,001321,0.2692,0.3408,0.3196,0.347,14334.0,15000.0,12500.0,14333.0,14362.0,0.3011,0.0191,0.2718,0.2303,0.0009,0.0011,0.0824,0.0763,0.017,0.5283,0.4717,25.0,0.0133,0.0103,0.1181,0.0236,0.0883,0.0,0.1622,0.0421,0.5421,0.4353,0.5647,18761.0,17930.0,11038.0,12049.0,15567.0,22380.0,31701.0,490.0,279.0,296.0,208.0,348.0,35925.0,14025.0,43779.0,1162.0,18866.0,5084.0,14453.0,5602.0,13467.0,0.6473,14710.0,14876.0,13080.0
2020,University of California-Merced,041271,0.6497,0.485,0.6389,0.4499,12750.0,12600.0,13639.0,12500.0,14250.0,0.0807,0.0449,0.5778,0.1775,0.0012,0.005,0.0324,0.0755,0.005,0.4728,0.5272,19.0,0.0164,0.0055,0.1403,0.0128,0.1366,0.0,0.2004,0.0437,0.4444,0.4536,0.5464,8546.0,13691.0,10363.0,11400.0,14261.0,19795.0,30123.0,689.0,380.0,310.0,142.0,129.0,35005.0,14100.0,43854.0,1200.0,16500.0,4900.0,13400.0,5300.0,17250.0,0.848,12270.0,12000.0,15991.0
2021,University of California-Berkeley,001312,0.2549,0.1454,0.272,0.1481,,,,,,0.2072,0.0213,0.198,0.3491,0.0011,0.0015,0.0585,0.1314,0.0318,0.454,0.546,20.0,0.0159,0.0015,0.1257,0.0261,0.0546,0.0003,0.2466,0.0483,0.4811,0.4298,0.5702,33060.0,15240.0,9594.0,10880.0,14407.0,21217.0,33136.0,728.0,431.0,311.0,174.0,291.0,37510.0,14226.0,43980.0,1118.0,20236.0,5893.0,16377.0,6199.0,14731.0,0.1444,,,
2021,University of California-Davis,001313,0.2953,0.225,0.3429,0.2368,,,,,,0.2136,0.0194,0.2365,0.2963,0.0007,0.0028,0.0591,0.155,0.0166,0.3983,0.6017,21.0,0.014,0.0022,0.1702,0.0194,0.0693,0.0007,0.1715,0.0469,0.5058,0.4709,0.5291,33396.0,14920.0,9739.0,11011.0,14150.0,17020.0,29336.0,815.0,494.0,438.0,221.0,418.0,33396.0,14645.0,44399.0,1197.0,17018.0,4743.0,11551.0,5191.0,13700.0,0.4875,,,
2021,University of California-Irvine,001314,0.3939,0.1836,0.3837,0.2004,,,,,,0.133,0.021,0.2582,0.3698,0.0009,0.0019,0.0504,0.1522,0.0127,0.454,0.546,18.0,0.0141,0.0017,0.2243,0.0271,0.0696,0.001,0.161,0.0275,0.4737,0.4429,0.5571,31372.0,9691.0,5924.0,7006.0,10078.0,16780.0,25567.0,1024.0,671.0,541.0,209.0,250.0,30173.0,13775.0,43529.0,1319.0,16869.0,4339.0,14681.0,5258.0,12905.0,0.2882,,,
2021,University of California-Los Angeles,001315,0.2225,0.1127,0.2842,0.1224,,,,,,0.2623,0.032,0.2169,0.2913,0.0016,0.0018,0.0671,0.0999,0.0271,0.4023,0.5977,18.0,0.0127,0.0022,0.2237,0.03,0.067,0.0009,0.167,0.0467,0.4499,0.4287,0.5713,33971.0,11627.0,6772.0,7882.0,10217.0,16341.0,25628.0,665.0,386.0,311.0,149.0,315.0,29153.0,13258.0,43012.0,1405.0,16763.0,4871.0,15950.0,5560.0,13742.0,0.1077,,,
2021,University of California-Riverside,001316,0.4909,0.2808,0.4999,0.3373,,,,,,0.1122,0.0331,0.4069,0.3552,0.001,0.0025,0.0456,0.0326,0.0108,0.4701,0.5299,24.0,0.0146,0.0066,0.2057,0.0307,0.0798,0.0,0.1955,0.0425,0.4246,0.4085,0.5915,24616.0,13233.0,8849.0,10344.0,13190.0,18844.0,27184.0,1129.0,703.0,523.0,271.0,393.0,30569.0,13754.0,43508.0,1536.0,16864.0,4306.0,12010.0,5012.0,12711.0,0.6538,,,
2021,University of California-San Diego,001317,0.2413,0.2096,0.3338,0.246,,,,,,0.1897,0.0163,0.2196,0.3355,0.0009,0.0015,0.0561,0.1615,0.0189,0.4871,0.5129,19.0,0.0093,0.0014,0.1706,0.0164,0.0629,0.0005,0.2271,0.0139,0.4979,0.4159,0.5841,33568.0,14895.0,7954.0,10192.0,13744.0,20125.0,28952.0,703.0,413.0,407.0,249.0,426.0,32719.0,14700.0,44454.0,1152.0,16145.0,4163.0,14383.0,4881.0,12913.0,0.342,,,
2021,University of California-San Francisco,001319,,,,,,,,,,,,,,,,,,,,,,0.02,0.0018,0.2413,0.0312,0.0585,0.0002,0.2057,0.0149,0.4264,0.5308,0.4692,,,,,,,,,,,,,,,,,,,,,,,,,
2021,University of California-Santa Barbara,001320,0.278,0.1128,0.32,0.168,,,,,,0.3186,0.0177,0.2541,0.1837,0.001,0.0011,0.0872,0.1097,0.0268,0.4383,0.5617,17.0,0.013,0.0045,0.0901,0.0188,0.0603,0.0,0.2294,0.0486,0.5353,0.418,0.582,25149.0,15458.0,11022.0,12305.0,14720.0,20565.0,30833.0,670.0,346.0,278.0,95.0,246.0,34738.0,14417.0,44171.0,1317.0,16699.0,5287.0,13803.0,5837.0,14225.0,0.2918,,,
2021,University of California-Santa Cruz,001321,0.3139,0.195,0.3178,0.234,,,,,,0.3145,0.0194,0.2786,0.2283,0.001,0.0015,0.0814,0.057,0.0183,0.5217,0.4783,24.0,0.0235,0.0088,0.1175,0.0215,0.1019,0.0,0.1548,0.0392,0.5328,0.4603,0.5397,18693.0,18828.0,13340.0,14379.0,17375.0,23778.0,33865.0,616.0,380.0,294.0,166.0,311.0,37040.0,14070.0,43824.0,1180.0,17429.0,5179.0,15135.0,5722.0,13899.0,0.5864,,,
2021,University of California-Merced,041271,0.649,0.1825,0.6303,0.2511,,,,,,0.0812,0.044,0.5745,0.1943,0.0008,0.0041,0.0335,0.0598,0.0077,0.4773,0.5227,19.0,0.0219,0.0073,0.1499,0.0165,0.1481,0.0,0.1316,0.0512,0.4735,0.4717,0.5283,8697.0,10751.0,8370.0,9274.0,11997.0,15853.0,26004.0,586.0,369.0,275.0,80.0,78.0,30144.0,13657.0,43411.0,1073.0,18901.0,4603.0,9022.0,5118.0,13114.0,0.866,,,
2022,University of California-Berkeley,001312,0.2272,0.2059,0.2706,0.1632,,,,,,0.2026,0.0207,0.2035,0.3506,0.0011,0.0014,0.0599,0.1281,0.0321,0.4445,0.5555,19.0,0.0175,0.0015,0.1349,0.028,0.0652,0.0003,0.2205,0.0486,0.4835,0.4238,0.5762,33715.0,17371.0,9236.0,10294.0,14213.0,22151.0,36217.0,672.0,398.0,377.0,255.0,438.0,41130.0,14395.0,44467.0,1139.0,21402.0,6107.0,16518.0,6426.0,14975.0,0.1133,,,
2022,University of California-Davis,001313,0.2671,0.2326,0.328,0.2245,,,,,,0.2117,0.0175,0.2401,0.3118,0.0008,0.0026,0.0616,0.1338,0.0201,0.4027,0.5973,21.0,0.0161,0.0019,0.1779,0.0201,0.0774,0.0007,0.1625,0.0479,0.4954,0.4799,0.5201,33978.0,15674.0,9089.0,10258.0,13232.0,18376.0,31575.0,827.0,557.0,545.0,317.0,562.0,36975.0,14858.0,44930.0,1221.0,17692.0,4785.0,12068.0,5243.0,13767.0,0.3734,,,
2022,University of California-Irvine,001314,0.3587,0.2194,0.3787,0.2105,,,,,,0.1309,0.02,0.265,0.3809,0.0013,0.0014,0.0561,0.1308,0.0137,0.4391,0.5609,18.0,0.017,0.0022,0.2359,0.0278,0.0754,0.0009,0.1495,0.0281,0.4633,0.4576,0.5424,31082.0,12426.0,7621.0,8139.0,11095.0,17614.0,29565.0,996.0,632.0,518.0,243.0,404.0,34731.0,13939.0,44011.0,1346.0,17699.0,4305.0,14964.0,5268.0,12913.0,0.2115,,,
2022,University of California-Los Angeles,001315,0.228,0.2059,0.2718,0.2059,,,,,,0.2573,0.0334,0.2219,0.2949,0.0019,0.0017,0.0707,0.088,0.0303,0.3964,0.6036,18.0,0.0142,0.0018,0.2318,0.0325,0.0697,0.0007,0.1508,0.0477,0.4509,0.4395,0.5605,34082.0,15637.0,8849.0,10440.0,13335.0,19395.0,30301.0,675.0,371.0,347.0,216.0,443.0,35689.0,13401.0,43473.0,1433.0,17231.0,4915.0,16277.0,5601.0,13792.0,0.0857,,,
2022,University of California-Riverside,001316,0.4631,0.3252,0.494,0.332,,,,,,0.1087,0.032,0.39,0.3673,0.0007,0.0019,0.0477,0.0403,0.0113,0.4832,0.5168,24.0,0.0179,0.0064,0.1964,0.035,0.0871,0.0,0.1936,0.0493,0.4143,0.4071,0.5929,24776.0,14306.0,9169.0,10190.0,13271.0,19019.0,29379.0,1106.0,677.0,582.0,335.0,497.0,34100.0,13874.0,43946.0,1566.0,17333.0,4453.0,12543.0,5186.0,12885.0,0.6869,,,
2022,University of California-San Diego,001317,0.2878,0.2505,0.3193,0.2405,,,,,,0.1858,0.0165,0.2374,0.3391,0.0008,0.001,0.0601,0.1392,0.02,0.4764,0.5236,19.0,0.0096,0.0018,0.175,0.0195,0.0684,0.0004,0.2201,0.0173,0.4878,0.4295,0.5705,35266.0,15069.0,9055.0,10263.0,13639.0,20297.0,30300.0,957.0,561.0,506.0,284.0,505.0,35274.0,14906.0,44978.0,1175.0,16710.0,4249.0,14372.0,4982.0,13020.0,0.2371,,,
2022,University of California-San Francisco,001319,,,,,,,,,,,,,,,,,,,,,,0.0203,0.0016,0.25,0.0308,0.0633,0.0002,0.1985,0.0181,0.4172,0.5438,0.4562,,,,,,,,,,,,,,,,,,,,,,,,,
2022,University of California-Santa Barbara,001320,0.2625,0.2174,0.3014,0.1846,,,,,,0.3122,0.0187,0.2513,0.1865,0.0011,0.001,0.0867,0.117,0.0255,0.4419,0.5581,17.0,0.0166,0.0058,0.0958,0.0275,0.0658,0.0006,0.2,0.0454,0.5425,0.4121,0.5879,25135.0,15482.0,8839.0,10859.0,13464.0,18987.0,31659.0,596.0,323.0,308.0,187.0,335.0,36607.0,14617.0,44689.0,1343.0,16883.0,5059.0,14246.0,5622.0,14022.0,0.2585,,,
2022,University of California-Santa Cruz,001321,0.3297,0.3451,0.3203,0.2813,,,,,,0.318,0.0186,0.2806,0.2321,0.001,0.0015,0.0828,0.0454,0.0199,0.5015,0.4985,23.0,0.0205,0.0098,0.1095,0.024,0.1122,0.0,0.1389,0.0472,0.5378,0.4782,0.5218,19313.0,17601.0,10344.0,11034.0,14732.0,22359.0,32929.0,573.0,421.0,367.0,278.0,434.0,37707.0,14240.0,44312.0,1204.0,18185.0,5083.0,15653.0,5643.0,13829.0,0.4692,,,
2022,University of California-Merced,041271,0.5908,0.3383,0.6125,0.3117,,,,,,0.0849,0.0464,0.5533,0.214,0.001,0.0032,0.0381,0.0493,0.0099,0.5095,0.4905,19.0,0.0219,0.0091,0.1609,0.0165,0.1554,0.0,0.128,0.0494,0.4589,0.479,0.521,8794.0,13450.0,9244.0,10126.0,13347.0,20035.0,32273.0,649.0,393.0,354.0,164.0,159.0,36949.0,13791.0,43863.0,1094.0,19340.0,4682.0,9745.0,5209.0,13209.0,0.8946,,,
2023,University of California-Berkeley,001312,0.2445,0.1985,0.2733,0.1823,,,,,,0.1952,0.0213,0.218,0.3524,0.0011,0.001,0.0622,0.1149,0.0339,0.4406,0.5594,18.0,0.0214,0.0025,0.131,0.0305,0.0716,0.0003,0.2351,0.0494,0.4581,0.4278,0.5722,34306.0,14979.0,5895.0,7751.0,11424.0,18713.0,35154.0,696.0,450.0,413.0,267.0,498.0,42708.0,14850.0,45627.0,1273.0,22692.0,6238.0,17614.0,6580.0,15898.0,0.1166,,,
2023,University of California-Davis,001313,0.2519,0.2206,0.3078,0.2322,,,,,,0.2054,0.0174,0.2457,0.3134,0.0011,0.0022,0.063,0.1308,0.0211,0.4081,0.5919,21.0,0.0182,0.0017,0.1826,0.0216,0.0812,0.0005,0.1663,0.0417,0.4862,0.4857,0.5143,33442.0,15288.0,8594.0,9472.0,12304.0,17988.0,31258.0,644.0,442.0,424.0,261.0,466.0,38067.0,15247.0,46024.0,1381.0,19068.0,5359.0,13076.0,5865.0,15157.0,0.4163,,,
2023,University of California-Irvine,001314,0.3531,0.2373,0.3729,0.2181,,,,,,0.1289,0.0191,0.2624,0.3863,0.0015,0.0011,0.0641,0.1189,0.0178,0.441,0.559,18.0,0.0171,0.0027,0.2423,0.0296,0.0799,0.0009,0.146,0.0265,0.455,0.4596,0.5404,30132.0,12840.0,6485.0,8044.0,11769.0,16809.0,29595.0,844.0,606.0,467.0,255.0,463.0,36121.0,14237.0,45014.0,1550.0,18423.0,4841.0,16216.0,5907.0,14225.0,0.2557,,,
2023,University of California-Los Angeles,001315,0.2586,0.2073,0.271,0.2069,,,,,,0.2511,0.033,0.2321,0.2989,0.0015,0.0016,0.0752,0.0769,0.0298,0.3895,0.6105,18.0,0.0165,0.0017,0.2331,0.0345,0.0675,0.0007,0.1637,0.0475,0.4348,0.4542,0.5458,34398.0,14013.0,6864.0,8731.0,11065.0,17250.0,30481.0,733.0,418.0,393.0,227.0,478.0,36643.0,13747.0,44524.0,1574.0,17148.0,5562.0,17436.0,6320.0,15243.0,0.0873,,,
2023,University of California-Riverside,001316,0.4344,0.3258,0.4669,0.3281,,,,,,0.105,0.0341,0.4008,0.358,0.0005,0.0016,0.0474,0.0399,0.0127,0.4779,0.5221,23.0,0.0192,0.0071,0.1994,0.0341,0.0951,0.0,0.1831,0.0511,0.4109,0.4102,0.5898,24777.0,13707.0,8240.0,9615.0,12449.0,17297.0,29624.0,1065.0,663.0,605.0,337.0,508.0,34975.0,14170.0,44947.0,1748.0,19433.0,4934.0,13781.0,5752.0,14130.0,0.633,,,
2023,University of California-San Diego,001317,0.4015,0.2816,0.3289,0.2412,,,,,,0.1818,0.0179,0.2526,0.3432,0.0008,0.0007,0.0634,0.118,0.0216,0.462,0.538,19.0,0.0102,0.0013,0.1817,0.0191,0.0729,0.0004,0.2174,0.0217,0.4754,0.4288,0.5712,34808.0,11750.0,7487.0,7864.0,10389.0,17131.0,28113.0,1177.0,731.0,632.0,319.0,428.0,36325.0,15265.0,46042.0,1307.0,17198.0,4735.0,15566.0,5546.0,14299.0,0.2452,,,
2023,University of California-San Francisco,001319,,,,,,,,,,,,,,,,,,,,,,0.0226,0.0015,0.2455,0.0321,0.0635,0.0004,0.2098,0.0219,0.4028,0.5427,0.4573,,,,,,,,,,,,,,,,,,,,,,,,,
2023,University of California-Santa Barbara,001320,0.2777,0.2253,0.2799,0.2021,,,,,,0.3173,0.0203,0.2604,0.1867,0.0015,0.0006,0.0885,0.0977,0.027,0.4301,0.5699,17.0,0.0165,0.0051,0.1032,0.0291,0.0677,0.0006,0.1943,0.0456,0.538,0.419,0.581,25091.0,13825.0,7745.0,8910.0,11398.0,16839.0,30085.0,594.0,399.0,313.0,186.0,355.0,36776.0,14965.0,45742.0,1482.0,18684.0,5456.0,15416.0,6076.0,15232.0,0.2778,,,
2023,University of California-Santa Cruz,001321,0.3156,0.3206,0.3175,0.2943,,,,,,0.3078,0.0195,0.285,0.2465,0.0008,0.0013,0.0851,0.031,0.023,0.4837,0.5163,22.0,0.019,0.0107,0.1146,0.0214,0.1204,0.0008,0.136,0.0511,0.526,0.4839,0.5161,18997.0,16607.0,9472.0,10114.0,13001.0,18786.0,32674.0,532.0,347.0,302.0,238.0,412.0,38649.0,14560.0,45337.0,1315.0,18785.0,5646.0,16697.0,6264.0,15181.0,0.6254,,,
2023,University of California-Merced,041271,0.5462,0.3054,0.5901,0.3145,,,,,,0.089,0.0486,0.5774,0.2235,0.0014,0.0026,0.0443,0.003,0.0102,0.5251,0.4749,21.0,0.0245,0.0056,0.1676,0.0207,0.1525,0.0,0.1318,0.0527,0.4444,0.4727,0.5273,8718.0,12744.0,8572.0,9581.0,11594.0,17323.0,30561.0,586.0,362.0,313.0,166.0,179.0,37098.0,14167.0,44944.0,1214.0,20293.0,5011.0,10537.0,5593.0,14305.0,0.3918,,,
