year,cc_ftft_pell_rate,cc_ftft_fedloan_rate,cc_pell_rate,cc_fedloan_rate,cc_ug_enroll_12m,cc_coa_ay,cc_name
2012,0.5153,0.0245,0.234,0.0183,17470.0,10821.0,ALLAN HANCOCK
2013,0.5379,0.0345,0.2424,0.0227,17141.0,10735.0,ALLAN HANCOCK
2014,0.5489,0.0391,0.2531,0.0231,16691.0,11111.0,ALLAN HANCOCK
2015,0.5525,0.0263,0.2598,0.0205,16647.0,10601.0,ALLAN HANCOCK
2016,0.5138,0.0138,0.243,0.0157,16958.0,9932.0,ALLAN HANCOCK
2017,0.491,0.0255,0.2102,0.0111,17716.0,10348.0,ALLAN HANCOCK
2018,0.5247,0.013,0.2105,0.0135,17070.0,10784.0,ALLAN HANCOCK
2019,0.4864,0.0047,0.2179,0.0106,15587.0,10969.0,ALLAN HANCOCK
2020,0.5629,0.0108,0.2357,0.0088,16689.0,10701.0,ALLAN HANCOCK
2021,0.5,0.0035,0.2293,0.0048,14876.0,11135.0,ALLAN HANCOCK
2022,0.5232,0.0072,0.2341,0.0067,15100.0,10744.0,ALLAN HANCOCK
2023,0.5333,0.0067,0.2327,0.0079,15608.0,11544.0,ALLAN HANCOCK
2012,0.5695,0.1215,0.2928,0.0865,47974.0,11417.0,AMERICAN RIVER
2013,0.5892,0.096,0.2858,0.0686,45539.0,12319.0,AMERICAN RIVER
2014,0.5506,0.0605,0.2843,0.056,43334.0,12513.0,AMERICAN RIVER
2015,0.5468,0.0442,0.2737,0.042,43154.0,13250.0,AMERICAN RIVER
2016,0.5502,0.0259,0.2751,0.039,46579.0,13611.0,AMERICAN RIVER
2017,0.4538,0.0324,0.2399,0.036,46012.0,12098.0,AMERICAN RIVER
2018,0.4874,0.0307,0.2148,0.03,46394.0,11961.0,AMERICAN RIVER
2019,0.4502,0.0364,0.2157,0.0306,46047.0,12331.0,AMERICAN RIVER
2020,0.4855,0.0303,0.2266,0.0312,45034.0,12243.0,AMERICAN RIVER
2021,0.4124,0.0086,0.2486,0.0301,38602.0,13465.0,AMERICAN RIVER
2022,0.4294,0.0214,0.2277,0.0278,41538.0,12586.0,AMERICAN RIVER
2023,0.4553,0.0298,0.1989,0.0272,42387.0,12986.0,AMERICAN RIVER
2012,0.6454,0.1691,0.5021,0.1805,17899.0,11707.0,ANTELOPE VALLEY
2013,0.6648,0.1232,0.5111,0.1692,17355.0,11430.0,ANTELOPE VALLEY
2014,0.695,0.1249,0.5291,0.151,18817.0,11616.0,ANTELOPE VALLEY
2015,0.6742,0.0871,0.5236,0.1144,18985.0,11490.0,ANTELOPE VALLEY
2016,0.6455,0.0375,0.4879,0.0851,18654.0,9973.0,ANTELOPE VALLEY
2017,0.6316,0.0739,0.4564,0.112,18189.0,15110.0,ANTELOPE VALLEY
2018,0.6651,0.0842,0.4596,0.1157,18532.0,13084.0,ANTELOPE VALLEY
2019,0.6067,0.0432,0.4286,0.0707,18541.0,12595.0,ANTELOPE VALLEY
2020,0.6055,0.0329,0.4422,0.0565,18528.0,16422.0,ANTELOPE VALLEY
2021,0.4953,0.0084,0.3682,0.0274,15487.0,11709.0,ANTELOPE VALLEY
2022,0.4938,0.0062,0.3777,0.0273,14843.0,9507.0,ANTELOPE VALLEY
2023,0.4513,0.0173,0.4203,0.0416,15482.0,15158.0,ANTELOPE VALLEY
2012,0.6061,0.0201,0.4518,0.0439,24675.0,8522.0,BAKERSFIELD
2013,0.5546,0.024,0.3905,0.0401,23674.0,8732.0,BAKERSFIELD
2014,0.5894,0.0152,0.3976,0.0328,24908.0,10060.0,BAKERSFIELD
2015,0.6359,0.0123,0.411,0.0273,25878.0,9627.0,BAKERSFIELD
2016,0.602,0.0082,0.3689,0.0188,28307.0,9472.0,BAKERSFIELD
2017,0.5943,0.0127,0.3418,0.0169,31636.0,12027.0,BAKERSFIELD
2018,0.6081,0.0084,0.342,0.0155,33600.0,12467.0,BAKERSFIELD
2019,0.5994,0.005,0.3287,0.0122,36168.0,12415.0,BAKERSFIELD
2020,0.6279,0.0032,0.3355,0.0105,37642.0,13774.0,BAKERSFIELD
2021,0.5412,0.002,0.2842,0.0069,35587.0,13485.0,BAKERSFIELD
2022,0.4906,0.0043,0.2492,0.0061,37017.0,13920.0,BAKERSFIELD
2023,0.6509,0.0075,0.2876,0.0085,39530.0,13726.0,BAKERSFIELD
2012,0.7633,0.0,0.5615,0.0,5076.0,12913.0,BARSTOW
2013,0.7229,0.0,0.4941,0.0,5505.0,14930.0,BARSTOW
2014,0.6679,0.0,0.4902,0.0,4974.0,14455.0,BARSTOW
2015,0.7791,0.0,0.5019,0.0,3306.0,14776.0,BARSTOW
2016,0.752,0.0,0.5177,0.0,4777.0,14789.0,BARSTOW
2017,0.719,0.0,0.4962,0.0,4930.0,14307.0,BARSTOW
2018,0.6655,0.0,0.5193,0.0,4588.0,16152.0,BARSTOW
2019,0.7168,0.0,0.5233,0.0,4641.0,17218.0,BARSTOW
2020,0.6587,0.0,0.5388,0.0,4545.0,16983.0,BARSTOW
2021,0.6723,0.0734,0.4861,0.0896,3552.0,17676.0,BARSTOW
2022,0.6667,0.1026,0.5062,0.1064,3615.0,17693.0,BARSTOW
2023,0.7734,0.1484,0.4745,0.1231,4614.0,20871.0,BARSTOW
2012,0.4793,0.0483,0.1789,0.022,11131.0,10612.0,BERKELEY CITY
2013,0.2955,0.017,0.1913,0.022,10953.0,12466.0,BERKELEY CITY
2014,0.3896,0.0519,0.1892,0.0216,11256.0,14551.0,BERKELEY CITY
2015,0.5026,0.0359,0.2382,0.0229,11532.0,13296.0,BERKELEY CITY
2016,0.3281,0.0201,0.1891,0.0187,12028.0,13200.0,BERKELEY CITY
2017,0.2983,0.021,0.1774,0.0184,11463.0,15314.0,BERKELEY CITY
2018,0.3241,0.0123,0.1855,0.0165,11081.0,13252.0,BERKELEY CITY
2019,0.3108,0.0216,0.1708,0.0154,10549.0,16393.0,BERKELEY CITY
2020,0.3135,0.0063,0.1674,0.0118,10158.0,15451.0,BERKELEY CITY
2021,0.3066,0.0094,0.1254,0.0077,10795.0,19681.0,BERKELEY CITY
2022,0.2265,0.0055,0.1164,0.007,9904.0,17404.0,BERKELEY CITY
2023,0.3415,0.0203,0.1258,0.0096,10471.0,17110.0,BERKELEY CITY
2012,0.5861,0.1099,0.5236,0.1716,16587.0,10138.0,BUTTE
2013,0.5675,0.096,0.4933,0.1393,15836.0,11493.0,BUTTE
2014,0.5882,0.0898,0.4845,0.1223,15408.0,11324.0,BUTTE
2015,0.5916,0.0722,0.4761,0.0967,15396.0,11383.0,BUTTE
2016,0.5678,0.0585,0.4496,0.0838,14862.0,11595.0,BUTTE
2017,0.5553,0.0475,0.4163,0.0719,14252.0,11717.0,BUTTE
2018,0.5293,0.0419,0.3987,0.0622,14144.0,11336.0,BUTTE
2019,0.495,0.036,0.3731,0.0516,13659.0,12772.0,BUTTE
2020,0.531,0.0364,0.3941,0.0526,12816.0,13806.0,BUTTE
2021,0.467,0.0177,0.3298,0.0279,12100.0,14581.0,BUTTE
2022,0.4943,0.0114,0.3378,0.0256,12205.0,14811.0,BUTTE
2023,0.511,0.0201,0.3359,0.0297,12523.0,13636.0,BUTTE
2012,0.4547,0.0397,0.2461,0.0435,19267.0,12570.0,CABRILLO
2013,0.4312,0.043,0.2477,0.0367,18015.0,12665.0,CABRILLO
2014,0.4554,0.0204,0.2442,0.0317,18075.0,14153.0,CABRILLO
2015,0.4255,0.0184,0.2375,0.0253,18087.0,14329.0,CABRILLO
2016,0.4091,0.0149,0.2181,0.0227,17887.0,14686.0,CABRILLO
2017,0.3782,0.0103,0.2195,0.0189,17517.0,14270.0,CABRILLO
2018,0.3886,0.0088,0.2117,0.0172,17467.0,14848.0,CABRILLO
2019,0.3806,0.0064,0.1997,0.014,16514.0,15896.0,CABRILLO
2020,0.3828,0.0073,0.2008,0.0113,16023.0,19207.0,CABRILLO
2021,0.3179,0.0042,0.1998,0.0095,14473.0,20716.0,CABRILLO
2022,0.3942,0.0028,0.2113,0.0071,13574.0,22496.0,CABRILLO
2023,0.4197,0.0018,0.224,0.0108,14079.0,23625.0,CABRILLO
2012,0.3498,0.0248,0.1668,0.018,10671.0,11075.0,CANADA
2013,0.2896,0.0116,0.1566,0.0179,10682.0,9010.0,CANADA
2014,0.3234,0.0149,0.1492,0.013,10812.0,8489.0,CANADA
2015,0.2713,0.0243,0.1527,0.0109,10740.0,9733.0,CANADA
2016,0.2444,0.0095,0.1308,0.009,10595.0,9432.0,CANADA
2017,0.2329,0.004,0.1087,0.0121,10524.0,9513.0,CANADA
2018,0.2607,0.0039,0.1122,0.0094,10216.0,10446.0,CANADA
2019,0.2893,0.0,0.1011,0.0075,10123.0,9638.0,CANADA
2020,0.2829,0.0029,0.1047,0.0036,9575.0,9662.0,CANADA
2021,0.2892,0.0,0.0849,0.0031,9598.0,9715.0,CANADA
2022,0.3791,0.0065,0.0914,0.0019,9059.0,11335.0,CANADA
2023,0.3269,0.0038,0.1001,0.0052,9782.0,9514.0,CANADA
2012,0.624,0.0485,0.4535,0.0404,27724.0,8354.0,CERRITOS
2013,0.6325,0.039,0.4706,0.0441,26938.0,9083.0,CERRITOS
2014,0.4864,0.0537,0.3847,0.0388,27467.0,13699.0,CERRITOS
2015,0.6577,0.029,0.4764,0.0346,28138.0,8824.0,CERRITOS
2016,0.6438,0.0495,0.4344,0.0318,27908.0,15112.0,CERRITOS
2017,0.6036,0.0366,0.4146,0.0302,27673.0,14874.0,CERRITOS
2018,0.6062,0.0216,0.4244,0.0281,27901.0,8787.0,CERRITOS
2019,0.5671,0.0224,0.3833,0.0254,28922.0,8665.0,CERRITOS
2020,0.6252,0.015,0.3957,0.0257,29631.0,9395.0,CERRITOS
2021,0.5257,0.0161,0.365,0.0206,28040.0,13286.0,CERRITOS
2022,0.5703,0.0128,0.3626,0.0194,26691.0,9184.0,CERRITOS
2023,0.6069,0.0123,0.35,0.0227,28050.0,8409.0,CERRITOS
2012,0.4163,0.0,0.1718,0.0,10234.0,11752.0,CERRO COSO
2013,0.3547,0.0,0.1763,0.0,8016.0,11064.0,CERRO COSO
2014,0.4267,0.0,0.2087,0.0,8303.0,12930.0,CERRO COSO
2015,0.4785,0.0,0.2811,0.0,7872.0,12239.0,CERRO COSO
2016,0.4924,0.0,0.2446,0.0,8198.0,11313.0,CERRO COSO
2017,0.379,0.0,0.1585,0.0,8683.0,14137.0,CERRO COSO
2018,0.4244,0.0,0.1383,0.0,9291.0,16699.0,CERRO COSO
2019,0.3846,0.0,0.1294,0.0,9825.0,14278.0,CERRO COSO
2020,0.481,0.057,0.1486,0.0041,9606.0,17346.0,CERRO COSO
2021,0.2549,0.0245,0.1342,0.0099,7774.0,16281.0,CERRO COSO
2022,0.3922,0.0065,0.1397,0.0045,7778.0,16120.0,CERRO COSO
2023,0.3784,0.0108,0.1409,0.0102,8063.0,15161.0,CERRO COSO
2012,0.5482,0.0245,0.2658,0.0271,19023.0,11351.0,CHABOT
2013,0.5226,0.0125,0.2546,0.0212,18149.0,11269.0,CHABOT
2014,0.4669,0.0168,0.2354,0.0162,18300.0,11971.0,CHABOT
2015,0.4557,0.0133,0.2295,0.0137,18528.0,11123.0,CHABOT
2016,0.4355,0.0215,0.2114,0.0152,19599.0,11583.0,CHABOT
2017,0.4156,0.0137,0.1993,0.0126,19844.0,11777.0,CHABOT
2018,0.4196,0.0076,0.1923,0.0092,19853.0,12068.0,CHABOT
2019,0.3756,0.0183,0.1739,0.0091,20005.0,12030.0,CHABOT
2020,0.4291,0.0079,0.1944,0.0088,19951.0,12377.0,CHABOT
2021,0.3072,0.0054,0.1659,0.0063,18128.0,13354.0,CHABOT
2022,0.3467,0.0012,0.1693,0.0043,17500.0,13831.0,CHABOT
2023,0.3991,0.0077,0.1782,0.005,17054.0,12953.0,CHABOT
2012,0.6147,0.0,0.4027,0.0,23170.0,13065.0,CHAFFEY
2013,0.5243,0.0,0.3683,0.0,22712.0,14156.0,CHAFFEY
2014,0.595,0.0,0.3467,0.0,25305.0,14159.0,CHAFFEY
2015,0.5739,0.0,0.3606,0.0,25111.0,14888.0,CHAFFEY
2016,0.5381,0.0,0.3276,0.0,27430.0,15215.0,CHAFFEY
2017,0.5122,0.0,0.3232,0.0,28430.0,15463.0,CHAFFEY
2018,0.4724,0.0,0.2867,0.0,29808.0,16400.0,CHAFFEY
2019,0.4644,0.0,0.2953,0.0,30177.0,17179.0,CHAFFEY
2020,0.4926,0.0,0.3167,0.0001,30023.0,18264.0,CHAFFEY
2021,0.3994,0.0015,0.2807,0.0009,27808.0,18583.0,CHAFFEY
2022,0.4343,0.0023,0.2715,0.0037,27715.0,18878.0,CHAFFEY
2023,0.5127,0.0036,0.2834,0.006,29462.0,13553.0,CHAFFEY
2012,0.4696,0.0334,0.3283,0.0277,16130.0,8361.0,CITRUS
2013,0.4609,0.0216,0.3254,0.0307,16182.0,8256.0,CITRUS
2014,0.5026,0.0213,0.3228,0.0237,17483.0,9245.0,CITRUS
2015,0.4601,0.0177,0.3165,0.0223,17281.0,9627.0,CITRUS
2016,0.457,0.0108,0.3143,0.0178,17908.0,9281.0,CITRUS
2017,0.4547,0.0103,0.311,0.0186,18524.0,9307.0,CITRUS
2018,0.4599,0.0081,0.3112,0.017,18733.0,11341.0,CITRUS
2019,0.4215,0.0095,0.2903,0.012,18672.0,10473.0,CITRUS
2020,0.48,0.0054,0.3168,0.0117,18592.0,12322.0,CITRUS
2021,0.3853,0.0045,0.2575,0.0075,16879.0,13090.0,CITRUS
2022,0.4623,0.0012,0.2748,0.0076,14394.0,11309.0,CITRUS
2023,0.4773,0.0101,0.2898,0.012,14585.0,12412.0,CITRUS
2012,0.4579,0.0502,0.2608,0.0454,48279.0,9591.0,CITY OF SAN FRANCISCO
2013,0.4491,0.0311,0.2581,0.0399,41548.0,9475.0,CITY OF SAN FRANCISCO
2014,0.4214,0.0334,0.2443,0.0521,38132.0,9829.0,CITY OF SAN FRANCISCO
2015,0.4595,0.0376,0.2259,0.0245,34870.0,10190.0,CITY OF SAN FRANCISCO
2016,0.3928,0.0153,0.1932,0.014,34986.0,10333.0,CITY OF SAN FRANCISCO
2017,0.381,0.0197,0.1688,0.0112,33231.0,10324.0,CITY OF SAN FRANCISCO
2018,0.2806,0.0063,0.1293,0.0065,38862.0,10392.0,CITY OF SAN FRANCISCO
2019,0.2984,0.0139,0.1186,0.0059,39537.0,10710.0,CITY OF SAN FRANCISCO
2020,0.331,0.0031,0.1337,0.0048,35153.0,14724.0,CITY OF SAN FRANCISCO
2021,0.2918,0.0052,0.1367,0.0049,27774.0,14677.0,CITY OF SAN FRANCISCO
2022,0.3508,0.0056,0.1549,0.0049,26792.0,15224.0,CITY OF SAN FRANCISCO
2023,0.3063,0.0073,0.171,0.0071,26119.0,17007.0,CITY OF SAN FRANCISCO
2016,0.0,0.0,0.0,0.0,8674.0,,CLOVIS
2017,0.259,0.0028,0.139,0.0058,9914.0,8411.0,CLOVIS
2018,0.4415,0.0054,0.2356,0.0054,10980.0,8982.0,CLOVIS
2019,0.4061,0.0105,0.2268,0.0058,12261.0,9598.0,CLOVIS
2020,0.4245,0.005,0.2161,0.0048,13353.0,10355.0,CLOVIS
2021,0.3217,0.0033,0.1742,0.0027,14044.0,11061.0,CLOVIS
2022,0.422,0.0051,0.1967,0.003,12895.0,10293.0,CLOVIS
2023,0.4163,0.0032,0.2043,0.0009,13104.0,17820.0,CLOVIS
,,,,,,,CLOVIS
,,,,,,,CLOVIS
,,,,,,,CLOVIS
,,,,,,,CLOVIS
2012,0.664,0.2095,0.397,0.0705,4321.0,9935.0,COALINGA
2013,0.6378,0.185,0.3511,0.0731,4307.0,13472.0,COALINGA
2014,0.7018,0.1455,0.3339,0.0625,4779.0,12570.0,COALINGA
2015,0.6388,0.1977,0.3536,0.0683,4164.0,13170.0,COALINGA
2016,0.6655,0.1547,0.3528,0.0632,4545.0,13846.0,COALINGA
2017,0.6389,0.1667,0.2709,0.0488,5287.0,14477.0,COALINGA
2018,0.6434,0.0943,0.2468,0.0359,5439.0,15115.0,COALINGA
2019,0.6301,0.1179,0.1927,0.0234,6761.0,15182.0,COALINGA
2020,0.7696,0.1675,0.2115,0.02,6040.0,15687.0,COALINGA
2021,0.6356,0.0,0.1427,0.0014,5855.0,17869.0,COALINGA
2022,0.7045,0.1288,0.1495,0.0142,5412.0,16509.0,COALINGA
2023,0.7558,0.0407,0.2207,0.0099,4454.0,17249.0,COALINGA
2012,0.5889,0.2167,0.1475,0.0508,17846.0,11234.0,COASTLINE
2013,0.5344,0.1221,0.1754,0.0547,15465.0,11569.0,COASTLINE
2014,0.5879,0.1648,0.1716,0.0391,18330.0,11490.0,COASTLINE
2015,0.5644,0.1644,0.1652,0.0335,20009.0,14431.0,COASTLINE
2016,0.5234,0.1262,0.1521,0.0339,20723.0,22519.0,COASTLINE
2017,0.5824,0.1429,0.1447,0.0341,19877.0,15144.0,COASTLINE
2018,0.5449,0.109,0.1266,0.028,20123.0,16173.0,COASTLINE
2019,0.454,0.0736,0.1169,0.0222,19804.0,14340.0,COASTLINE
2020,0.6529,0.1322,0.1139,0.0158,19108.0,16142.0,COASTLINE
2021,0.4035,0.0263,0.107,0.0109,15908.0,14743.0,COASTLINE
2022,0.48,0.0133,0.1207,0.011,13843.0,17546.0,COASTLINE
2023,0.3211,0.0459,0.1018,0.0148,14752.0,17984.0,COASTLINE
2012,0.5779,0.0251,0.2038,0.0095,11043.0,11189.0,COLLEGE OF ALAMEDA
2013,0.6622,0.0068,0.2203,0.0111,11283.0,10251.0,COLLEGE OF ALAMEDA
2014,0.625,0.026,0.2273,0.0117,10844.0,10898.0,COLLEGE OF ALAMEDA
2015,0.5671,0.0087,0.2364,0.0091,10588.0,12265.0,COLLEGE OF ALAMEDA
2016,0.5289,0.0083,0.204,0.0081,10951.0,12038.0,COLLEGE OF ALAMEDA
2017,0.5316,0.0,0.1852,0.0058,10439.0,15232.0,COLLEGE OF ALAMEDA
2018,0.5377,0.0151,0.1943,0.0068,10615.0,13680.0,COLLEGE OF ALAMEDA
2019,0.5021,0.0128,0.159,0.0045,10575.0,14821.0,COLLEGE OF ALAMEDA
2020,0.4471,0.0096,0.1518,0.0052,9993.0,17384.0,COLLEGE OF ALAMEDA
2021,0.3071,0.0071,0.119,0.0047,9742.0,14602.0,COLLEGE OF ALAMEDA
2022,0.4109,0.0,0.0969,0.004,8838.0,20277.0,COLLEGE OF ALAMEDA
2023,0.351,0.0066,0.0993,0.0036,9540.0,17578.0,COLLEGE OF ALAMEDA
2012,0.3794,0.0672,0.251,0.0941,10299.0,13922.0,COLLEGE OF MARIN
2013,0.4089,0.0756,0.2458,0.0921,9713.0,13847.0,COLLEGE OF MARIN
2014,0.3395,0.048,0.2519,0.0925,8489.0,13813.0,COLLEGE OF MARIN
2015,0.3067,0.0168,0.2127,0.0538,7928.0,14429.0,COLLEGE OF MARIN
2016,0.3007,0.0326,0.1455,0.0157,7879.0,13691.0,COLLEGE OF MARIN
2017,0.2763,0.0033,0.1293,0.0098,7905.0,17803.0,COLLEGE OF MARIN
2018,0.3162,0.0074,0.132,0.0115,8140.0,14464.0,COLLEGE OF MARIN
2019,0.34,0.0033,0.1439,0.0094,7327.0,14301.0,COLLEGE OF MARIN
2020,0.2993,0.0073,0.1359,0.01,7395.0,15841.0,COLLEGE OF MARIN
2021,0.2778,0.0,0.1348,0.0053,6494.0,13784.0,COLLEGE OF MARIN
2022,0.3373,0.0,0.1619,0.0043,6770.0,16507.0,COLLEGE OF MARIN
2023,0.3444,0.0091,0.1684,0.0086,6437.0,23789.0,COLLEGE OF MARIN
2012,0.2729,0.0015,0.1465,0.0088,15410.0,11859.0,COLLEGE OF SAN MATEO
2013,0.316,0.0147,0.1567,0.0103,15034.0,11925.0,COLLEGE OF SAN MATEO
2014,0.2554,0.0107,0.1466,0.0089,14720.0,8377.0,COLLEGE OF SAN MATEO
2015,0.2416,0.0092,0.1453,0.0081,13974.0,8391.0,COLLEGE OF SAN MATEO
2016,0.1958,0.0037,0.1317,0.008,13890.0,8278.0,COLLEGE OF SAN MATEO
2017,0.1576,0.0025,0.1144,0.0072,13952.0,8563.0,COLLEGE OF SAN MATEO
2018,0.213,0.0038,0.1059,0.0056,14317.0,9316.0,COLLEGE OF SAN MATEO
2019,0.205,0.0057,0.0908,0.0062,13713.0,9731.0,COLLEGE OF SAN MATEO
2020,0.2581,0.0078,0.1111,0.0065,12649.0,9117.0,COLLEGE OF SAN MATEO
2021,0.1844,0.0022,0.0903,0.0041,13143.0,9076.0,COLLEGE OF SAN MATEO
2022,0.2382,0.0825,0.1121,0.0058,12601.0,11967.0,COLLEGE OF SAN MATEO
2023,0.273,0.0045,0.1271,0.0055,12934.0,11875.0,COLLEGE OF SAN MATEO
2012,0.3484,0.0874,0.1951,0.0626,27534.0,11119.0,COLLEGE OF THE CANYONS
2013,0.3343,0.0326,0.2279,0.0446,27079.0,11251.0,COLLEGE OF THE CANYONS
2014,0.3998,0.0286,0.2137,0.0357,30998.0,10899.0,COLLEGE OF THE CANYONS
2015,0.3675,0.0305,0.2101,0.0297,30554.0,11215.0,COLLEGE OF THE CANYONS
2016,0.3711,0.0237,0.2089,0.0261,30369.0,10984.0,COLLEGE OF THE CANYONS
2017,0.3863,0.0217,0.1978,0.021,31841.0,11293.0,COLLEGE OF THE CANYONS
2018,0.3396,0.0195,0.1733,0.0177,32720.0,11340.0,COLLEGE OF THE CANYONS
2019,0.3325,0.0098,0.1556,0.0133,35018.0,11311.0,COLLEGE OF THE CANYONS
2020,0.3941,0.0121,0.1769,0.013,32974.0,11774.0,COLLEGE OF THE CANYONS
2021,0.316,0.0014,0.1407,0.0078,31696.0,11273.0,COLLEGE OF THE CANYONS
2022,0.4077,0.0088,0.1878,0.0072,27936.0,11066.0,COLLEGE OF THE CANYONS
2023,0.4087,0.009,0.1663,0.0096,31071.0,10243.0,COLLEGE OF THE CANYONS
2012,0.6107,0.08,0.4538,0.0399,11801.0,13334.0,COLLEGE OF THE DESERT
2013,0.6035,0.0385,0.4542,0.0418,11388.0,14046.0,COLLEGE OF THE DESERT
2014,0.6122,0.0,0.4563,0.0,11559.0,14085.0,COLLEGE OF THE DESERT
2015,0.6048,0.0,0.4299,0.0,12355.0,14719.0,COLLEGE OF THE DESERT
2016,0.6111,0.0,0.4003,0.0,13300.0,14656.0,COLLEGE OF THE DESERT
2017,0.5982,0.0,0.3832,0.0,13651.0,15024.0,COLLEGE OF THE DESERT
2018,0.6245,0.0,0.4039,0.0,14142.0,16693.0,COLLEGE OF THE DESERT
2019,0.5918,0.0,0.3764,0.0,14374.0,17378.0,COLLEGE OF THE DESERT
2020,0.6056,0.0,0.3923,0.0,15367.0,19432.0,COLLEGE OF THE DESERT
2021,0.4829,0.0,0.3207,0.0003,14283.0,19173.0,COLLEGE OF THE DESERT
2022,0.5005,0.0018,0.3183,0.0027,14082.0,18541.0,COLLEGE OF THE DESERT
2023,0.549,0.0026,0.3244,0.0054,14165.0,20053.0,COLLEGE OF THE DESERT
2012,0.6727,0.1466,0.4413,0.097,8614.0,11143.0,COLLEGE OF THE REDWOODS
2013,0.6646,0.0994,0.3874,0.0599,7194.0,11166.0,COLLEGE OF THE REDWOODS
2014,0.6006,0.0447,0.406,0.0404,6568.0,11425.0,COLLEGE OF THE REDWOODS
2015,0.6005,0.1164,0.412,0.0555,6195.0,12045.0,COLLEGE OF THE REDWOODS
2016,0.5757,0.1042,0.3992,0.0614,6235.0,10608.0,COLLEGE OF THE REDWOODS
2017,0.5865,0.0784,0.3607,0.0649,6598.0,12249.0,COLLEGE OF THE REDWOODS
2018,0.6167,0.1354,0.3733,0.0657,6226.0,11359.0,COLLEGE OF THE REDWOODS
2019,0.5243,0.0825,0.3447,0.0553,6345.0,11689.0,COLLEGE OF THE REDWOODS
2020,0.5579,0.0741,0.3661,0.0602,6435.0,11792.0,COLLEGE OF THE REDWOODS
2021,0.4592,0.0459,0.3197,0.0429,5374.0,12318.0,COLLEGE OF THE REDWOODS
2022,0.5524,0.0429,0.296,0.0374,5563.0,12530.0,COLLEGE OF THE REDWOODS
2023,0.5764,0.0556,0.3339,0.0539,5820.0,12251.0,COLLEGE OF THE REDWOODS
2012,0.6851,0.0016,0.4588,0.0171,14714.0,7530.0,COLLEGE OF THE SEQUOIAS
2013,0.6741,0.014,0.4431,0.0195,13787.0,7604.0,COLLEGE OF THE SEQUOIAS
2014,0.6554,0.0154,0.4443,0.0204,13726.0,6470.0,COLLEGE OF THE SEQUOIAS
2015,0.6615,0.0163,0.4585,0.0192,13906.0,6630.0,COLLEGE OF THE SEQUOIAS
2016,0.6636,0.0202,0.4378,0.0199,14544.0,8109.0,COLLEGE OF THE SEQUOIAS
2017,0.6258,0.0118,0.4067,0.0139,15236.0,8369.0,COLLEGE OF THE SEQUOIAS
2018,0.6543,0.0077,0.4278,0.0109,15686.0,8453.0,COLLEGE OF THE SEQUOIAS
2019,0.6572,0.0097,0.4048,0.0121,16022.0,8688.0,COLLEGE OF THE SEQUOIAS
2020,0.6486,0.003,0.4157,0.009,16379.0,8441.0,COLLEGE OF THE SEQUOIAS
2021,0.5662,0.0015,0.3496,0.0044,15729.0,11245.0,COLLEGE OF THE SEQUOIAS
2022,0.6191,0.0025,0.3702,0.004,15695.0,8155.0,COLLEGE OF THE SEQUOIAS
2023,0.6265,0.0076,0.3515,0.0074,16781.0,8553.0,COLLEGE OF THE SEQUOIAS
2012,0.6212,0.3939,0.4182,0.2122,3951.0,12301.0,COLLEGE OF THE SISKIYOUS
2013,0.586,0.3535,0.3861,0.1916,3946.0,13115.0,COLLEGE OF THE SISKIYOUS
2014,0.5643,0.3485,0.3218,0.1512,4028.0,13295.0,COLLEGE OF THE SISKIYOUS
2015,0.5604,0.3575,0.3021,0.1334,4165.0,13259.0,COLLEGE OF THE SISKIYOUS
2016,0.5529,0.3118,0.2978,0.1272,4281.0,14027.0,COLLEGE OF THE SISKIYOUS
2017,0.4601,0.1831,0.2815,0.1119,4283.0,12433.0,COLLEGE OF THE SISKIYOUS
2018,0.5333,0.1958,0.3155,0.1037,3610.0,14455.0,COLLEGE OF THE SISKIYOUS
2019,0.5524,0.2619,0.3697,0.1085,2834.0,15377.0,COLLEGE OF THE SISKIYOUS
2020,0.5745,0.1915,0.3731,0.1085,2863.0,15938.0,COLLEGE OF THE SISKIYOUS
2021,0.425,0.075,0.3346,0.0674,2383.0,16204.0,COLLEGE OF THE SISKIYOUS
2022,0.4646,0.1024,0.2942,0.0527,2421.0,14259.0,COLLEGE OF THE SISKIYOUS
2023,0.3897,0.1176,0.2786,0.0635,2325.0,14448.0,COLLEGE OF THE SISKIYOUS
2012,0.4941,0.0,0.2623,0.0,4151.0,9720.0,COLUMBIA
2013,0.5037,0.0,0.2883,0.0,3912.0,12210.0,COLUMBIA
2014,0.5101,0.0,0.305,0.0,3866.0,11429.0,COLUMBIA
2015,0.5317,0.0,0.3315,0.0,3461.0,13179.0,COLUMBIA
2016,0.4868,0.0,0.3036,0.0,3599.0,12282.0,COLUMBIA
2017,0.4541,0.0,0.2916,0.0,3586.0,11775.0,COLUMBIA
2018,0.5,0.0,0.3014,0.0,3605.0,13314.0,COLUMBIA
2019,0.4643,0.0,0.2877,0.0,3602.0,15501.0,COLUMBIA
2020,0.5079,0.0,0.2721,0.0,3601.0,14989.0,COLUMBIA
2021,0.3203,0.0,0.2233,0.0,3002.0,12959.0,COLUMBIA
2022,0.3929,0.0,0.2133,0.0,3304.0,16491.0,COLUMBIA
2023,0.4159,0.0,0.22,0.0,3611.0,19688.0,COLUMBIA
2012,0.6498,0.0221,0.2722,0.0183,14579.0,13433.0,COMPTON
2013,0.5367,0.0064,0.2272,0.0123,13781.0,12723.0,COMPTON
2014,0.6019,0.0,0.2747,0.0,12589.0,12611.0,COMPTON
2015,0.6148,0.0,0.3203,0.0,12041.0,13736.0,COMPTON
2016,0.5556,0.0,0.3031,0.0,11602.0,15261.0,COMPTON
2017,0.5886,0.0,0.2935,0.0,12310.0,14926.0,COMPTON
2018,0.5578,0.0,0.254,0.0,12108.0,14999.0,COMPTON
2019,0.6509,0.0,0.3297,0.0,11459.0,16722.0,COMPTON
2020,0.6189,0.0033,0.3434,0.0095,8600.0,15507.0,COMPTON
2021,0.6429,0.0,0.2923,0.0067,6561.0,16997.0,COMPTON
2022,0.7045,0.0076,0.2532,0.0099,5932.0,11125.0,COMPTON
2023,0.6954,0.0345,0.2712,0.0174,5963.0,17782.0,COMPTON
2012,0.5845,0.0602,0.3176,0.0317,11887.0,15602.0,CONTRA COSTA
2013,0.4747,0.0316,0.2864,0.0275,10787.0,15105.0,CONTRA COSTA
2014,0.4775,0.0169,0.266,0.0173,10670.0,15296.0,CONTRA COSTA
2015,0.4819,0.0254,0.2679,0.0197,9984.0,12949.0,CONTRA COSTA
2016,0.4576,0.0295,0.2696,0.0231,9770.0,13070.0,CONTRA COSTA
2017,0.4679,0.0128,0.2627,0.025,10016.0,12881.0,CONTRA COSTA
2018,0.4876,0.0124,0.2344,0.0196,10505.0,13262.0,CONTRA COSTA
2019,0.438,0.0132,0.227,0.0171,11181.0,12349.0,CONTRA COSTA
2020,0.4387,0.0114,0.2152,0.0142,11141.0,13667.0,CONTRA COSTA
2021,0.2857,0.0,0.1426,0.0107,9751.0,12828.0,CONTRA COSTA
2022,0.4098,0.0038,0.2059,0.0096,8786.0,13242.0,CONTRA COSTA
2023,0.4771,0.0081,0.2321,0.0136,9415.0,14511.0,CONTRA COSTA
2012,0.7469,0.1111,0.5713,0.1085,2594.0,12553.0,COPPER MOUNTAIN
2013,0.7236,0.0905,0.5723,0.094,2609.0,13951.0,COPPER MOUNTAIN
2014,0.707,0.0828,0.5709,0.1043,2317.0,14943.0,COPPER MOUNTAIN
2015,0.7374,0.0447,0.5993,0.0854,2182.0,14772.0,COPPER MOUNTAIN
2016,0.7528,0.0955,0.5974,0.0803,2254.0,13733.0,COPPER MOUNTAIN
2017,0.6508,0.0556,0.5399,0.0761,2234.0,13199.0,COPPER MOUNTAIN
2018,0.6391,0.0376,0.5179,0.0597,2442.0,14741.0,COPPER MOUNTAIN
2019,0.7568,0.045,0.5315,0.0549,2321.0,12787.0,COPPER MOUNTAIN
2020,0.6701,0.0412,0.5427,0.0574,2303.0,14349.0,COPPER MOUNTAIN
2021,0.6667,0.0333,0.4424,0.0271,2276.0,15782.0,COPPER MOUNTAIN
2022,0.675,0.025,0.4479,0.0281,2015.0,15796.0,COPPER MOUNTAIN
2023,0.5614,0.0175,0.4432,0.0282,1942.0,16105.0,COPPER MOUNTAIN
2012,0.5366,0.0699,0.249,0.0553,21358.0,13480.0,COSUMNES RIVER
2013,0.4915,0.051,0.2425,0.0516,20530.0,13537.0,COSUMNES RIVER
2014,0.5613,0.0613,0.2533,0.0483,19860.0,13514.0,COSUMNES RIVER
2015,0.519,0.0525,0.2563,0.0433,20332.0,13953.0,COSUMNES RIVER
2016,0.4692,0.0325,0.242,0.0373,20517.0,14679.0,COSUMNES RIVER
2017,0.4427,0.0227,0.2491,0.0324,20097.0,10738.0,COSUMNES RIVER
2018,0.4944,0.0306,0.2628,0.0312,20320.0,11790.0,COSUMNES RIVER
2019,0.4136,0.0136,0.2543,0.0278,21015.0,10790.0,COSUMNES RIVER
2020,0.4518,0.0168,0.2743,0.0281,21511.0,11035.0,COSUMNES RIVER
2021,0.4249,0.0116,0.2532,0.0222,22450.0,12112.0,COSUMNES RIVER
2022,0.43,0.0073,0.2575,0.0202,21255.0,11048.0,COSUMNES RIVER
2023,0.4123,0.0213,0.2521,0.0254,20690.0,12005.0,COSUMNES RIVER
2012,0.4023,0.0,0.2018,0.0,7418.0,16077.0,CRAFTON HILLS
2013,0.4755,0.0,0.2019,0.0,7003.0,16696.0,CRAFTON HILLS
2014,0.4754,0.0,0.2319,0.0,7476.0,16809.0,CRAFTON HILLS
2015,0.4652,0.0,0.2234,0.0,7984.0,16292.0,CRAFTON HILLS
2016,0.4522,0.0,0.2003,0.0,8180.0,18790.0,CRAFTON HILLS
2017,0.3959,0.0,0.1659,0.0,8288.0,19525.0,CRAFTON HILLS
2018,0.3693,0.0,0.1486,0.0,8833.0,21636.0,CRAFTON HILLS
2019,0.3228,0.0,0.1352,0.0,9306.0,21252.0,CRAFTON HILLS
2020,0.2862,0.0,0.1219,0.0,9346.0,24369.0,CRAFTON HILLS
2021,0.2797,0.0,0.1467,0.0,8452.0,25759.0,CRAFTON HILLS
2022,0.2776,0.0,0.1272,0.0,7444.0,20594.0,CRAFTON HILLS
2023,0.3467,0.0,0.1461,0.0,7469.0,18384.0,CRAFTON HILLS
2012,0.2592,0.0901,0.168,0.0549,15178.0,13758.0,CUESTA
2013,0.2213,0.0542,0.1684,0.0489,14026.0,15169.0,CUESTA
2014,0.2267,0.0795,0.1735,0.0514,13399.0,16075.0,CUESTA
2015,0.2882,0.0586,0.1971,0.0504,13644.0,14774.0,CUESTA
2016,0.3112,0.0645,0.2035,0.0492,14529.0,15316.0,CUESTA
2017,0.291,0.0431,0.1956,0.0462,14878.0,14167.0,CUESTA
2018,0.3601,0.054,0.2063,0.0407,15212.0,15922.0,CUESTA
2019,0.2684,0.0383,0.1973,0.0378,15640.0,14882.0,CUESTA
2020,0.3373,0.0409,0.2043,0.0299,15810.0,18498.0,CUESTA
2021,0.2663,0.0242,0.1852,0.0208,13912.0,19119.0,CUESTA
2022,0.2751,0.0301,0.176,0.0183,13943.0,17574.0,CUESTA
2023,0.3482,0.0298,0.1809,0.0205,14378.0,20561.0,CUESTA
2012,0.4523,0.0098,0.2902,0.0244,13109.0,7068.0,CUYAMACA
2013,0.5248,0.0149,0.2596,0.0146,12815.0,7866.0,CUYAMACA
2014,0.5133,0.0183,0.2587,0.0114,13614.0,7891.0,CUYAMACA
2015,0.5648,0.0056,0.2763,0.0103,13066.0,8774.0,CUYAMACA
2016,0.5643,0.0179,0.2701,0.0077,13617.0,11194.0,CUYAMACA
2017,0.5549,0.0114,0.2776,0.0079,14316.0,10286.0,CUYAMACA
2018,0.585,0.0037,0.2837,0.0056,13951.0,10250.0,CUYAMACA
2019,0.5033,0.0022,0.2778,0.0068,13454.0,10368.0,CUYAMACA
2020,0.5912,0.0038,0.2819,0.0055,13648.0,12722.0,CUYAMACA
2021,0.5248,0.0186,0.2378,0.0017,12931.0,13683.0,CUYAMACA
2022,0.5813,0.0,0.2215,0.0026,12428.0,12960.0,CUYAMACA
2023,0.6593,0.0221,0.2378,0.0122,12859.0,15940.0,CUYAMACA
2012,0.3142,0.0295,0.2278,0.0444,19873.0,10574.0,CYPRESS
2013,0.5939,0.0428,0.2652,0.0263,19989.0,10174.0,CYPRESS
2014,0.5415,0.033,0.286,0.0216,20551.0,10774.0,CYPRESS
2015,0.523,0.0278,0.3052,0.0192,20741.0,11187.0,CYPRESS
2016,0.4877,0.0115,0.2721,0.0173,21790.0,10825.0,CYPRESS
2017,0.4526,0.0127,0.2782,0.0144,21488.0,11699.0,CYPRESS
2018,0.4713,0.0307,0.2766,0.0172,21471.0,11828.0,CYPRESS
2019,0.4715,0.0098,0.2722,0.0155,21695.0,11261.0,CYPRESS
2020,0.5674,0.0061,0.3149,0.0149,21262.0,13711.0,CYPRESS
2021,0.5,0.0052,0.2928,0.0099,20472.0,13898.0,CYPRESS
2022,0.5423,0.003,0.3238,0.0095,18759.0,13843.0,CYPRESS
2023,0.5562,0.0013,0.3215,0.0128,18806.0,15752.0,CYPRESS
2012,0.2905,0.0401,0.1482,0.0412,37760.0,9410.0,DE ANZA
2013,0.312,0.0536,0.1589,0.0421,37626.0,10046.0,DE ANZA
2014,0.3223,0.0416,0.1849,0.0415,35540.0,9855.0,DE ANZA
2015,0.2995,0.0424,0.2102,0.0462,34248.0,11120.0,DE ANZA
2016,0.273,0.0277,0.1862,0.0383,32673.0,11144.0,DE ANZA
2017,0.2702,0.0176,0.1795,0.0315,32024.0,11249.0,DE ANZA
2018,0.2825,0.0242,0.1754,0.0311,30817.0,11267.0,DE ANZA
2019,0.2452,0.0149,0.1553,0.0258,29192.0,11306.0,DE ANZA
2020,0.2851,0.0118,0.1725,0.0212,28029.0,12838.0,DE ANZA
2021,0.2815,0.0163,0.1629,0.0202,29214.0,13158.0,DE ANZA
2022,0.3085,0.0161,0.176,0.0181,26779.0,12852.0,DE ANZA
2023,0.2833,0.0173,0.1799,0.0236,26518.0,13167.0,DE ANZA
2012,0.1918,0.0073,0.1342,0.0105,30501.0,14141.0,DIABLO VALLEY
2013,0.216,0.0115,0.1388,0.0108,29603.0,14386.0,DIABLO VALLEY
2014,0.206,0.0141,0.158,0.0137,30162.0,15145.0,DIABLO VALLEY
2015,0.2128,0.0096,0.1638,0.0119,29931.0,11727.0,DIABLO VALLEY
2016,0.2135,0.0161,0.1681,0.0131,29944.0,11519.0,DIABLO VALLEY
2017,0.2002,0.0053,0.1645,0.0127,29861.0,12292.0,DIABLO VALLEY
2018,0.1925,0.0064,0.1678,0.0113,29855.0,11553.0,DIABLO VALLEY
2019,0.2138,0.0072,0.1555,0.008,30072.0,12756.0,DIABLO VALLEY
2020,0.2243,0.0087,0.159,0.0098,29307.0,13754.0,DIABLO VALLEY
2021,0.1935,0.0031,0.1391,0.0086,27528.0,13436.0,DIABLO VALLEY
2022,0.2255,0.0023,0.1558,0.0078,25369.0,12949.0,DIABLO VALLEY
2023,0.2374,0.0046,0.1673,0.01,24223.0,14804.0,DIABLO VALLEY
2012,0.6155,0.0123,0.2888,0.0129,56395.0,13553.0,EAST LOS ANGELES
2013,0.5891,0.0136,0.2731,0.014,53813.0,14901.0,EAST LOS ANGELES
2014,0.5229,0.0101,0.2592,0.0137,52110.0,14085.0,EAST LOS ANGELES
2015,0.5445,0.0,0.2661,0.0011,52580.0,14499.0,EAST LOS ANGELES
2016,0.4816,0.0088,0.2417,0.0106,53984.0,14617.0,EAST LOS ANGELES
2017,0.4508,0.0038,0.2573,0.009,57308.0,15093.0,EAST LOS ANGELES
2018,0.481,0.0025,0.2336,0.0064,57381.0,15837.0,EAST LOS ANGELES
2019,0.5176,0.0028,0.2121,0.0048,56468.0,17369.0,EAST LOS ANGELES
2020,0.5019,0.0026,0.2243,0.0046,56136.0,18405.0,EAST LOS ANGELES
2021,0.5269,0.0,0.1983,0.0033,54064.0,18616.0,EAST LOS ANGELES
2022,0.6003,0.0015,0.1972,0.0038,49266.0,19153.0,EAST LOS ANGELES
2023,0.6179,0.0038,0.2227,0.0052,48505.0,18645.0,EAST LOS ANGELES
2012,0.4197,0.0206,0.2481,0.0169,33030.0,16704.0,EL CAMINO
2013,0.4101,0.0045,0.2575,0.0115,31659.0,16018.0,EL CAMINO
2014,0.4655,0.0,0.2751,0.0,32178.0,14709.0,EL CAMINO
2015,0.5116,0.0,0.3007,0.0,32634.0,14931.0,EL CAMINO
2016,0.4664,0.0,0.2954,0.0,32068.0,15461.0,EL CAMINO
2017,0.4443,0.0,0.295,0.0,33150.0,15936.0,EL CAMINO
2018,0.459,0.0,0.2815,0.0,33616.0,16682.0,EL CAMINO
2019,0.4626,0.0,0.2792,0.0,34373.0,17714.0,EL CAMINO
2020,0.505,0.005,0.3027,0.0045,33146.0,18895.0,EL CAMINO
2021,0.4475,0.0032,0.2975,0.0071,30759.0,19650.0,EL CAMINO
2022,0.4744,0.0057,0.2898,0.0093,28431.0,12067.0,EL CAMINO
2023,0.5066,0.0079,0.2937,0.0124,30239.0,13376.0,EL CAMINO
2012,0.4761,0.0171,0.3147,0.021,16726.0,14051.0,EVERGREEN VALLEY
2013,0.5157,0.0148,0.3153,0.0219,15035.0,14405.0,EVERGREEN VALLEY
2014,0.5611,0.0069,0.3182,0.0153,11272.0,16468.0,EVERGREEN VALLEY
2015,0.523,0.0,0.3108,0.0124,13922.0,16760.0,EVERGREEN VALLEY
2016,0.4255,0.0017,0.301,0.0094,13865.0,16732.0,EVERGREEN VALLEY
2017,0.4164,0.0032,0.2768,0.0081,14156.0,17876.0,EVERGREEN VALLEY
2018,0.4479,0.0026,0.2802,0.0065,14665.0,18625.0,EVERGREEN VALLEY
2019,0.4251,0.0021,0.2675,0.0054,14811.0,18667.0,EVERGREEN VALLEY
2020,0.4393,0.0013,0.2676,0.0045,15127.0,18639.0,EVERGREEN VALLEY
2021,0.4194,0.0015,0.2583,0.0032,13678.0,19861.0,EVERGREEN VALLEY
2022,0.4425,0.0,0.259,0.004,12698.0,23471.0,EVERGREEN VALLEY
2023,0.3971,0.0,0.2405,0.0039,13177.0,22557.0,EVERGREEN VALLEY
2012,0.4593,0.2967,0.3422,0.2234,3082.0,15606.0,FEATHER RIVER
2013,0.506,0.3976,0.3208,0.2141,3619.0,14908.0,FEATHER RIVER
2014,0.3227,0.2396,0.2646,0.1681,3476.0,14478.0,FEATHER RIVER
2015,0.4607,0.3371,0.2366,0.1355,3399.0,14461.0,FEATHER RIVER
2016,0.2611,0.3005,0.1933,0.1206,3643.0,15907.0,FEATHER RIVER
2017,0.4971,0.3143,0.1681,0.1019,3407.0,16299.0,FEATHER RIVER
2018,0.4645,0.3115,0.1525,0.0946,3765.0,15404.0,FEATHER RIVER
2019,0.4509,0.317,0.1343,0.0852,3618.0,16379.0,FEATHER RIVER
2020,0.4932,0.2374,0.135,0.0701,3250.0,17336.0,FEATHER RIVER
2021,0.3609,0.1538,0.1046,0.0458,2601.0,17276.0,FEATHER RIVER
2022,0.3656,0.1559,0.1484,0.0443,2534.0,15677.0,FEATHER RIVER
2023,0.4722,0.2014,0.2031,0.0632,2717.0,16502.0,FEATHER RIVER
2012,0.2799,0.0293,0.1873,0.0301,12442.0,14016.0,FOLSOM LAKE
2013,0.3235,0.042,0.1926,0.0311,12033.0,15048.0,FOLSOM LAKE
2014,0.3315,0.0203,0.1999,0.0271,11254.0,14759.0,FOLSOM LAKE
2015,0.3419,0.0194,0.206,0.0196,11142.0,14376.0,FOLSOM LAKE
2016,0.2767,0.018,0.1909,0.0195,12490.0,14248.0,FOLSOM LAKE
2017,0.253,0.0198,0.1833,0.0202,12504.0,11442.0,FOLSOM LAKE
2018,0.274,0.0252,0.1844,0.0223,12538.0,12003.0,FOLSOM LAKE
2019,0.2874,0.0149,0.1846,0.0219,12710.0,11634.0,FOLSOM LAKE
2020,0.2883,0.0158,0.1926,0.0211,13435.0,11622.0,FOLSOM LAKE
2021,0.2301,0.0058,0.175,0.0195,14579.0,13086.0,FOLSOM LAKE
2022,0.2511,0.0073,0.1771,0.016,14083.0,12146.0,FOLSOM LAKE
2023,0.2536,0.0086,0.1594,0.0197,14216.0,12233.0,FOLSOM LAKE
2012,0.1753,0.0516,0.0918,0.0461,27084.0,9837.0,FOOTHILL
2013,0.1688,0.0465,0.0864,0.0413,27693.0,10399.0,FOOTHILL
2014,0.1855,0.0601,0.0889,0.0413,28517.0,10016.0,FOOTHILL
2015,0.1819,0.0407,0.0834,0.0359,28428.0,9909.0,FOOTHILL
2016,0.1472,0.025,0.0682,0.0238,29646.0,9612.0,FOOTHILL
2017,0.1676,0.0181,0.0732,0.0234,31186.0,11726.0,FOOTHILL
2018,0.2066,0.0258,0.0808,0.0222,30736.0,11415.0,FOOTHILL
2019,0.171,0.0294,0.0755,0.022,29698.0,12303.0,FOOTHILL
2020,0.211,0.0232,0.0759,0.0195,29967.0,13752.0,FOOTHILL
2021,0.2061,0.0225,0.0678,0.016,27292.0,15141.0,FOOTHILL
2022,0.2263,0.0177,0.083,0.019,23194.0,15403.0,FOOTHILL
2023,0.2543,0.0341,0.0843,0.0238,23254.0,15772.0,FOOTHILL
2012,0.7185,0.0985,0.3945,0.1044,27946.0,10327.0,FRESNO CITY
2013,0.6846,0.0444,0.3821,0.0329,29421.0,10804.0,FRESNO CITY
2014,0.6898,0.0248,0.3851,0.0227,30162.0,10698.0,FRESNO CITY
2015,0.7028,0.0255,0.3729,0.0173,32645.0,10570.0,FRESNO CITY
2016,0.6581,0.0178,0.3615,0.0161,33116.0,9370.0,FRESNO CITY
2017,0.6558,0.0197,0.3475,0.0138,34680.0,9848.0,FRESNO CITY
2018,0.6714,0.015,0.3526,0.0106,36000.0,9903.0,FRESNO CITY
2019,0.6562,0.008,0.3217,0.0076,37849.0,11022.0,FRESNO CITY
2020,0.6855,0.0058,0.3351,0.0055,38179.0,10995.0,FRESNO CITY
2021,0.5875,0.004,0.2749,0.0028,34399.0,12737.0,FRESNO CITY
2022,0.662,0.0058,0.2827,0.0032,33518.0,11972.0,FRESNO CITY
2023,0.6822,0.0077,0.2827,0.003,36503.0,12063.0,FRESNO CITY
2012,0.3491,0.0409,0.235,0.0261,26236.0,10830.0,FULLERTON
2013,0.446,0.0481,0.2486,0.0235,27377.0,10533.0,FULLERTON
2014,0.4465,0.0493,0.2421,0.0259,33499.0,12424.0,FULLERTON
2015,0.454,0.0307,0.2575,0.0241,33651.0,12006.0,FULLERTON
2016,0.4328,0.047,0.2437,0.0409,33519.0,11866.0,FULLERTON
2017,0.4145,0.0528,0.2333,0.049,33880.0,11056.0,FULLERTON
2018,0.4452,0.0517,0.242,0.0439,33076.0,11472.0,FULLERTON
2019,0.4275,0.021,0.2303,0.0253,31457.0,13427.0,FULLERTON
2020,0.5094,0.0335,0.2639,0.0257,30951.0,14803.0,FULLERTON
2021,0.4603,0.024,0.25,0.0247,29922.0,16615.0,FULLERTON
2022,0.5,0.0142,0.2592,0.0177,26102.0,15591.0,FULLERTON
2023,0.4892,0.0263,0.259,0.0243,26447.0,16206.0,FULLERTON
2012,0.4761,0.0797,0.2346,0.0515,10795.0,11863.0,GAVILAN
2013,0.4393,0.034,0.2332,0.0319,10099.0,11544.0,GAVILAN
2014,0.4854,0.0121,0.2713,0.017,9570.0,11762.0,GAVILAN
2015,0.4852,0.0064,0.2867,0.0078,8362.0,10720.0,GAVILAN
2016,0.4556,0.007,0.2607,0.007,10495.0,11111.0,GAVILAN
2017,0.4157,0.0046,0.2488,0.0055,8016.0,11176.0,GAVILAN
2018,0.42,0.0119,0.2405,0.0043,8142.0,11478.0,GAVILAN
2019,0.4198,0.0044,0.2475,0.0021,8581.0,12311.0,GAVILAN
2020,0.4535,0.0,0.2564,0.0014,8017.0,12401.0,GAVILAN
2021,0.3167,0.0,0.249,0.0007,6944.0,13406.0,GAVILAN
2022,0.465,0.0,0.2481,0.0015,6649.0,13368.0,GAVILAN
2023,0.4014,0.0,0.2412,0.0016,8452.0,10484.0,GAVILAN
2012,0.5756,0.0276,0.3919,0.0318,21486.0,9277.0,GLENDALE
2013,0.5393,0.0295,0.4099,0.0367,20426.0,8859.0,GLENDALE
2014,0.5123,0.0123,0.4098,0.0161,19918.0,9204.0,GLENDALE
2015,0.547,0.0171,0.3862,0.0253,20785.0,9192.0,GLENDALE
2016,0.4893,0.0114,0.3555,0.0235,21491.0,9181.0,GLENDALE
2017,0.5185,0.0077,0.3491,0.0209,20860.0,9888.0,GLENDALE
2018,0.5359,0.0107,0.3557,0.0199,20242.0,11239.0,GLENDALE
2019,0.5073,0.0102,0.3488,0.0198,19230.0,9706.0,GLENDALE
2020,0.4932,0.0121,0.363,0.0198,18781.0,11366.0,GLENDALE
2021,0.4476,0.0096,0.3268,0.0171,18156.0,14283.0,GLENDALE
2022,0.4735,0.0038,0.3389,0.017,16523.0,14536.0,GLENDALE
2023,0.5141,0.0151,0.353,0.0269,15757.0,15802.0,GLENDALE
2012,0.4941,0.0286,0.2581,0.0275,18155.0,14815.0,GOLDEN WEST
2013,0.4483,0.0268,0.2768,0.028,16245.0,16230.0,GOLDEN WEST
2014,0.4643,0.0253,0.2733,0.0236,17752.0,14857.0,GOLDEN WEST
2015,0.4857,0.0158,0.2958,0.0211,17598.0,18716.0,GOLDEN WEST
2016,0.4555,0.014,0.2685,0.0205,17710.0,14397.0,GOLDEN WEST
2017,0.3934,0.0088,0.245,0.0175,17854.0,10951.0,GOLDEN WEST
2018,0.4023,0.009,0.2399,0.0186,18070.0,11768.0,GOLDEN WEST
2019,0.4395,0.0257,0.2325,0.0202,17732.0,10939.0,GOLDEN WEST
2020,0.4934,0.0167,0.2588,0.018,18515.0,11401.0,GOLDEN WEST
2021,0.4085,0.0088,0.2255,0.0112,18218.0,11843.0,GOLDEN WEST
2022,0.4872,0.01,0.2399,0.0115,16795.0,11422.0,GOLDEN WEST
2023,0.4347,0.0097,0.2274,0.0156,17298.0,12206.0,GOLDEN WEST
2012,0.3899,0.045,0.2348,0.0304,25714.0,6844.0,GROSSMONT
2013,0.4303,0.0395,0.2278,0.0256,23536.0,7759.0,GROSSMONT
2014,0.4289,0.0288,0.22,0.018,25215.0,7134.0,GROSSMONT
2015,0.4483,0.0286,0.2507,0.017,24969.0,6733.0,GROSSMONT
2016,0.4378,0.0231,0.2434,0.0179,25153.0,7956.0,GROSSMONT
2017,0.4575,0.0229,0.2482,0.0191,25758.0,9956.0,GROSSMONT
2018,0.4385,0.0161,0.2518,0.0189,25781.0,10090.0,GROSSMONT
2019,0.4352,0.0166,0.252,0.0159,25028.0,10110.0,GROSSMONT
2020,0.4525,0.0065,0.2646,0.0136,23927.0,11511.0,GROSSMONT
2021,0.3971,0.0023,0.2264,0.0076,20431.0,11295.0,GROSSMONT
2022,0.3915,0.0009,0.244,0.0065,18249.0,11522.0,GROSSMONT
2023,0.4358,0.0082,0.2367,0.0105,18592.0,11543.0,GROSSMONT
2012,0.6142,0.0155,0.3065,0.0135,14202.0,14202.0,HARTNELL
2013,0.6201,0.0,0.3227,0.0,13351.0,14629.0,HARTNELL
2014,0.5655,0.0,0.2883,0.0,13721.0,14644.0,HARTNELL
2015,0.5619,0.0,0.2699,0.0,16280.0,16000.0,HARTNELL
2016,0.5681,0.0,0.2463,0.0,17166.0,15859.0,HARTNELL
2017,0.5042,0.0,0.2111,0.0,17292.0,16171.0,HARTNELL
2018,0.5398,0.0,0.2288,0.0,18259.0,11120.0,HARTNELL
2019,0.4813,0.0,0.2034,0.0,18538.0,11661.0,HARTNELL
2020,0.5029,0.002,0.206,0.0018,17951.0,13195.0,HARTNELL
2021,0.4057,0.0,0.2451,0.0015,12194.0,12273.0,HARTNELL
2022,0.4175,0.0,0.1903,0.0017,13758.0,11638.0,HARTNELL
2023,0.5645,0.0028,0.2747,0.0025,11487.0,12050.0,HARTNELL
2012,0.7614,0.0,0.5777,0.0,9820.0,8553.0,IMPERIAL VALLEY
2013,0.7871,0.0,0.5619,0.0,9389.0,9320.0,IMPERIAL VALLEY
2014,0.7615,0.0,0.5228,0.0,9674.0,9529.0,IMPERIAL VALLEY
2015,0.7498,0.0,0.5538,0.0,9734.0,9834.0,IMPERIAL VALLEY
2016,0.7869,0.0,0.536,0.0,9916.0,11077.0,IMPERIAL VALLEY
2017,0.7753,0.0,0.5297,0.0,10158.0,10734.0,IMPERIAL VALLEY
2018,0.7896,0.0,0.5445,0.0,9028.0,9822.0,IMPERIAL VALLEY
2019,0.8124,0.0,0.5517,0.0,10628.0,9450.0,IMPERIAL VALLEY
2020,0.8133,0.0,0.5489,0.0,10815.0,10240.0,IMPERIAL VALLEY
2021,0.7343,0.0,0.5158,0.0,9201.0,10446.0,IMPERIAL VALLEY
2022,0.7573,0.0,0.4985,0.0,10185.0,11958.0,IMPERIAL VALLEY
2023,0.7909,0.0,0.5042,0.0,10716.0,12466.0,IMPERIAL VALLEY
2012,0.248,0.0194,0.1182,0.0164,20799.0,16064.0,IRVINE VALLEY
2013,0.2536,0.016,0.125,0.0148,18534.0,16598.0,IRVINE VALLEY
2014,0.2689,0.0208,0.1422,0.014,18618.0,17407.0,IRVINE VALLEY
2015,0.297,0.0137,0.1608,0.0134,18927.0,15919.0,IRVINE VALLEY
2016,0.29,0.0113,0.1967,0.0148,19473.0,12449.0,IRVINE VALLEY
2017,0.2803,0.0126,0.1704,0.011,21294.0,10988.0,IRVINE VALLEY
2018,0.2497,0.0069,0.1719,0.0102,20065.0,10859.0,IRVINE VALLEY
2019,0.2615,0.006,0.1662,0.009,19299.0,10550.0,IRVINE VALLEY
2020,0.2934,0.0074,0.1829,0.0077,18862.0,11978.0,IRVINE VALLEY
2021,0.2865,0.0017,0.1796,0.0059,18155.0,10767.0,IRVINE VALLEY
2022,0.3452,0.0062,0.2038,0.0056,17098.0,12297.0,IRVINE VALLEY
2023,0.3211,0.0056,0.2061,0.009,16462.0,11750.0,IRVINE VALLEY
2012,0.5027,0.0,0.227,0.0,5902.0,9645.0,LAKE TAHOE
2013,0.3851,0.0,0.2235,0.0,4979.0,10124.0,LAKE TAHOE
2014,0.5448,0.0,0.2453,0.0,5373.0,10539.0,LAKE TAHOE
2015,0.4841,0.0,0.2187,0.0,5824.0,10880.0,LAKE TAHOE
2016,0.2762,0.0,0.1801,0.0,6046.0,10476.0,LAKE TAHOE
2017,0.375,0.0,0.2125,0.0,5484.0,12088.0,LAKE TAHOE
2018,0.3621,0.0,0.1812,0.0,6837.0,12879.0,LAKE TAHOE
2019,0.3923,0.0,0.1481,0.0008,7185.0,14615.0,LAKE TAHOE
2020,0.375,0.0417,0.1766,0.0116,6667.0,10947.0,LAKE TAHOE
2021,0.3204,0.0097,0.1458,0.0073,5986.0,10703.0,LAKE TAHOE
2022,0.2099,0.0,0.1527,0.0099,6235.0,16963.0,LAKE TAHOE
2023,0.413,0.0217,0.1476,0.0153,8526.0,17731.0,LAKE TAHOE
2012,0.497,0.009,0.1929,0.0104,19943.0,11684.0,LANEY
2013,0.5439,0.0175,0.2256,0.0169,18699.0,14398.0,LANEY
2014,0.5949,0.0304,0.2348,0.0191,18748.0,13547.0,LANEY
2015,0.6562,0.0716,0.2561,0.0294,18863.0,15334.0,LANEY
2016,0.5466,0.0098,0.2339,0.0207,19236.0,15330.0,LANEY
2017,0.5569,0.0175,0.2241,0.0166,18063.0,12877.0,LANEY
2018,0.5404,0.0062,0.2335,0.0154,17817.0,16851.0,LANEY
2019,0.4286,0.0149,0.2212,0.0115,17068.0,18437.0,LANEY
2020,0.4558,0.0057,0.2038,0.0089,16892.0,19375.0,LANEY
2021,0.2979,0.0053,0.1496,0.005,15069.0,22364.0,LANEY
2022,0.3039,0.0,0.1511,0.0041,14309.0,20701.0,LANEY
2023,0.3978,0.0186,0.1604,0.0066,15913.0,22777.0,LANEY
2012,0.273,0.0171,0.1915,0.0136,11733.0,10501.0,LAS POSITAS
2013,0.2478,0.0064,0.1745,0.0139,11544.0,10749.0,LAS POSITAS
2014,0.305,0.0079,0.184,0.0109,11814.0,10573.0,LAS POSITAS
2015,0.3006,0.0012,0.1807,0.0072,12156.0,10354.0,LAS POSITAS
2016,0.2561,0.0,0.1659,0.0,12629.0,11283.0,LAS POSITAS
2017,0.2693,0.0026,0.1507,0.0055,12995.0,10563.0,LAS POSITAS
2018,0.2453,0.0038,0.1488,0.0046,12994.0,11204.0,LAS POSITAS
2019,0.2597,0.0026,0.1497,0.0032,12372.0,10877.0,LAS POSITAS
2020,0.2406,0.0,0.1531,0.0019,12137.0,11565.0,LAS POSITAS
2021,0.2013,0.0,0.1323,0.0014,11617.0,11959.0,LAS POSITAS
2022,0.2111,0.0,0.137,0.0008,10649.0,10912.0,LAS POSITAS
2023,0.22,0.0013,0.1419,0.0024,10091.0,14810.0,LAS POSITAS
2012,0.483,0.125,0.1743,0.0587,5285.0,14125.0,LASSEN
2013,0.3734,0.1392,0.2011,0.0559,4567.0,13925.0,LASSEN
2014,0.4911,0.1243,0.1527,0.0386,4912.0,12285.0,LASSEN
2015,0.5187,0.0909,0.1412,0.0274,4720.0,13209.0,LASSEN
2016,0.3298,0.0995,0.1372,0.0228,4484.0,14029.0,LASSEN
2017,0.2789,0.0684,0.1276,0.0229,4135.0,15788.0,LASSEN
2018,0.355,0.071,0.1159,0.0173,4552.0,16311.0,LASSEN
2019,0.4221,0.1169,0.0959,0.0211,4890.0,16281.0,LASSEN
2020,0.375,0.0764,0.1013,0.0218,4265.0,15778.0,LASSEN
2021,0.1869,0.0187,0.0978,0.0038,2957.0,18311.0,LASSEN
2022,0.3043,0.0261,0.1075,0.0093,2885.0,15362.0,LASSEN
2023,0.5138,0.1284,0.1334,0.0226,2991.0,17063.0,LASSEN
2012,0.7229,0.0343,0.4487,0.0519,5734.0,9377.0,LEMOORE
2013,0.6566,0.0361,0.44,0.056,5456.0,13014.0,LEMOORE
2014,0.631,0.0458,0.4515,0.0629,5930.0,12436.0,LEMOORE
2015,0.6204,0.0255,0.4494,0.0511,5750.0,13985.0,LEMOORE
2016,0.6042,0.0164,0.4355,0.0413,5864.0,14887.0,LEMOORE
2017,0.5924,0.0141,0.4121,0.0371,5996.0,15545.0,LEMOORE
2018,0.6718,0.0176,0.4168,0.0242,6364.0,15565.0,LEMOORE
2019,0.61,0.0109,0.4126,0.0257,6574.0,15793.0,LEMOORE
2020,0.694,0.0096,0.4201,0.0241,6345.0,17552.0,LEMOORE
2021,0.5986,0.0034,0.3718,0.0175,5922.0,18096.0,LEMOORE
2022,0.6379,0.01,0.3789,0.0141,5521.0,17735.0,LEMOORE
2023,0.6957,0.0058,0.3833,0.0135,5929.0,18119.0,LEMOORE
2012,0.6364,0.0568,0.4496,0.0745,33504.0,10322.0,LONG BEACH CITY
2013,0.636,0.0316,0.4402,0.0599,30797.0,10615.0,LONG BEACH CITY
2014,0.627,0.0304,0.3876,0.0408,30644.0,10824.0,LONG BEACH CITY
2015,0.647,0.0229,0.3785,0.0241,32566.0,10936.0,LONG BEACH CITY
2016,0.5864,0.0144,0.3494,0.0217,32506.0,10568.0,LONG BEACH CITY
2017,0.5625,0.0177,0.3363,0.0234,33463.0,11049.0,LONG BEACH CITY
2018,0.5976,0.0117,0.344,0.021,32876.0,10438.0,LONG BEACH CITY
2019,0.516,0.0103,0.3412,0.0144,33098.0,10361.0,LONG BEACH CITY
2020,0.5982,0.0085,0.3776,0.0177,33640.0,12061.0,LONG BEACH CITY
2021,0.5528,0.0045,0.3556,0.0137,32407.0,11991.0,LONG BEACH CITY
2022,0.593,0.005,0.372,0.0154,32638.0,11632.0,LONG BEACH CITY
2023,0.6025,0.007,0.3726,0.0213,32177.0,12664.0,LONG BEACH CITY
2012,0.5589,0.0877,0.3013,0.0555,31390.0,10923.0,LOS ANGELES CITY
2013,0.5985,0.097,0.3279,0.0516,28386.0,11090.0,LOS ANGELES CITY
2014,0.5633,0.0652,0.3484,0.0505,31207.0,11871.0,LOS ANGELES CITY
2015,0.5981,0.0085,0.347,0.0062,29008.0,12617.0,LOS ANGELES CITY
2016,0.5442,0.03,0.3098,0.0431,29637.0,12272.0,LOS ANGELES CITY
2017,0.5292,0.0389,0.2814,0.0361,28735.0,12383.0,LOS ANGELES CITY
2018,0.4588,0.0387,0.2518,0.0312,25533.0,12362.0,LOS ANGELES CITY
2019,0.4921,0.0381,0.2565,0.0329,25897.0,14285.0,LOS ANGELES CITY
2020,0.5568,0.0256,0.28,0.0342,25991.0,16506.0,LOS ANGELES CITY
2021,0.5484,0.0179,0.2513,0.0265,26273.0,16656.0,LOS ANGELES CITY
2022,0.6346,0.0092,0.2782,0.0276,23589.0,16948.0,LOS ANGELES CITY
2023,0.5559,0.033,0.2624,0.0344,23627.0,16176.0,LOS ANGELES CITY
2012,0.5634,0.0112,0.3272,0.0169,14553.0,13635.0,LOS ANGELES HARBOR
2013,0.5856,0.0046,0.3478,0.0146,12915.0,13977.0,LOS ANGELES HARBOR
2014,0.4981,0.0058,0.3337,0.0126,14113.0,14646.0,LOS ANGELES HARBOR
2015,0.6739,0.0,0.3343,0.0008,13926.0,15606.0,LOS ANGELES HARBOR
2016,0.4814,0.0034,0.3036,0.0083,13780.0,16347.0,LOS ANGELES HARBOR
2017,0.4464,0.0064,0.2706,0.0103,13452.0,15062.0,LOS ANGELES HARBOR
2018,0.4603,0.0013,0.2401,0.0082,13373.0,16949.0,LOS ANGELES HARBOR
2019,0.4882,0.0021,0.2401,0.0064,12560.0,17109.0,LOS ANGELES HARBOR
2020,0.5215,0.0,0.259,0.0048,13273.0,18393.0,LOS ANGELES HARBOR
2021,0.4405,0.0,0.2011,0.0031,12492.0,18904.0,LOS ANGELES HARBOR
2022,0.5581,0.0,0.2262,0.0044,11263.0,19579.0,LOS ANGELES HARBOR
2023,0.5689,0.0018,0.228,0.0059,12750.0,19463.0,LOS ANGELES HARBOR
2012,0.5991,0.0384,0.3228,0.0322,13658.0,13536.0,LOS ANGELES MISSION
2013,0.6233,0.0305,0.3372,0.0352,12677.0,13281.0,LOS ANGELES MISSION
2014,0.6385,0.0146,0.3509,0.0308,13233.0,13377.0,LOS ANGELES MISSION
2015,0.5937,0.0,0.3252,0.0001,14364.0,14085.0,LOS ANGELES MISSION
2016,0.5126,0.0201,0.301,0.0216,14701.0,14234.0,LOS ANGELES MISSION
2017,0.5466,0.0128,0.276,0.0191,15729.0,13876.0,LOS ANGELES MISSION
2018,0.5115,0.0038,0.2449,0.0141,15918.0,15149.0,LOS ANGELES MISSION
2019,0.4622,0.0043,0.23,0.0112,16005.0,16678.0,LOS ANGELES MISSION
2020,0.5047,0.0032,0.2356,0.0122,16724.0,18781.0,LOS ANGELES MISSION
2021,0.4558,0.0,0.2004,0.008,15783.0,17890.0,LOS ANGELES MISSION
2022,0.5021,0.0064,0.2062,0.0079,15825.0,18877.0,LOS ANGELES MISSION
2023,0.5486,0.0061,0.2113,0.0107,16752.0,19525.0,LOS ANGELES MISSION
2012,0.5669,0.0799,0.3256,0.0605,27749.0,13224.0,LOS ANGELES PIERCE
2013,0.5415,0.0588,0.3373,0.059,26417.0,14213.0,LOS ANGELES PIERCE
2014,0.5977,0.0541,0.343,0.0521,28454.0,13772.0,LOS ANGELES PIERCE
2015,0.5838,0.0022,0.3408,0.0029,29962.0,13865.0,LOS ANGELES PIERCE
2016,0.5266,0.0437,0.3163,0.0446,29890.0,14954.0,LOS ANGELES PIERCE
2017,0.52,0.0449,0.2997,0.0402,29943.0,14892.0,LOS ANGELES PIERCE
2018,0.4638,0.0304,0.2798,0.0354,27659.0,16419.0,LOS ANGELES PIERCE
2019,0.4436,0.0195,0.265,0.0315,27577.0,17298.0,LOS ANGELES PIERCE
2020,0.5013,0.0146,0.2853,0.0296,28007.0,18941.0,LOS ANGELES PIERCE
2021,0.4106,0.005,0.2454,0.0223,25709.0,19386.0,LOS ANGELES PIERCE
2022,0.4746,0.0139,0.2581,0.0233,22698.0,19492.0,LOS ANGELES PIERCE
2023,0.4977,0.0187,0.268,0.0247,23796.0,19844.0,LOS ANGELES PIERCE
2012,0.7935,0.0194,0.3989,0.0304,10732.0,10084.0,LOS ANGELES SOUTHWEST
2013,0.7518,0.0365,0.3783,0.0334,9937.0,11945.0,LOS ANGELES SOUTHWEST
2014,0.7184,0.0181,0.3815,0.0315,11996.0,12021.0,LOS ANGELES SOUTHWEST
2015,0.6937,0.0,0.4156,0.002,10272.0,12150.0,LOS ANGELES SOUTHWEST
2016,0.7016,0.0426,0.4133,0.0511,10789.0,12190.0,LOS ANGELES SOUTHWEST
2017,0.6878,0.0498,0.3888,0.0573,10512.0,12416.0,LOS ANGELES SOUTHWEST
2018,0.5926,0.0148,0.3097,0.0333,10118.0,14239.0,LOS ANGELES SOUTHWEST
2019,0.5435,0.0217,0.3071,0.0226,9933.0,14194.0,LOS ANGELES SOUTHWEST
2020,0.5918,0.0029,0.2949,0.0206,10791.0,16826.0,LOS ANGELES SOUTHWEST
2021,0.5044,0.0,0.2438,0.0115,9635.0,13698.0,LOS ANGELES SOUTHWEST
2022,0.52,0.0,0.2073,0.0096,8917.0,14916.0,LOS ANGELES SOUTHWEST
2023,0.6477,0.017,0.2459,0.0144,9536.0,14768.0,LOS ANGELES SOUTHWEST
2012,0.5922,0.0608,0.3365,0.0379,22192.0,11082.0,LOS ANGELES TRADE TECHNICAL
2013,0.6244,0.0683,0.371,0.0563,20244.0,11030.0,LOS ANGELES TRADE TECHNICAL
2014,0.5914,0.0504,0.372,0.049,20878.0,11479.0,LOS ANGELES TRADE TECHNICAL
2015,0.5863,0.0,0.3718,0.0003,21846.0,12442.0,LOS ANGELES TRADE TECHNICAL
2016,0.5817,0.033,0.3542,0.04,22401.0,12422.0,LOS ANGELES TRADE TECHNICAL
2017,0.5076,0.0361,0.3285,0.0346,22387.0,12817.0,LOS ANGELES TRADE TECHNICAL
2018,0.5011,0.0177,0.2976,0.0261,21393.0,14183.0,LOS ANGELES TRADE TECHNICAL
2019,0.4436,0.0075,0.2887,0.022,21363.0,14075.0,LOS ANGELES TRADE TECHNICAL
2020,0.6038,0.0052,0.3044,0.0185,21565.0,16343.0,LOS ANGELES TRADE TECHNICAL
2021,0.5301,0.0029,0.2374,0.0081,19543.0,15980.0,LOS ANGELES TRADE TECHNICAL
2022,0.5659,0.0043,0.2415,0.0085,16958.0,18037.0,LOS ANGELES TRADE TECHNICAL
2023,0.6235,0.0046,0.3123,0.0142,17544.0,18516.0,LOS ANGELES TRADE TECHNICAL
2012,0.6688,0.1239,0.3367,0.0542,26612.0,12366.0,LOS ANGELES VALLEY
2013,0.6317,0.0786,0.3189,0.049,26127.0,13341.0,LOS ANGELES VALLEY
2014,0.6388,0.0455,0.3346,0.0372,27301.0,13485.0,LOS ANGELES VALLEY
2015,0.6193,0.0,0.3292,0.0005,26966.0,13737.0,LOS ANGELES VALLEY
2016,0.5681,0.0232,0.3231,0.0243,27113.0,14512.0,LOS ANGELES VALLEY
2017,0.5856,0.0231,0.3142,0.0175,26711.0,15289.0,LOS ANGELES VALLEY
2018,0.5781,0.0123,0.3018,0.0139,26155.0,15576.0,LOS ANGELES VALLEY
2019,0.5591,0.0216,0.2856,0.0162,26594.0,16833.0,LOS ANGELES VALLEY
2020,0.6156,0.004,0.2969,0.0143,26867.0,17215.0,LOS ANGELES VALLEY
2021,0.5241,0.0067,0.2428,0.0091,25085.0,17366.0,LOS ANGELES VALLEY
2022,0.5153,0.0015,0.259,0.0107,23180.0,17931.0,LOS ANGELES VALLEY
2023,0.5912,0.011,0.2594,0.0137,24256.0,18625.0,LOS ANGELES VALLEY
2012,0.4154,0.0,0.2867,0.0064,13340.0,14136.0,LOS MEDANOS
2013,0.407,0.0097,0.2708,0.0089,12375.0,14140.0,LOS MEDANOS
2014,0.4458,0.0036,0.2811,0.0077,12217.0,14499.0,LOS MEDANOS
2015,0.3955,0.0127,0.2838,0.0127,12344.0,10836.0,LOS MEDANOS
2016,0.3768,0.004,0.279,0.0183,12681.0,10878.0,LOS MEDANOS
2017,0.3668,0.0082,0.2806,0.0176,12720.0,11427.0,LOS MEDANOS
2018,0.3669,0.009,0.2727,0.0163,13123.0,11666.0,LOS MEDANOS
2019,0.3774,0.0083,0.2348,0.0111,13687.0,12516.0,LOS MEDANOS
2020,0.374,0.0011,0.2479,0.0115,13193.0,13497.0,LOS MEDANOS
2021,0.3117,0.0025,0.2144,0.0072,11789.0,11897.0,LOS MEDANOS
2022,0.3571,0.0038,0.2426,0.0098,11148.0,12382.0,LOS MEDANOS
2023,0.379,0.0083,0.2499,0.0107,11258.0,13850.0,LOS MEDANOS
2021,0.0,0.0,0.0,0.0,6840.0,,MADERA
2022,0.34,0.0,0.0754,0.0004,8507.0,10297.0,MADERA
2023,0.6141,0.0041,0.1806,0.0011,9266.0,9875.0,MADERA
,,,,,,,MADERA
,,,,,,,MADERA
,,,,,,,MADERA
,,,,,,,MADERA
,,,,,,,MADERA
,,,,,,,MADERA
,,,,,,,MADERA
,,,,,,,MADERA
,,,,,,,MADERA
2012,0.6667,0.0746,0.3472,0.0514,5928.0,12222.0,MENDOCINO
2013,0.6125,0.1375,0.3577,0.0581,5741.0,14316.0,MENDOCINO
2014,0.6818,0.1364,0.3462,0.0558,6099.0,14341.0,MENDOCINO
2015,0.6407,0.0952,0.3404,0.0414,6391.0,13016.0,MENDOCINO
2016,0.6404,0.0877,0.3056,0.0385,6698.0,14039.0,MENDOCINO
2017,0.5511,0.0852,0.2735,0.034,6809.0,15151.0,MENDOCINO
2018,0.6767,0.015,0.2948,0.0292,6441.0,14230.0,MENDOCINO
2019,0.5364,0.0464,0.2683,0.0226,6477.0,13593.0,MENDOCINO
2020,0.5447,0.0488,0.2902,0.0255,6503.0,16849.0,MENDOCINO
2021,0.5116,0.0116,0.251,0.0153,5216.0,16011.0,MENDOCINO
2022,0.4,0.0,0.2193,0.0157,5219.0,16539.0,MENDOCINO
2023,0.5702,0.0165,0.2541,0.0214,5738.0,16746.0,MENDOCINO
2012,0.7394,0.0,0.5273,0.0,13883.0,9023.0,MERCED
2013,0.6603,0.0,0.4734,0.0,13409.0,9094.0,MERCED
2014,0.7301,0.0,0.4911,0.0,13606.0,15308.0,MERCED
2015,0.6679,0.0,0.4729,0.0,13351.0,15244.0,MERCED
2016,0.631,0.0,0.4395,0.0,13778.0,15400.0,MERCED
2017,0.603,0.0,0.3994,0.0,14458.0,15474.0,MERCED
2018,0.6461,0.0,0.3815,0.0,15129.0,15508.0,MERCED
2019,0.6285,0.0,0.3498,0.0,15241.0,18123.0,MERCED
2020,0.6066,0.0035,0.3583,0.0035,15302.0,19055.0,MERCED
2021,0.56,0.0018,0.2926,0.0022,14638.0,19487.0,MERCED
2022,0.5403,0.001,0.3075,0.0034,13886.0,12436.0,MERCED
2023,0.5817,0.0041,0.3339,0.0054,14859.0,12722.0,MERCED
2012,0.6788,0.0424,0.2372,0.022,10222.0,15400.0,MERRITT
2013,0.6424,0.0848,0.2235,0.0417,10276.0,15651.0,MERRITT
2014,0.5342,0.0932,0.2397,0.0443,10148.0,15643.0,MERRITT
2015,0.6409,0.0545,0.2664,0.0395,10610.0,13843.0,MERRITT
2016,0.5048,0.0192,0.2184,0.0289,10948.0,15172.0,MERRITT
2017,0.4886,0.0568,0.1861,0.0178,11467.0,16019.0,MERRITT
2018,0.6034,0.0279,0.1869,0.0134,11674.0,15569.0,MERRITT
2019,0.4091,0.0045,0.1534,0.0097,12264.0,16953.0,MERRITT
2020,0.4444,0.0089,0.1402,0.0085,11371.0,18713.0,MERRITT
2021,0.22,0.0,0.0988,0.0033,10716.0,20217.0,MERRITT
2022,0.2333,0.0083,0.0946,0.0024,10948.0,21122.0,MERRITT
2023,0.378,0.0079,0.0936,0.0034,11059.0,22559.0,MERRITT
2012,0.2165,0.0184,0.0985,0.0125,21722.0,9288.0,MIRACOSTA
2013,0.253,0.0264,0.1202,0.0165,21751.0,9338.0,MIRACOSTA
2014,0.2862,0.0217,0.15,0.0194,21194.0,11241.0,MIRACOSTA
2015,0.42,0.028,0.2698,0.0194,21187.0,12129.0,MIRACOSTA
2016,0.3924,0.0198,0.2569,0.024,21745.0,10754.0,MIRACOSTA
2017,0.397,0.0141,0.2565,0.0263,21028.0,8559.0,MIRACOSTA
2018,0.4119,0.0137,0.2661,0.0245,20677.0,10578.0,MIRACOSTA
2019,0.4321,0.0076,0.2933,0.0216,19622.0,9082.0,MIRACOSTA
2020,0.396,0.0079,0.278,0.0178,18710.0,11676.0,MIRACOSTA
2021,0.3466,0.0083,0.249,0.0161,18204.0,12359.0,MIRACOSTA
2022,0.3759,0.0098,0.2478,0.0168,16847.0,13016.0,MIRACOSTA
2023,0.4343,0.0168,0.2724,0.0217,16640.0,15713.0,MIRACOSTA
2012,0.4965,0.0071,0.2624,0.0136,16238.0,13078.0,MISSION
2013,0.4713,0.0048,0.2534,0.0078,15600.0,13876.0,MISSION
2014,0.3914,0.0054,0.2413,0.0048,14621.0,13665.0,MISSION
2015,0.3675,0.0066,0.2328,0.0076,13761.0,14449.0,MISSION
2016,0.4132,0.0122,0.2065,0.0104,13755.0,15052.0,MISSION
2017,0.2892,0.0062,0.1849,0.0075,12990.0,15181.0,MISSION
2018,0.2177,0.0,0.1857,0.0065,12500.0,15287.0,MISSION
2019,0.3701,0.0,0.1656,0.0037,12435.0,12395.0,MISSION
2020,0.3631,0.0054,0.1657,0.0044,11514.0,11905.0,MISSION
2021,0.3091,0.0,0.1432,0.0025,11314.0,13216.0,MISSION
2022,0.3872,0.0038,0.1628,0.0025,10043.0,13477.0,MISSION
2023,0.338,0.0028,0.1622,0.0035,10088.0,15047.0,MISSION
2012,0.5771,0.0,0.3932,0.0,23056.0,12672.0,MODESTO JUNIOR
2013,0.5717,0.0,0.3901,0.0,22233.0,12734.0,MODESTO JUNIOR
2014,0.5879,0.0,0.4141,0.0,23093.0,13569.0,MODESTO JUNIOR
2015,0.5755,0.0,0.4061,0.0,24107.0,14023.0,MODESTO JUNIOR
2016,0.567,0.0,0.3789,0.0,24227.0,14839.0,MODESTO JUNIOR
2017,0.5441,0.0,0.3751,0.0,24303.0,14942.0,MODESTO JUNIOR
2018,0.5312,0.0,0.3791,0.0,24387.0,15099.0,MODESTO JUNIOR
2019,0.5024,0.0,0.344,0.0,24881.0,16844.0,MODESTO JUNIOR
2020,0.4823,0.0,0.3458,0.0015,25509.0,18505.0,MODESTO JUNIOR
2021,0.3388,0.0,0.2984,0.0001,22463.0,18817.0,MODESTO JUNIOR
2022,0.3199,0.0,0.2794,0.001,22655.0,19523.0,MODESTO JUNIOR
2023,0.3848,0.0009,0.2617,0.0022,23598.0,14769.0,MODESTO JUNIOR
2012,0.4066,0.0584,0.1451,0.0262,18484.0,13821.0,MONTEREY PENINSULA
2013,0.385,0.0474,0.1298,0.0239,17916.0,12092.0,MONTEREY PENINSULA
2014,0.4296,0.0777,0.1374,0.0221,14858.0,13450.0,MONTEREY PENINSULA
2015,0.4052,0.0293,0.1844,0.0215,13660.0,11819.0,MONTEREY PENINSULA
2016,0.4236,0.0278,0.1688,0.0167,12729.0,10718.0,MONTEREY PENINSULA
2017,0.441,0.0226,0.1858,0.0174,14087.0,12373.0,MONTEREY PENINSULA
2018,0.4222,0.0278,0.2036,0.0177,12329.0,14342.0,MONTEREY PENINSULA
2019,0.3798,0.0165,0.1806,0.0147,12220.0,16679.0,MONTEREY PENINSULA
2020,0.4278,0.0221,0.1895,0.0135,11550.0,18472.0,MONTEREY PENINSULA
2021,0.3758,0.0062,0.17,0.0095,11322.0,17963.0,MONTEREY PENINSULA
2022,0.3563,0.0098,0.1782,0.0073,10426.0,16367.0,MONTEREY PENINSULA
2023,0.4268,0.0183,0.194,0.0116,10180.0,21993.0,MONTEREY PENINSULA
2012,0.2388,0.025,0.1774,0.0322,21394.0,8548.0,MOORPARK
2013,0.2337,0.0175,0.1756,0.0281,18580.0,8400.0,MOORPARK
2014,0.2608,0.0213,0.1777,0.0184,18644.0,8631.0,MOORPARK
2015,0.2801,0.0221,0.1996,0.0215,18968.0,8426.0,MOORPARK
2016,0.2645,0.012,0.1923,0.019,19571.0,8577.0,MOORPARK
2017,0.2559,0.0143,0.1864,0.0163,19661.0,8800.0,MOORPARK
2018,0.2817,0.0059,0.1859,0.013,20160.0,8543.0,MOORPARK
2019,0.2716,0.0084,0.1734,0.0127,20190.0,9372.0,MOORPARK
2020,0.2732,0.0057,0.1756,0.0116,20631.0,9365.0,MOORPARK
2021,0.2652,0.0027,0.1524,0.0066,21795.0,9520.0,MOORPARK
2022,0.271,0.0057,0.1862,0.008,19768.0,8302.0,MOORPARK
2023,0.3094,0.002,0.1874,0.0093,19526.0,9685.0,MOORPARK
2012,0.5845,0.0458,0.2616,0.0224,16032.0,11708.0,MORENO VALLEY
2013,0.4931,0.0345,0.2426,0.024,14477.0,12112.0,MORENO VALLEY
2014,0.5538,0.0256,0.2887,0.0238,12979.0,12553.0,MORENO VALLEY
2015,0.6165,0.0148,0.3222,0.0208,13080.0,13227.0,MORENO VALLEY
2016,0.6178,0.0097,0.3094,0.0185,13708.0,12650.0,MORENO VALLEY
2017,0.5575,0.0077,0.2705,0.016,14581.0,12434.0,MORENO VALLEY
2018,0.5814,0.0071,0.2678,0.0138,15462.0,12395.0,MORENO VALLEY
2019,0.582,0.0072,0.2581,0.0126,15952.0,12846.0,MORENO VALLEY
2020,0.5496,0.0035,0.2434,0.0074,16634.0,13773.0,MORENO VALLEY
2021,0.4793,0.0079,0.2255,0.0052,14624.0,11315.0,MORENO VALLEY
2022,0.5289,0.0,0.2337,0.0053,12781.0,12493.0,MORENO VALLEY
2023,0.553,0.0052,0.2047,0.0078,15329.0,12024.0,MORENO VALLEY
2012,0.5,0.0103,0.3613,0.0165,36309.0,9677.0,MT SAN ANTONIO
2013,0.5441,0.0059,0.3862,0.0159,35969.0,9243.0,MT SAN ANTONIO
2014,0.5414,0.007,0.378,0.0111,36770.0,9280.0,MT SAN ANTONIO
2015,0.5373,0.0059,0.3793,0.0097,37771.0,9329.0,MT SAN ANTONIO
2016,0.4878,0.0023,0.3679,0.0082,37803.0,9758.0,MT SAN ANTONIO
2017,0.45,0.0063,0.3331,0.0076,38461.0,10109.0,MT SAN ANTONIO
2018,0.4693,0.0047,0.3426,0.0065,39512.0,10161.0,MT SAN ANTONIO
2019,0.4091,0.0018,0.2979,0.0057,39020.0,9759.0,MT SAN ANTONIO
2020,0.4512,0.0056,0.3392,0.0057,40068.0,10825.0,MT SAN ANTONIO
2021,0.4326,0.0025,0.313,0.0037,39214.0,11578.0,MT SAN ANTONIO
2022,0.4775,0.0027,0.3272,0.0054,36680.0,11499.0,MT SAN ANTONIO
2023,0.4921,0.0059,0.3422,0.0086,36662.0,12077.0,MT SAN ANTONIO
2012,0.5918,0.0,0.341,0.0,19410.0,11978.0,MT SAN JACINTO
2013,0.5975,0.0,0.3641,0.0,17858.0,11952.0,MT SAN JACINTO
2014,0.5981,0.0,0.4014,0.0,18055.0,11843.0,MT SAN JACINTO
2015,0.596,0.0,0.4054,0.0,19219.0,11482.0,MT SAN JACINTO
2016,0.5198,0.0,0.371,0.0,20233.0,11634.0,MT SAN JACINTO
2017,0.5104,0.0,0.3523,0.0,20697.0,11710.0,MT SAN JACINTO
2018,0.5109,0.0,0.3446,0.0,20992.0,11773.0,MT SAN JACINTO
2019,0.4635,0.0,0.3168,0.0,21317.0,12404.0,MT SAN JACINTO
2020,0.5068,0.0,0.3403,0.0,21606.0,12865.0,MT SAN JACINTO
2021,0.3839,0.0,0.2728,0.0004,19172.0,12543.0,MT SAN JACINTO
2022,0.4769,0.0007,0.3237,0.0021,19567.0,12680.0,MT SAN JACINTO
2023,0.4965,0.0032,0.3319,0.0059,21870.0,15091.0,MT SAN JACINTO
2012,0.496,0.0101,0.2715,0.022,8949.0,14974.0,NAPA VALLEY
2013,0.403,0.0042,0.2667,0.0199,8395.0,15178.0,NAPA VALLEY
2014,0.4277,0.0059,0.254,0.0165,8673.0,15445.0,NAPA VALLEY
2015,0.3792,0.0093,0.2447,0.0146,9011.0,16165.0,NAPA VALLEY
2016,0.3128,0.007,0.2161,0.013,8951.0,17068.0,NAPA VALLEY
2017,0.3022,0.0051,0.2074,0.012,8590.0,17453.0,NAPA VALLEY
2018,0.3949,0.0064,0.2001,0.0094,8379.0,18168.0,NAPA VALLEY
2019,0.2923,0.0125,0.1859,0.0089,7568.0,19232.0,NAPA VALLEY
2020,0.3678,0.0032,0.2038,0.0078,7382.0,20895.0,NAPA VALLEY
2021,0.2577,0.0054,0.187,0.0061,6683.0,20220.0,NAPA VALLEY
2022,0.3513,0.0,0.1888,0.0049,6459.0,20412.0,NAPA VALLEY
2023,0.295,0.0,0.1905,0.0047,6216.0,21563.0,NAPA VALLEY
2012,0.3816,0.0046,0.2066,0.0114,13909.0,10447.0,NORCO
2013,0.3774,0.0168,0.1959,0.012,13189.0,12619.0,NORCO
2014,0.4159,0.0129,0.2167,0.0141,13469.0,11815.0,NORCO
2015,0.4896,0.0156,0.2612,0.0145,13461.0,12092.0,NORCO
2016,0.4738,0.0149,0.2414,0.0109,13771.0,12212.0,NORCO
2017,0.4461,0.0044,0.2268,0.0092,14422.0,11429.0,NORCO
2018,0.4739,0.0032,0.2327,0.009,15149.0,12031.0,NORCO
2019,0.4157,0.0133,0.2055,0.0078,15935.0,12612.0,NORCO
2020,0.4098,0.0039,0.1923,0.0068,17543.0,13844.0,NORCO
2021,0.3748,0.0017,0.1773,0.0038,15560.0,12201.0,NORCO
2022,0.4026,0.0,0.1705,0.0025,13726.0,10911.0,NORCO
2023,0.3726,0.0034,0.157,0.0034,15592.0,12749.0,NORCO
2012,0.3183,0.0264,0.1498,0.0166,15841.0,14551.0,OHLONE
2013,0.3182,0.0099,0.1612,0.0155,16414.0,16039.0,OHLONE
2014,0.3019,0.0103,0.1618,0.013,16269.0,16227.0,OHLONE
2015,0.28,0.0077,0.1416,0.0099,17203.0,15817.0,OHLONE
2016,0.2317,0.0026,0.1475,0.0089,16861.0,16547.0,OHLONE
2017,0.2293,0.0038,0.1445,0.008,17232.0,16933.0,OHLONE
2018,0.25,0.0,0.1548,0.0072,15318.0,16540.0,OHLONE
2019,0.2515,0.0037,0.1336,0.006,15843.0,16534.0,OHLONE
2020,0.2484,0.0013,0.1384,0.0047,14172.0,17095.0,OHLONE
2021,0.2423,0.0014,0.1173,0.0051,17402.0,16828.0,OHLONE
2022,0.2175,0.0,0.1034,0.0036,16743.0,17992.0,OHLONE
2023,0.2422,0.0014,0.1127,0.0064,15883.0,22906.0,OHLONE
2012,0.3932,0.031,0.2112,0.0253,29351.0,15933.0,ORANGE COAST
2013,0.3721,0.0222,0.1957,0.02,26742.0,16053.0,ORANGE COAST
2014,0.3826,0.0243,0.2355,0.0197,28052.0,15882.0,ORANGE COAST
2015,0.4174,0.0246,0.2632,0.0229,28517.0,15862.0,ORANGE COAST
2016,0.3876,0.0198,0.2486,0.0228,29075.0,15303.0,ORANGE COAST
2017,0.3775,0.0273,0.2352,0.0262,28696.0,10764.0,ORANGE COAST
2018,0.3422,0.0147,0.2252,0.0203,29007.0,11524.0,ORANGE COAST
2019,0.3228,0.016,0.2084,0.0191,27475.0,11120.0,ORANGE COAST
2020,0.3481,0.013,0.224,0.0166,26285.0,11715.0,ORANGE COAST
2021,0.3405,0.0199,0.2073,0.0153,24663.0,12400.0,ORANGE COAST
2022,0.3704,0.0126,0.2375,0.0138,22807.0,11863.0,ORANGE COAST
2023,0.3592,0.0174,0.2358,0.0156,22363.0,13191.0,ORANGE COAST
2012,0.7303,0.0,0.3959,0.0,10417.0,9562.0,OXNARD
2013,0.7038,0.0,0.3531,0.0,10346.0,9496.0,OXNARD
2014,0.6743,0.0,0.3417,0.0,10446.0,9523.0,OXNARD
2015,0.7077,0.0,0.344,0.0,10801.0,8893.0,OXNARD
2016,0.6532,0.0,0.334,0.0,10917.0,8516.0,OXNARD
2017,0.6112,0.0,0.3138,0.0,11145.0,9000.0,OXNARD
2018,0.6395,0.0,0.3358,0.0,11162.0,8458.0,OXNARD
2019,0.6208,0.006,0.3393,0.0049,10912.0,9146.0,OXNARD
2020,0.6187,0.0014,0.36,0.0082,11073.0,9662.0,OXNARD
2021,0.6148,0.0019,0.3244,0.0071,11051.0,9504.0,OXNARD
2022,0.64,0.002,0.3319,0.0085,10459.0,8129.0,OXNARD
2023,0.636,0.0069,0.3547,0.009,10332.0,9317.0,OXNARD
2012,0.7037,0.0,0.0969,0.0,4715.0,12926.0,PALO VERDE
2013,0.625,0.0,0.1148,0.0,5123.0,12973.0,PALO VERDE
2014,0.7419,0.0,0.0947,0.0,5119.0,15042.0,PALO VERDE
2015,0.5116,0.0,0.0842,0.0,5866.0,17585.0,PALO VERDE
2016,0.4865,0.0,0.0544,0.0,7158.0,15185.0,PALO VERDE
2017,0.5246,0.0,0.0575,0.0,6445.0,14514.0,PALO VERDE
2018,0.5556,0.0,0.0574,0.0,6809.0,14670.0,PALO VERDE
2019,0.4848,0.0,0.0563,0.0,6422.0,14613.0,PALO VERDE
2020,0.525,0.0,0.0491,0.0,6962.0,17656.0,PALO VERDE
2021,0.2286,0.0,0.0327,0.0,5121.0,17798.0,PALO VERDE
2022,0.3898,0.0,0.0489,0.0,5943.0,20851.0,PALO VERDE
2023,0.4444,0.0,0.0639,0.0,6354.0,21205.0,PALO VERDE
2012,0.3291,0.0198,0.1508,0.0146,35407.0,11131.0,PALOMAR
2013,0.3252,0.0154,0.1577,0.0162,33985.0,11077.0,PALOMAR
2014,0.3674,0.0163,0.1685,0.0124,34723.0,9836.0,PALOMAR
2015,0.3588,0.0084,0.1618,0.0092,35507.0,9772.0,PALOMAR
2016,0.3874,0.0079,0.1705,0.0092,34340.0,10204.0,PALOMAR
2017,0.3645,0.0139,0.1614,0.0088,35444.0,9909.0,PALOMAR
2018,0.3935,0.0035,0.1709,0.0068,35282.0,11440.0,PALOMAR
2019,0.3433,0.0043,0.1655,0.007,34820.0,11471.0,PALOMAR
2020,0.3657,0.0063,0.1834,0.0069,34019.0,13033.0,PALOMAR
2021,0.3287,0.0026,0.1642,0.0047,29594.0,11680.0,PALOMAR
2022,0.3091,0.0024,0.1646,0.0054,26222.0,13866.0,PALOMAR
2023,0.3548,0.0051,0.1716,0.0065,25877.0,13997.0,PALOMAR
2012,0.5092,0.0235,0.2876,0.0155,32765.0,11279.0,PASADENA CITY
2013,0.4409,0.0166,0.2808,0.0126,29025.0,11751.0,PASADENA CITY
2014,0.4065,0.0105,0.2918,0.0106,34050.0,11564.0,PASADENA CITY
2015,0.5239,0.0102,0.2849,0.0064,36212.0,11819.0,PASADENA CITY
2016,0.5008,0.0091,0.2866,0.0103,36283.0,11958.0,PASADENA CITY
2017,0.4388,0.0068,0.3025,0.008,38096.0,13623.0,PASADENA CITY
2018,0.4635,0.0036,0.3116,0.0063,37252.0,12350.0,PASADENA CITY
2019,0.4362,0.0038,0.2859,0.0067,36788.0,11246.0,PASADENA CITY
2020,0.4813,0.0033,0.3106,0.006,37129.0,11386.0,PASADENA CITY
2021,0.4402,0.0022,0.2872,0.0047,35760.0,12197.0,PASADENA CITY
2022,0.456,0.0017,0.2858,0.0036,31175.0,9773.0,PASADENA CITY
2023,0.4691,0.0033,0.2995,0.0064,30357.0,12166.0,PASADENA CITY
2012,0.7961,0.0,0.5341,0.0,5892.0,8265.0,PORTERVILLE
2013,0.7315,0.0,0.5259,0.0,5224.0,9019.0,PORTERVILLE
2014,0.7298,0.0,0.5559,0.0,5027.0,8881.0,PORTERVILLE
2015,0.7044,0.0,0.5634,0.0,5141.0,9162.0,PORTERVILLE
2016,0.7294,0.0,0.5277,0.0,5322.0,9734.0,PORTERVILLE
2017,0.7208,0.0,0.4656,0.0,5533.0,8127.0,PORTERVILLE
2018,0.6895,0.0,0.4711,0.0,5284.0,11912.0,PORTERVILLE
2019,0.7366,0.0,0.4749,0.0,5571.0,10878.0,PORTERVILLE
2020,0.7647,0.0,0.4598,0.0,5880.0,11968.0,PORTERVILLE
2021,0.6551,0.0,0.3681,0.0,5347.0,12278.0,PORTERVILLE
2022,0.6394,0.003,0.3585,0.0008,5062.0,13336.0,PORTERVILLE
2023,0.681,0.0,0.3584,0.001,5624.0,12522.0,PORTERVILLE
2012,0.5238,0.0244,0.3244,0.0212,19367.0,9565.0,REEDLEY
2013,0.5233,0.003,0.3128,0.0008,17931.0,10026.0,REEDLEY
2014,0.5102,0.0193,0.3114,0.0153,18452.0,9482.0,REEDLEY
2015,0.5106,0.0293,0.3007,0.0152,20697.0,9339.0,REEDLEY
2016,0.6153,0.0325,0.3462,0.013,16076.0,9655.0,REEDLEY
2017,0.668,0.0298,0.3348,0.0108,15471.0,9526.0,REEDLEY
2018,0.6147,0.0305,0.3198,0.0097,16612.0,10154.0,REEDLEY
2019,0.6056,0.0182,0.288,0.0088,18167.0,10922.0,REEDLEY
2020,0.6222,0.0107,0.2997,0.0058,19189.0,12717.0,REEDLEY
2021,0.5331,0.011,0.2731,0.0028,12578.0,12373.0,REEDLEY
2022,0.6323,0.0212,0.2931,0.0054,10784.0,11996.0,REEDLEY
2023,0.6785,0.0089,0.2821,0.0057,12583.0,11413.0,REEDLEY
2012,0.6754,0.0103,0.2831,0.0119,29281.0,10788.0,RIO HONDO
2013,0.6401,0.0072,0.285,0.0075,26490.0,10894.0,RIO HONDO
2014,0.6401,0.0072,0.285,0.0075,24815.0,10902.0,RIO HONDO
2015,0.6516,0.0081,0.2838,0.0062,26430.0,11207.0,RIO HONDO
2016,0.5761,0.0091,0.2477,0.0054,28014.0,11991.0,RIO HONDO
2017,0.6123,0.005,0.2382,0.0041,28704.0,11702.0,RIO HONDO
2018,0.632,0.0009,0.2381,0.0029,30334.0,11660.0,RIO HONDO
2019,0.5861,0.0008,0.2301,0.0028,30796.0,11985.0,RIO HONDO
2020,0.5622,0.0021,0.2411,0.003,27852.0,12245.0,RIO HONDO
2021,0.4489,0.0009,0.2162,0.0024,23737.0,12763.0,RIO HONDO
2022,0.5263,0.0036,0.2299,0.0033,22401.0,11678.0,RIO HONDO
2023,0.5789,0.0038,0.2385,0.0048,24751.0,19308.0,RIO HONDO
2012,0.5144,0.0259,0.3353,0.0256,27237.0,11676.0,RIVERSIDE CITY
2013,0.501,0.0184,0.3218,0.0265,25731.0,12403.0,RIVERSIDE CITY
2014,0.5284,0.0204,0.3363,0.0213,27033.0,12204.0,RIVERSIDE CITY
2015,0.5618,0.0178,0.3429,0.0183,27143.0,13146.0,RIVERSIDE CITY
2016,0.5403,0.0182,0.3225,0.0172,27802.0,12578.0,RIVERSIDE CITY
2017,0.5049,0.0123,0.3101,0.0171,29504.0,12523.0,RIVERSIDE CITY
2018,0.5203,0.0141,0.3138,0.0153,30088.0,13263.0,RIVERSIDE CITY
2019,0.5078,0.0197,0.3107,0.0154,30458.0,12376.0,RIVERSIDE CITY
2020,0.5398,0.0074,0.3283,0.0125,30872.0,13890.0,RIVERSIDE CITY
2021,0.47,0.0023,0.2961,0.0073,29264.0,12940.0,RIVERSIDE CITY
2022,0.4815,0.0028,0.31,0.0067,26542.0,11778.0,RIVERSIDE CITY
2023,0.5406,0.0043,0.329,0.0088,28081.0,12427.0,RIVERSIDE CITY
2012,0.6086,0.0992,0.2695,0.0622,36069.0,11641.0,SACRAMENTO CITY
2013,0.5677,0.0647,0.2649,0.0554,34855.0,12334.0,SACRAMENTO CITY
2014,0.5812,0.0591,0.2712,0.0502,33406.0,12509.0,SACRAMENTO CITY
2015,0.5292,0.0436,0.2568,0.0413,33292.0,13185.0,SACRAMENTO CITY
2016,0.4783,0.0262,0.2436,0.0346,32814.0,14372.0,SACRAMENTO CITY
2017,0.4785,0.0421,0.2419,0.037,32072.0,12587.0,SACRAMENTO CITY
2018,0.4979,0.0414,0.2401,0.0365,31936.0,12575.0,SACRAMENTO CITY
2019,0.4836,0.0343,0.2437,0.0392,31490.0,12093.0,SACRAMENTO CITY
2020,0.5304,0.0282,0.2676,0.0381,30975.0,12766.0,SACRAMENTO CITY
2021,0.4637,0.0167,0.251,0.0329,30416.0,13642.0,SACRAMENTO CITY
2022,0.5128,0.0152,0.2618,0.0353,28801.0,12894.0,SACRAMENTO CITY
2023,0.4955,0.0335,0.2503,0.041,28021.0,13062.0,SACRAMENTO CITY
2012,0.2193,0.0294,0.1257,0.0241,35011.0,15588.0,SADDLEBACK
2013,0.22,0.0193,0.1401,0.0195,33972.0,14954.0,SADDLEBACK
2014,0.2444,0.0231,0.1513,0.0202,32604.0,15171.0,SADDLEBACK
2015,0.2373,0.022,0.1632,0.02,31226.0,17068.0,SADDLEBACK
2016,0.2387,0.0253,0.1664,0.0186,30330.0,13578.0,SADDLEBACK
2017,0.2073,0.0126,0.1435,0.0156,30775.0,14031.0,SADDLEBACK
2018,0.1946,0.0139,0.1223,0.0136,31229.0,13605.0,SADDLEBACK
2019,0.1747,0.0115,0.1154,0.011,31495.0,11914.0,SADDLEBACK
2020,0.2301,0.009,0.1331,0.0079,33140.0,13237.0,SADDLEBACK
2021,0.2105,0.0095,0.1275,0.0062,30831.0,13443.0,SADDLEBACK
2022,0.2513,0.0044,0.144,0.0084,28892.0,11746.0,SADDLEBACK
2023,0.2633,0.0085,0.1532,0.0124,28742.0,11792.0,SADDLEBACK
2012,0.5394,0.0049,0.2875,0.0008,16565.0,11843.0,SAN BERNARDINO VALLEY
2013,0.5285,0.0012,0.3056,0.0006,15739.0,12483.0,SAN BERNARDINO VALLEY
2014,0.6671,0.0062,0.3875,0.0018,16452.0,12504.0,SAN BERNARDINO VALLEY
2015,0.6094,0.001,0.3291,0.0003,17478.0,13073.0,SAN BERNARDINO VALLEY
2016,0.5951,0.0,0.3612,0.0001,17811.0,14005.0,SAN BERNARDINO VALLEY
2017,0.5258,0.0,0.3188,0.0,18409.0,14091.0,SAN BERNARDINO VALLEY
2018,0.4827,0.0,0.3532,0.0,19974.0,14130.0,SAN BERNARDINO VALLEY
2019,0.5283,0.0,0.2886,0.0,19888.0,14752.0,SAN BERNARDINO VALLEY
2020,0.5532,0.0,0.3067,0.0,20297.0,14713.0,SAN BERNARDINO VALLEY
2021,0.4013,0.0,0.2497,0.0,17252.0,14606.0,SAN BERNARDINO VALLEY
2022,0.4846,0.0,0.2566,0.0,15495.0,14283.0,SAN BERNARDINO VALLEY
2023,0.7012,0.0,0.2699,0.0027,16416.0,14655.0,SAN BERNARDINO VALLEY
2012,0.7722,0.0567,0.3408,0.0637,24688.0,11417.0,SAN DIEGO CITY
2013,0.7392,0.0593,0.3363,0.0567,23875.0,12291.0,SAN DIEGO CITY
2014,0.752,0.0533,0.3408,0.0465,23117.0,11930.0,SAN DIEGO CITY
2015,0.7256,0.0263,0.3259,0.0388,25072.0,12012.0,SAN DIEGO CITY
2016,0.6816,0.0261,0.318,0.0329,25862.0,12068.0,SAN DIEGO CITY
2017,0.66,0.0177,0.2958,0.0268,26626.0,11899.0,SAN DIEGO CITY
2018,0.6448,0.015,0.2986,0.0223,25489.0,13223.0,SAN DIEGO CITY
2019,0.5748,0.0177,0.2441,0.0184,24195.0,13367.0,SAN DIEGO CITY
2020,0.5446,0.0157,0.2529,0.0168,22977.0,13143.0,SAN DIEGO CITY
2021,0.5195,0.0114,0.1744,0.0067,24181.0,14837.0,SAN DIEGO CITY
2022,0.6187,0.0196,0.2009,0.0101,21600.0,13829.0,SAN DIEGO CITY
2023,0.6128,0.0147,0.2195,0.0114,20126.0,13255.0,SAN DIEGO CITY
2012,0.4302,0.0492,0.1722,0.0313,35781.0,11823.0,SAN DIEGO MESA
2013,0.4436,0.0397,0.1864,0.0284,34240.0,12796.0,SAN DIEGO MESA
2014,0.4583,0.0359,0.1915,0.0223,33136.0,12446.0,SAN DIEGO MESA
2015,0.4702,0.0234,0.1842,0.0172,35991.0,12347.0,SAN DIEGO MESA
2016,0.4238,0.0198,0.1885,0.0156,36580.0,12382.0,SAN DIEGO MESA
2017,0.4271,0.0142,0.1892,0.0143,36207.0,12286.0,SAN DIEGO MESA
2018,0.4603,0.0212,0.1844,0.0127,36637.0,12638.0,SAN DIEGO MESA
2019,0.404,0.0155,0.1598,0.0088,35100.0,12685.0,SAN DIEGO MESA
2020,0.3815,0.0121,0.1658,0.007,32995.0,13223.0,SAN DIEGO MESA
2021,0.3416,0.0113,0.1283,0.0094,31596.0,12900.0,SAN DIEGO MESA
2022,0.4114,0.0209,0.1533,0.0124,28647.0,14035.0,SAN DIEGO MESA
2023,0.4276,0.0333,0.1556,0.0203,29029.0,12964.0,SAN DIEGO MESA
2012,0.4339,0.0321,0.1722,0.0269,20702.0,11673.0,SAN DIEGO MIRAMAR
2013,0.4204,0.0285,0.1959,0.0274,18196.0,11969.0,SAN DIEGO MIRAMAR
2014,0.4358,0.0253,0.2003,0.023,18132.0,12395.0,SAN DIEGO MIRAMAR
2015,0.4345,0.0193,0.2125,0.0226,20414.0,11681.0,SAN DIEGO MIRAMAR
2016,0.4028,0.0205,0.203,0.0185,22005.0,11912.0,SAN DIEGO MIRAMAR
2017,0.3661,0.0159,0.1716,0.013,25331.0,12306.0,SAN DIEGO MIRAMAR
2018,0.3688,0.0121,0.1696,0.0114,27682.0,12995.0,SAN DIEGO MIRAMAR
2019,0.3181,0.0025,0.145,0.0092,26785.0,12019.0,SAN DIEGO MIRAMAR
2020,0.3063,0.0063,0.1485,0.0076,23038.0,12431.0,SAN DIEGO MIRAMAR
2021,0.2269,0.0021,0.111,0.0047,22799.0,13234.0,SAN DIEGO MIRAMAR
2022,0.3216,0.0066,0.1115,0.0039,21791.0,13887.0,SAN DIEGO MIRAMAR
2023,0.3153,0.0048,0.1147,0.0054,21591.0,11428.0,SAN DIEGO MIRAMAR
2012,0.5772,0.067,0.3952,0.0654,26015.0,14084.0,SAN JOAQUIN DELTA
2013,0.5673,0.0584,0.4061,0.0701,23284.0,14951.0,SAN JOAQUIN DELTA
2014,0.6099,0.0393,0.3933,0.0526,24078.0,15377.0,SAN JOAQUIN DELTA
2015,0.532,0.0253,0.3743,0.0445,24982.0,16012.0,SAN JOAQUIN DELTA
2016,0.5474,0.0267,0.3467,0.0416,25070.0,16084.0,SAN JOAQUIN DELTA
2017,0.5378,0.0277,0.3102,0.0344,24988.0,17175.0,SAN JOAQUIN DELTA
2018,0.5408,0.021,0.3096,0.0306,24609.0,18106.0,SAN JOAQUIN DELTA
2019,0.5265,0.0171,0.282,0.0241,24808.0,18462.0,SAN JOAQUIN DELTA
2020,0.4461,0.0042,0.2718,0.0096,26150.0,21683.0,SAN JOAQUIN DELTA
2021,0.3676,0.0016,0.2364,0.0054,25009.0,21669.0,SAN JOAQUIN DELTA
2022,0.4139,0.0019,0.25,0.0049,23945.0,8551.0,SAN JOAQUIN DELTA
2023,0.419,0.0056,0.2309,0.0079,23408.0,17137.0,SAN JOAQUIN DELTA
2012,0.4635,0.0596,0.243,0.0352,15072.0,15709.0,SAN JOSE CITY
2013,0.4674,0.0674,0.197,0.0239,14009.0,15067.0,SAN JOSE CITY
2014,0.4324,0.0267,0.2039,0.0216,10540.0,15656.0,SAN JOSE CITY
2015,0.4483,0.0369,0.2145,0.0213,12999.0,15537.0,SAN JOSE CITY
2016,0.419,0.0231,0.2079,0.0139,12811.0,15892.0,SAN JOSE CITY
2017,0.361,0.0048,0.1933,0.0128,12429.0,17137.0,SAN JOSE CITY
2018,0.3748,0.0054,0.1647,0.0091,14136.0,17967.0,SAN JOSE CITY
2019,0.3566,0.0058,0.144,0.0064,14594.0,18026.0,SAN JOSE CITY
2020,0.3595,0.0055,0.1745,0.0073,14095.0,21322.0,SAN JOSE CITY
2021,0.3006,0.0,0.1556,0.0066,12945.0,21947.0,SAN JOSE CITY
2022,0.3884,0.0,0.184,0.0034,11624.0,24496.0,SAN JOSE CITY
2023,0.3989,0.0018,0.2074,0.0081,11959.0,24038.0,SAN JOSE CITY
2012,0.4962,0.011,0.1224,0.009,47065.0,8594.0,SANTA ANA
2013,0.4421,0.0061,0.1035,0.007,46347.0,8398.0,SANTA ANA
2014,0.4808,0.0072,0.1254,0.0074,45832.0,10217.0,SANTA ANA
2015,0.4971,0.008,0.1354,0.0058,47035.0,10524.0,SANTA ANA
2016,0.4779,0.0063,0.1263,0.0068,46704.0,10446.0,SANTA ANA
2017,0.4427,0.0006,0.1262,0.0055,44096.0,10383.0,SANTA ANA
2018,0.5131,0.0045,0.1432,0.0053,35606.0,11573.0,SANTA ANA
2019,0.4604,0.0081,0.1302,0.0052,45859.0,11161.0,SANTA ANA
2020,0.5727,0.0046,0.1469,0.0051,40025.0,12076.0,SANTA ANA
2021,0.446,0.003,0.1426,0.0044,34732.0,11661.0,SANTA ANA
2022,0.5631,0.0036,0.1485,0.0043,38996.0,10439.0,SANTA ANA
2023,0.5784,0.005,0.1608,0.0073,38105.0,11848.0,SANTA ANA
2012,0.2695,0.1408,0.2196,0.1058,27205.0,14698.0,SANTA BARBARA CITY
2013,0.2575,0.1327,0.2191,0.1001,26793.0,15367.0,SANTA BARBARA CITY
2014,0.2578,0.1407,0.2254,0.0994,26653.0,15206.0,SANTA BARBARA CITY
2015,0.2038,0.0998,0.2418,0.1016,26482.0,15217.0,SANTA BARBARA CITY
2016,0.254,0.1323,0.2206,0.0916,25556.0,15882.0,SANTA BARBARA CITY
2017,0.2109,0.1032,0.2154,0.0856,23732.0,16141.0,SANTA BARBARA CITY
2018,0.2095,0.0976,0.2129,0.0815,23001.0,15223.0,SANTA BARBARA CITY
2019,0.2164,0.0838,0.2172,0.0668,21423.0,14742.0,SANTA BARBARA CITY
2020,0.2207,0.0657,0.206,0.0587,20624.0,14618.0,SANTA BARBARA CITY
2021,0.2331,0.0415,0.1971,0.0423,19549.0,18904.0,SANTA BARBARA CITY
2022,0.2124,0.0455,0.1708,0.042,18777.0,18592.0,SANTA BARBARA CITY
2023,0.1974,0.0417,0.1552,0.0328,18586.0,18682.0,SANTA BARBARA CITY
2012,0.3652,0.0164,0.2524,0.0159,42660.0,10309.0,SANTA MONICA
2013,0.4216,0.0236,0.2503,0.0148,42016.0,12202.0,SANTA MONICA
2014,0.3914,0.0177,0.2577,0.0125,41459.0,11926.0,SANTA MONICA
2015,0.4088,0.0222,0.2746,0.0135,42706.0,11986.0,SANTA MONICA
2016,0.3458,0.019,0.2493,0.0131,43356.0,11844.0,SANTA MONICA
2017,0.3323,0.0098,0.2329,0.0134,42954.0,11564.0,SANTA MONICA
2018,0.377,0.0158,0.2416,0.0167,41743.0,11458.0,SANTA MONICA
2019,0.3448,0.0108,0.2325,0.0155,40173.0,11212.0,SANTA MONICA
2020,0.377,0.0088,0.2539,0.0144,39036.0,11347.0,SANTA MONICA
2021,0.3753,0.0049,0.2195,0.0089,36472.0,11330.0,SANTA MONICA
2022,0.373,0.0078,0.2514,0.0117,34036.0,11194.0,SANTA MONICA
2023,0.4114,0.0155,0.2627,0.0197,32856.0,11353.0,SANTA MONICA
2012,0.3356,0.0345,0.1786,0.0252,34206.0,12348.0,SANTA ROSA JUNIOR
2013,0.2982,0.0197,0.1814,0.0219,31616.0,12722.0,SANTA ROSA JUNIOR
2014,0.327,0.0109,0.1797,0.0192,31474.0,12197.0,SANTA ROSA JUNIOR
2015,0.3148,0.0139,0.1704,0.0173,32500.0,12616.0,SANTA ROSA JUNIOR
2016,0.2669,0.0064,0.1512,0.0151,32465.0,12842.0,SANTA ROSA JUNIOR
2017,0.2644,0.0079,0.1528,0.0131,30921.0,12706.0,SANTA ROSA JUNIOR
2018,0.3354,0.0135,0.169,0.013,30597.0,13740.0,SANTA ROSA JUNIOR
2019,0.2641,0.0108,0.1547,0.011,29046.0,13748.0,SANTA ROSA JUNIOR
2020,0.3643,0.0085,0.1732,0.0101,27223.0,13885.0,SANTA ROSA JUNIOR
2021,0.317,0.0028,0.1526,0.0039,24673.0,15082.0,SANTA ROSA JUNIOR
2022,0.327,0.0044,0.1642,0.0043,23100.0,15548.0,SANTA ROSA JUNIOR
2023,0.3774,0.0,0.165,0.0055,23299.0,13649.0,SANTA ROSA JUNIOR
2012,0.2896,0.0165,0.1148,0.0119,20138.0,8521.0,SANTIAGO CANYON
2013,0.2669,0.0159,0.1167,0.0111,17738.0,8806.0,SANTIAGO CANYON
2014,0.3283,0.0143,0.1334,0.0102,17148.0,9126.0,SANTIAGO CANYON
2015,0.2844,0.0152,0.1385,0.0085,16736.0,10103.0,SANTIAGO CANYON
2016,0.2958,0.0118,0.1288,0.0093,16866.0,10202.0,SANTIAGO CANYON
2017,0.325,0.0149,0.1191,0.007,17097.0,9795.0,SANTIAGO CANYON
2018,0.305,0.0078,0.1246,0.0069,15808.0,10488.0,SANTIAGO CANYON
2019,0.3339,0.0073,0.1362,0.0076,16944.0,10348.0,SANTIAGO CANYON
2020,0.3099,0.0071,0.1369,0.0081,17446.0,11518.0,SANTIAGO CANYON
2021,0.2777,0.0065,0.1379,0.0085,19337.0,10976.0,SANTIAGO CANYON
2022,0.2803,0.0071,0.1108,0.0076,19836.0,11104.0,SANTIAGO CANYON
2023,0.3072,0.0166,0.1155,0.0096,18473.0,12617.0,SANTIAGO CANYON
2012,0.549,0.0674,0.3528,0.0576,12481.0,10207.0,SHASTA
2013,0.6239,0.0777,0.4085,0.0773,11872.0,10866.0,SHASTA
2014,0.6032,0.0334,0.3804,0.0423,12206.0,10869.0,SHASTA
2015,0.5613,0.0613,0.3485,0.0424,12180.0,11868.0,SHASTA
2016,0.5694,0.0729,0.3456,0.0516,12300.0,12745.0,SHASTA
2017,0.6,0.0595,0.339,0.045,13366.0,10928.0,SHASTA
2018,0.5973,0.0798,0.3443,0.0451,13667.0,11875.0,SHASTA
2019,0.6106,0.1005,0.3392,0.0463,13151.0,10903.0,SHASTA
2020,0.6505,0.0757,0.3647,0.0525,13121.0,12023.0,SHASTA
2021,0.5673,0.0449,0.336,0.0409,11698.0,12311.0,SHASTA
2022,0.6246,0.0491,0.3624,0.0416,10813.0,13165.0,SHASTA
2023,0.5924,0.0625,0.3662,0.0421,11483.0,11881.0,SHASTA
2012,0.3789,0.0692,0.3211,0.0777,24750.0,12820.0,SIERRA
2013,0.3717,0.0643,0.3146,0.0697,23415.0,13157.0,SIERRA
2014,0.3952,0.0615,0.3221,0.0631,24413.0,13850.0,SIERRA
2015,0.3758,0.0379,0.3114,0.0578,24876.0,12935.0,SIERRA
2016,0.3383,0.0461,0.294,0.0534,24931.0,13072.0,SIERRA
2017,0.3249,0.0276,0.2728,0.0454,24449.0,11535.0,SIERRA
2018,0.3335,0.0294,0.2542,0.0372,25329.0,11451.0,SIERRA
2019,0.3235,0.0207,0.2322,0.0306,25854.0,11127.0,SIERRA
2020,0.3497,0.0167,0.2522,0.0283,25731.0,11415.0,SIERRA
2021,0.2893,0.0061,0.2137,0.0175,24866.0,10481.0,SIERRA
2022,0.2939,0.0141,0.1977,0.0149,23183.0,10971.0,SIERRA
2023,0.3004,0.0075,0.1992,0.0178,23722.0,12628.0,SIERRA
2012,0.4967,0.0132,0.2221,0.0118,16469.0,10214.0,SKYLINE
2013,0.4038,0.0171,0.2262,0.0119,16133.0,9784.0,SKYLINE
2014,0.4037,0.0117,0.2119,0.0113,16434.0,9418.0,SKYLINE
2015,0.3583,0.0061,0.2073,0.0099,16264.0,9188.0,SKYLINE
2016,0.2794,0.01,0.1844,0.0087,15862.0,8580.0,SKYLINE
2017,0.2451,0.0,0.159,0.0079,15386.0,8929.0,SKYLINE
2018,0.2451,0.0033,0.1566,0.0068,14778.0,8488.0,SKYLINE
2019,0.25,0.005,0.1359,0.006,14927.0,9201.0,SKYLINE
2020,0.327,0.0017,0.1432,0.0041,14900.0,9473.0,SKYLINE
2021,0.283,0.0063,0.1029,0.0024,16278.0,9827.0,SKYLINE
2022,0.2881,0.0678,0.102,0.0027,15289.0,10564.0,SKYLINE
2023,0.2579,0.0,0.1009,0.004,15483.0,10461.0,SKYLINE
2012,0.3831,0.0316,0.2605,0.0414,16207.0,11733.0,SOLANO
2013,0.392,0.0256,0.2519,0.0367,13133.0,12671.0,SOLANO
2014,0.4038,0.0395,0.2477,0.0303,14392.0,13005.0,SOLANO
2015,0.4231,0.0169,0.255,0.0229,14567.0,13235.0,SOLANO
2016,0.369,0.0268,0.2131,0.0211,14284.0,12558.0,SOLANO
2017,0.3333,0.0186,0.19,0.0189,14123.0,12408.0,SOLANO
2018,0.316,0.0049,0.1769,0.017,13835.0,13073.0,SOLANO
2019,0.2801,0.0145,0.1628,0.0109,13835.0,12178.0,SOLANO
2020,0.3028,0.0063,0.1715,0.0094,13507.0,13091.0,SOLANO
2021,0.283,0.0015,0.1687,0.0066,12806.0,9096.0,SOLANO
2022,0.35,0.003,0.2089,0.0101,11932.0,12458.0,SOLANO
2023,0.3365,0.0067,0.2081,0.0142,12275.0,11440.0,SOLANO
2012,0.4739,0.0135,0.2431,0.0198,28546.0,10613.0,SOUTHWESTERN
2013,0.5125,0.0159,0.2734,0.0184,23619.0,10665.0,SOUTHWESTERN
2014,0.5465,0.0155,0.2921,0.0168,26145.0,10840.0,SOUTHWESTERN
2015,0.5572,0.0114,0.3132,0.0181,24816.0,10686.0,SOUTHWESTERN
2016,0.5315,0.0133,0.3033,0.0163,24768.0,10713.0,SOUTHWESTERN
2017,0.5464,0.0081,0.3193,0.0148,24681.0,11345.0,SOUTHWESTERN
2018,0.5644,0.0066,0.3185,0.0126,24867.0,11414.0,SOUTHWESTERN
2019,0.5535,0.0103,0.3087,0.0107,26177.0,11675.0,SOUTHWESTERN
2020,0.6032,0.0062,0.3396,0.0142,26197.0,12806.0,SOUTHWESTERN
2021,0.5101,0.0047,0.3155,0.0064,23854.0,12476.0,SOUTHWESTERN
2022,0.5441,0.0051,0.3403,0.0082,22002.0,19697.0,SOUTHWESTERN
2023,0.5901,0.0558,0.3504,0.0469,23693.0,19717.0,SOUTHWESTERN
2012,0.5543,0.0,0.1487,0.0,12409.0,11531.0,TAFT
2013,0.5237,0.0,0.1759,0.0,10567.0,11975.0,TAFT
2014,0.5029,0.0,0.1841,0.0,11031.0,12554.0,TAFT
2015,0.5223,0.0,0.2574,0.0,9862.0,12377.0,TAFT
2016,0.5069,0.0,0.2207,0.0,9261.0,12882.0,TAFT
2017,0.5482,0.0,0.1849,0.0,12184.0,12097.0,TAFT
2018,0.585,0.0,0.1984,0.0,12213.0,14567.0,TAFT
2019,0.6286,0.0,0.2078,0.0,12027.0,14045.0,TAFT
2020,0.611,0.0,0.2275,0.0,10774.0,15037.0,TAFT
2021,0.5806,0.0,0.2905,0.0027,6439.0,14929.0,TAFT
2022,0.5728,0.0047,0.2036,0.006,6764.0,13417.0,TAFT
2023,0.632,0.0087,0.1788,0.0049,7860.0,13012.0,TAFT
2012,0.4923,0.0497,0.2997,0.0543,20770.0,8673.0,VENTURA
2013,0.4813,0.0374,0.2862,0.0519,19313.0,8782.0,VENTURA
2014,0.4679,0.0496,0.2646,0.0333,18397.0,8849.0,VENTURA
2015,0.5,0.0306,0.2659,0.0282,18695.0,8890.0,VENTURA
2016,0.4209,0.0223,0.2484,0.0223,19252.0,8407.0,VENTURA
2017,0.4485,0.0307,0.2399,0.0199,19121.0,8715.0,VENTURA
2018,0.4639,0.0174,0.2375,0.0169,19114.0,8563.0,VENTURA
2019,0.468,0.0114,0.2268,0.0128,19133.0,9584.0,VENTURA
2020,0.4803,0.0088,0.2464,0.0114,18487.0,9371.0,VENTURA
2021,0.4426,0.0057,0.2201,0.0068,17787.0,9319.0,VENTURA
2022,0.4338,0.0077,0.2254,0.0075,16451.0,8412.0,VENTURA
2023,0.4992,0.005,0.2548,0.0091,16174.0,9762.0,VENTURA
2012,0.695,0.102,0.4484,0.1089,16928.0,12619.0,VICTOR VALLEY
2013,0.6467,0.0,0.4063,0.0,16057.0,13359.0,VICTOR VALLEY
2014,0.6825,0.0,0.4426,0.0,15480.0,13622.0,VICTOR VALLEY
2015,0.7183,0.0,0.4713,0.0,16267.0,14084.0,VICTOR VALLEY
2016,0.6708,0.0,0.4903,0.0,16344.0,14703.0,VICTOR VALLEY
2017,0.6544,0.0,0.4944,0.0,16325.0,15451.0,VICTOR VALLEY
2018,0.671,0.0,0.4812,0.0,16814.0,15376.0,VICTOR VALLEY
2019,0.6454,0.0,0.4274,0.0,17059.0,16182.0,VICTOR VALLEY
2020,0.6654,0.0,0.4325,0.0,17862.0,16951.0,VICTOR VALLEY
2021,0.5474,0.0,0.3932,0.0,16445.0,18137.0,VICTOR VALLEY
2022,0.6346,0.0,0.3984,0.0029,14497.0,19154.0,VICTOR VALLEY
2023,0.5764,0.0,0.3478,0.005,15112.0,11786.0,VICTOR VALLEY
2012,0.5957,0.0586,0.3035,0.0458,15549.0,11895.0,WEST LOS ANGELES
2013,0.6033,0.0376,0.2932,0.0449,14881.0,13313.0,WEST LOS ANGELES
2014,0.5735,0.0294,0.305,0.0374,16622.0,12370.0,WEST LOS ANGELES
2015,0.6819,0.0,0.2816,0.0001,16061.0,12563.0,WEST LOS ANGELES
2016,0.4255,0.0097,0.2439,0.0297,18120.0,13369.0,WEST LOS ANGELES
2017,0.3988,0.0159,0.2087,0.026,19559.0,13255.0,WEST LOS ANGELES
2018,0.4221,0.0101,0.1917,0.0204,20945.0,14890.0,WEST LOS ANGELES
2019,0.4063,0.017,0.1758,0.0149,22669.0,14437.0,WEST LOS ANGELES
2020,0.4642,0.0197,0.1888,0.0167,24052.0,15783.0,WEST LOS ANGELES
2021,0.3898,0.0054,0.1666,0.0113,21709.0,16442.0,WEST LOS ANGELES
2022,0.4169,0.0094,0.1663,0.0106,18440.0,17858.0,WEST LOS ANGELES
2023,0.491,0.009,0.1998,0.0177,17492.0,15839.0,WEST LOS ANGELES
2012,0.2545,0.0115,0.1653,0.0177,18446.0,13846.0,WEST VALLEY
2013,0.2779,0.0042,0.1544,0.0086,16550.0,14627.0,WEST VALLEY
2014,0.261,0.0059,0.1567,0.0055,16580.0,15863.0,WEST VALLEY
2015,0.2508,0.0016,0.1456,0.0028,14029.0,15693.0,WEST VALLEY
2016,0.2625,0.0031,0.1447,0.0043,14455.0,14989.0,WEST VALLEY
2017,0.2102,0.004,0.1255,0.0053,12915.0,14508.0,WEST VALLEY
2018,0.2504,0.0077,0.1326,0.0053,12112.0,14758.0,WEST VALLEY
2019,0.2121,0.0039,0.1182,0.0066,12195.0,11907.0,WEST VALLEY
2020,0.2373,0.0013,0.1206,0.0055,11918.0,12182.0,WEST VALLEY
2021,0.1795,0.0015,0.0957,0.0035,11889.0,11810.0,WEST VALLEY
2022,0.215,0.0033,0.1069,0.004,10492.0,11344.0,WEST VALLEY
2023,0.2186,0.0029,0.1056,0.0031,10500.0,13351.0,WEST VALLEY
2012,0.6,0.0133,0.3092,0.0285,4057.0,10768.0,WOODLAND
2013,0.521,0.0168,0.3163,0.0135,4012.0,10507.0,WOODLAND
2014,0.6327,0.0,0.3518,0.0,3783.0,11938.0,WOODLAND
2015,0.5377,0.0,0.3529,0.0,3931.0,10876.0,WOODLAND
2016,0.5146,0.0,0.3022,0.0,4678.0,10593.0,WOODLAND
2017,0.5437,0.0,0.2845,0.0,6227.0,11822.0,WOODLAND
2018,0.5878,0.0,0.2993,0.0,6614.0,12413.0,WOODLAND
2019,0.503,0.0,0.2694,0.0,6281.0,11590.0,WOODLAND
2020,0.4648,0.005,0.2462,0.0035,6313.0,11759.0,WOODLAND
2021,0.1687,0.0,0.144,0.002,6635.0,10948.0,WOODLAND
2022,0.4863,0.0,0.2247,0.0046,5636.0,11093.0,WOODLAND
2023,0.524,0.0,0.2502,0.0073,5722.0,11798.0,WOODLAND
2012,0.7129,0.041,0.442,0.0363,10412.0,10679.0,YUBA
2013,0.6981,0.0203,0.4153,0.0273,10478.0,12017.0,YUBA
2014,0.6771,0.0,0.4246,0.0,9769.0,11447.0,YUBA
2015,0.6411,0.0,0.4462,0.0,9690.0,11011.0,YUBA
2016,0.6187,0.0,0.4415,0.0,10244.0,11182.0,YUBA
2017,0.635,0.0,0.39,0.0,9486.0,10528.0,YUBA
2018,0.4752,0.0,0.4124,0.0,10007.0,10227.0,YUBA
2019,0.5604,0.0,0.39,0.0015,9319.0,11110.0,YUBA
2020,0.4848,0.0016,0.3794,0.0063,9015.0,12942.0,YUBA
2021,0.3062,0.0,0.2935,0.0056,9033.0,10798.0,YUBA
2022,0.5437,0.0,0.2939,0.0065,7963.0,11185.0,YUBA
2023,0.5838,0.0056,0.2799,0.0069,8260.0,12200.0,YUBA
