year,cc_ftft_pell_rate,cc_ftft_fedloan_rate,cc_pell_rate,cc_fedloan_rate,cc_ug_enroll_12m,cc_coa_ay,uc_admit_rate_overall,uc_ftft_pell_rate,uc_ftft_fedloan_rate,uc_pell_rate,uc_fedloan_rate,uc_ug_enroll_12m,uc_coa_ay,total_major_enrolls,share_gender_female,share_gender_male,share_gender_other,share_gender_unknown,share_eth_african_american,share_eth_american_indian,share_eth_asian,share_eth_domestic_unknown,share_eth_hispanic__latinx,share_eth_int'l,share_eth_pacific_islander,share_eth_white,cc_uc_distance_miles,cc_uc_drive_hours,cc_aid_promise_amt,cc_aid_grants_amt,cc_aid_loans_amt,cc_aid_scholarship_amt,cc_perm_resident_count,y_true,glm_proba,rf_proba
2020,0.4855,0.0303,0.2266,0.0312,45034.0,12243.0,0.1748,0.2077,0.2026,0.2594,0.2032,33208.0,39016.0,3.0,0.5294117647058824,0.4705882352941176,0.0,0.0,0.1578947368421052,0.0,0.2105263157894736,0.1052631578947368,0.1578947368421052,0.0,0.0,0.3684210526315789,89.16,1.62,13346904.0,37747235.0,8244264.0,348571.0,2904.0,0,0.002513268585430431,0.05026785439364608
2021,0.4124,0.0086,0.2486,0.0301,38602.0,13465.0,0.1444,0.2549,0.1454,0.272,0.1481,33060.0,37510.0,7.0,0.5294117647058824,0.4705882352941176,0.0,0.0,0.0384615384615384,0.0,0.2692307692307692,0.0384615384615384,0.0,0.0384615384615384,0.0,0.6153846153846154,89.16,1.62,12883518.0,39949989.0,7279429.0,335351.0,2717.0,0,0.014793768690607268,0.0421538155590966
2022,0.4294,0.0214,0.2277,0.0278,41538.0,12586.0,0.1133,0.2272,0.2059,0.2706,0.1632,33715.0,41130.0,9.0,0.5294117647058824,0.4705882352941176,0.0,0.0,0.1153846153846153,0.0,0.2692307692307692,0.0,0.1538461538461538,0.0,0.0,0.4615384615384615,89.16,1.62,11711115.0,41236938.0,6558622.0,190306.0,2497.0,0,0.024263615610553804,0.1136713611496756
2020,0.4855,0.0303,0.2266,0.0312,45034.0,12243.0,0.4635,0.3255,0.3199,0.3567,0.2904,33181.0,35532.0,85.0,0.5471698113207547,0.4528301886792453,0.0,0.0,0.1129032258064516,0.0,0.2419354838709677,0.0241935483870967,0.1612903225806451,0.0161290322580645,0.0,0.4435483870967742,24.91,0.5,13346904.0,37747235.0,8244264.0,348571.0,2904.0,0,0.009128685928040524,0.03557190102403389
2021,0.4124,0.0086,0.2486,0.0301,38602.0,13465.0,0.4875,0.2953,0.225,0.3429,0.2368,33396.0,33396.0,122.0,0.5471698113207547,0.4528301886792453,0.0,0.0,0.0408163265306122,0.0,0.2312925170068027,0.0340136054421768,0.1836734693877551,0.0272108843537414,0.0,0.4829931972789115,24.91,0.5,12883518.0,39949989.0,7279429.0,335351.0,2717.0,0,0.0032104542865041908,0.014404727544176904
2022,0.4294,0.0214,0.2277,0.0278,41538.0,12586.0,0.3734,0.2671,0.2326,0.328,0.2245,33978.0,36975.0,77.0,0.5471698113207547,0.4528301886792453,0.0,0.0,0.0865384615384615,0.0,0.2788461538461538,0.0,0.2019230769230769,0.0,0.0,0.4326923076923077,24.91,0.5,11711115.0,41236938.0,6558622.0,190306.0,2497.0,0,0.010226051407151316,0.08960514276092506
2020,0.4855,0.0303,0.2266,0.0312,45034.0,12243.0,0.1433,0.2512,0.2493,0.305,0.2694,33641.0,35497.0,6.0,0.6,0.4,0.0,0.0,0.1,0.0,0.3,0.0,0.2,0.0,0.0,0.4,398.2,6.26,13346904.0,37747235.0,8244264.0,348571.0,2904.0,0,0.04016709459124877,0.18254756910513875
2020,0.3135,0.0063,0.1674,0.0118,10158.0,15451.0,0.1748,0.2077,0.2026,0.2594,0.2032,33208.0,39016.0,109.0,0.4642857142857143,0.4880952380952381,0.0476190476190476,0.0,0.1111111111111111,0.0,0.2814814814814815,0.0296296296296296,0.1185185185185185,0.1629629629629629,0.0,0.2962962962962963,1.93,0.21,1781258.0,6553249.0,655097.0,100345.0,505.0,0,0.07146114957202249,0.06710622582919507
2021,0.3066,0.0094,0.1254,0.0077,10795.0,19681.0,0.1444,0.2549,0.1454,0.272,0.1481,33060.0,37510.0,80.0,0.4642857142857143,0.4880952380952381,0.0476190476190476,0.0,0.1192660550458715,0.0,0.2477064220183486,0.0275229357798165,0.2201834862385321,0.1926605504587156,0.0,0.1926605504587156,1.93,0.21,1671180.0,7107655.0,519611.0,123290.0,534.0,0,0.06355946218666353,0.07416394799610218
2022,0.2265,0.0055,0.1164,0.007,9904.0,17404.0,0.1133,0.2272,0.2059,0.2706,0.1632,33715.0,41130.0,133.0,0.4642857142857143,0.4880952380952381,0.0476190476190476,0.0,0.125,0.01875,0.2625,0.025,0.1625,0.1875,0.0,0.21875,1.93,0.21,1296073.0,7677973.0,461741.0,72979.0,479.0,0,0.14709332780993353,0.0894663763101234
2021,0.3066,0.0094,0.1254,0.0077,10795.0,19681.0,0.4875,0.2953,0.225,0.3429,0.2368,33396.0,33396.0,32.0,0.4146341463414634,0.5853658536585366,0.0,0.0,0.1228070175438596,0.0,0.3157894736842105,0.0175438596491228,0.2280701754385964,0.1578947368421052,0.0,0.1578947368421052,63.34,1.14,1671180.0,7107655.0,519611.0,123290.0,534.0,0,0.09551039347384414,0.08294196697774783
2022,0.2265,0.0055,0.1164,0.007,9904.0,17404.0,0.3734,0.2671,0.2326,0.328,0.2245,33978.0,36975.0,15.0,0.4146341463414634,0.5853658536585366,0.0,0.0,0.1489361702127659,0.0,0.3191489361702128,0.0212765957446808,0.2978723404255319,0.0851063829787234,0.0,0.1276595744680851,63.34,1.14,1296073.0,7677973.0,461741.0,72979.0,479.0,0,0.07124984915001019,0.11832440680013126
2020,0.3135,0.0063,0.1674,0.0118,10158.0,15451.0,0.1433,0.2512,0.2493,0.305,0.2694,33641.0,35497.0,3.0,0.5,0.5,0.0,0.0,0.04,0.0,0.16,0.04,0.08,0.52,0.0,0.16,378.33,6.05,1781258.0,6553249.0,655097.0,100345.0,505.0,0,0.15951481653876198,0.1646545546624094
2021,0.3066,0.0094,0.1254,0.0077,10795.0,19681.0,0.1077,0.2225,0.1127,0.2842,0.1224,33971.0,29153.0,21.0,0.5,0.5,0.0,0.0,0.1951219512195122,0.0,0.024390243902439,0.024390243902439,0.073170731707317,0.4878048780487805,0.0,0.1951219512195122,378.33,6.05,1671180.0,7107655.0,519611.0,123290.0,534.0,0,0.462631365644804,0.15613994356874322
2020,0.3135,0.0063,0.1674,0.0118,10158.0,15451.0,0.367,0.2886,0.2855,0.3318,0.2803,25004.0,36492.0,3.0,0.5,0.5,0.0,0.0,0.0666666666666666,0.0,0.2666666666666666,0.0,0.4666666666666667,0.0666666666666666,0.0,0.1333333333333333,327.23,5.3,1781258.0,6553249.0,655097.0,100345.0,505.0,1,0.22093311154272127,0.40096954184600075
2021,0.3066,0.0094,0.1254,0.0077,10795.0,19681.0,0.2918,0.278,0.1128,0.32,0.168,25149.0,34738.0,6.0,0.5,0.5,0.0,0.0,0.125,0.0,0.4375,0.0,0.125,0.0625,0.0,0.25,327.23,5.3,1671180.0,7107655.0,519611.0,123290.0,534.0,1,0.8085356675275082,0.4005549701727154
2022,0.2265,0.0055,0.1164,0.007,9904.0,17404.0,0.2585,0.2625,0.2174,0.3014,0.1846,25135.0,36607.0,4.0,0.5,0.5,0.0,0.0,0.3,0.0,0.0,0.0,0.1,0.2,0.0,0.4,327.23,5.3,1296073.0,7677973.0,461741.0,72979.0,479.0,1,0.9400376814017528,0.45353873974961073
2021,0.3066,0.0094,0.1254,0.0077,10795.0,19681.0,0.5864,0.3139,0.195,0.3178,0.234,18693.0,37040.0,24.0,0.3666666666666666,0.5,0.1333333333333333,0.0,0.1621621621621621,0.0,0.2702702702702703,0.054054054054054,0.1621621621621621,0.054054054054054,0.0,0.2972972972972973,78.5,1.53,1671180.0,7107655.0,519611.0,123290.0,534.0,0,0.6602563308952424,0.20039472840464825
2022,0.2265,0.0055,0.1164,0.007,9904.0,17404.0,0.4692,0.3297,0.3451,0.3203,0.2813,19313.0,37707.0,11.0,0.3666666666666666,0.5,0.1333333333333333,0.0,0.2142857142857142,0.0,0.1071428571428571,0.0357142857142857,0.2142857142857142,0.0357142857142857,0.0,0.3928571428571428,78.5,1.53,1296073.0,7677973.0,461741.0,72979.0,479.0,0,0.7548779129748802,0.25109529600146974
2021,0.3179,0.0042,0.1998,0.0095,14473.0,20716.0,0.1444,0.2549,0.1454,0.272,0.1481,33060.0,37510.0,7.0,0.4444444444444444,0.3888888888888889,0.1666666666666666,0.0,0.0,0.0,0.0,0.1,0.2,0.0,0.0,0.7,82.07,1.55,3867256.0,17457629.0,719138.0,1244904.0,407.0,0,0.002770689011748633,0.04554928985223865
2023,0.4197,0.0018,0.224,0.0108,14079.0,23625.0,0.1166,0.2445,0.1985,0.2733,0.1823,34306.0,42708.0,13.0,0.4444444444444444,0.3888888888888889,0.1666666666666666,0.0,0.0,0.0,0.1538461538461538,0.0,0.2307692307692307,0.0,0.0,0.6153846153846154,82.07,1.55,3692734.0,17156831.0,918697.0,1196194.0,352.0,0,0.01574194226906375,0.10816799415535806
2023,0.4197,0.0018,0.224,0.0108,14079.0,23625.0,0.0873,0.2586,0.2073,0.271,0.2069,34398.0,36643.0,4.0,0.5714285714285714,0.4285714285714285,0.0,0.0,0.0,0.0,0.0666666666666666,0.0,0.4,0.0,0.0,0.5333333333333333,352.81,5.61,3692734.0,17156831.0,918697.0,1196194.0,352.0,0,0.012932683812759353,0.18985609570401213
2023,0.4197,0.0018,0.224,0.0108,14079.0,23625.0,0.2778,0.2777,0.2253,0.2799,0.2021,25091.0,36776.0,4.0,0.5625,0.4375,0.0,0.0,0.0,0.0,0.0714285714285714,0.0,0.1428571428571428,0.0,0.0,0.7857142857142857,256.73,4.08,3692734.0,17156831.0,918697.0,1196194.0,352.0,0,0.2471292282032986,0.21164767503251392
2021,0.3179,0.0042,0.1998,0.0095,14473.0,20716.0,0.5864,0.3139,0.195,0.3178,0.234,18693.0,37040.0,116.0,0.5178571428571429,0.3928571428571428,0.0892857142857142,0.0,0.0077519379844961,0.0232558139534883,0.0542635658914728,0.0465116279069767,0.3410852713178294,0.0,0.0,0.5271317829457365,10.71,0.35,3867256.0,17457629.0,719138.0,1244904.0,407.0,0,0.10660675457182453,0.08153943450968097
2023,0.4197,0.0018,0.224,0.0108,14079.0,23625.0,0.6254,0.3156,0.3206,0.3175,0.2943,18997.0,38649.0,108.0,0.5178571428571429,0.3928571428571428,0.0892857142857142,0.0,0.0390625,0.015625,0.0703125,0.03125,0.328125,0.015625,0.0078125,0.4921875,10.71,0.35,3692734.0,17156831.0,918697.0,1196194.0,352.0,0,0.12043651325266123,0.08125660565108078
2022,0.5703,0.0128,0.3626,0.0194,26691.0,9184.0,0.2115,0.3587,0.2194,0.3787,0.2105,31082.0,34731.0,14.0,0.5853658536585366,0.4146341463414634,0.0,0.0,0.0,0.0,0.2702702702702703,0.0,0.7297297297297297,0.0,0.0,0.0,27.1,0.51,11134714.0,69430524.0,3768825.0,296090.0,899.0,0,9.317339250043188e-05,0.08144251712998996
2020,0.4926,0.0,0.3167,0.0001,30023.0,18264.0,0.6578,0.4702,0.4162,0.515,0.4309,23848.0,30561.0,74.0,0.5957446808510638,0.4042553191489361,0.0,0.0,0.1237113402061855,0.0,0.134020618556701,0.0103092783505154,0.5463917525773195,0.0103092783505154,0.0,0.1752577319587628,28.78,0.76,13301011.0,35865513.0,314926.0,331791.0,1099.0,0,0.005471124205041463,0.11320826544372446
2021,0.3994,0.0015,0.2807,0.0009,27808.0,18583.0,0.6538,0.4909,0.2808,0.4999,0.3373,24616.0,30569.0,62.0,0.5957446808510638,0.4042553191489361,0.0,0.0,0.0689655172413793,0.0229885057471264,0.1954022988505747,0.0229885057471264,0.4942528735632184,0.0114942528735632,0.0,0.1839080459770115,28.78,0.76,12108517.0,33254193.0,218311.0,283662.0,900.0,0,0.011798795600643813,0.09401425456975702
2020,0.48,0.0054,0.3168,0.0117,18592.0,12322.0,0.6578,0.4702,0.4162,0.515,0.4309,23848.0,30561.0,22.0,1.0,0.0,0.0,0.0,0.073170731707317,0.0,0.073170731707317,0.0,0.4878048780487805,0.2439024390243902,0.0,0.1219512195121951,40.04,0.98,8836876.0,24393787.0,1185630.0,111003.0,40.0,0,0.016426496936147506,0.20363837894234899
2022,0.4623,0.0012,0.2748,0.0076,14394.0,11309.0,0.6869,0.4631,0.3252,0.494,0.332,24776.0,34100.0,16.0,1.0,0.0,0.0,0.0,0.0277777777777777,0.0,0.3055555555555556,0.0,0.4722222222222222,0.0833333333333333,0.0,0.1111111111111111,40.04,0.98,5879766.0,30962932.0,668858.0,146625.0,31.0,0,0.016137880731498546,0.19700926649112896
2022,0.4098,0.0038,0.2059,0.0096,8786.0,13242.0,0.1133,0.2272,0.2059,0.2706,0.1632,33715.0,41130.0,3.0,0.4347826086956521,0.5652173913043478,0.0,0.0,0.15,0.0,0.25,0.0,0.5,0.0,0.0,0.1,12.55,0.49,2325372.0,10795007.0,540111.0,557223.0,481.0,0,0.01211699582027569,0.1386202749468569
2022,0.4098,0.0038,0.2059,0.0096,8786.0,13242.0,0.3734,0.2671,0.2326,0.328,0.2245,33978.0,36975.0,9.0,0.7333333333333333,0.2666666666666666,0.0,0.0,0.0833333333333333,0.0,0.25,0.0,0.6666666666666666,0.0,0.0,0.0,54.86,0.96,2325372.0,10795007.0,540111.0,557223.0,481.0,0,0.0031309031927150258,0.13609024510993706
2020,0.4518,0.0168,0.2743,0.0281,21511.0,11035.0,0.4635,0.3255,0.3199,0.3567,0.2904,33181.0,35532.0,33.0,0.5192307692307693,0.4423076923076923,0.0384615384615384,0.0,0.0714285714285714,0.0,0.5357142857142857,0.0,0.1607142857142857,0.0,0.0,0.2321428571428571,25.47,0.54,7992409.0,21252728.0,3249265.0,171182.0,14640.0,0,0.0234366503028749,0.08910914610062451
2023,0.4123,0.0213,0.2521,0.0254,20690.0,12005.0,0.4163,0.2519,0.2206,0.3078,0.2322,33442.0,38067.0,52.0,0.5192307692307693,0.4423076923076923,0.0384615384615384,0.0,0.0579710144927536,0.0,0.5652173913043478,0.0434782608695652,0.1594202898550724,0.0,0.0,0.1739130434782608,25.47,0.54,6992878.0,27145670.0,3084910.0,170697.0,1304.0,0,0.007795074431541352,0.021405051955353777
2020,0.3373,0.0409,0.2043,0.0299,15810.0,18498.0,0.367,0.2886,0.2855,0.3318,0.2803,25004.0,36492.0,9.0,0.5151515151515151,0.4848484848484848,0.0,0.0,0.0,0.0,0.0555555555555555,0.1111111111111111,0.2222222222222222,0.0,0.0,0.6111111111111112,104.37,1.72,3815771.0,11992386.0,2918775.0,1223827.0,6578.0,0,0.01140334419732585,0.08643688688570503
2022,0.2751,0.0301,0.176,0.0183,13943.0,17574.0,0.2585,0.2625,0.2174,0.3014,0.1846,25135.0,36607.0,12.0,0.5151515151515151,0.4848484848484848,0.0,0.0,0.0416666666666666,0.0,0.0416666666666666,0.0,0.1666666666666666,0.0,0.0,0.75,104.37,1.72,3437557.0,19497598.0,1623658.0,1145060.0,5116.0,0,0.24619546306202073,0.23065467636143563
2020,0.2243,0.0087,0.159,0.0098,29307.0,13754.0,0.1748,0.2077,0.2026,0.2594,0.2032,33208.0,39016.0,245.0,0.4084507042253521,0.5446009389671361,0.028169014084507,0.0187793427230046,0.0255474452554744,0.0036496350364963,0.2700729927007299,0.0291970802919708,0.145985401459854,0.2883211678832116,0.0,0.2372262773722627,17.38,0.52,7282233.0,16724895.0,1415836.0,273371.0,12136.0,0,0.019511408880767113,0.025893000456370104
2021,0.1935,0.0031,0.1391,0.0086,27528.0,13436.0,0.1444,0.2549,0.1454,0.272,0.1481,33060.0,37510.0,182.0,0.4084507042253521,0.5446009389671361,0.028169014084507,0.0187793427230046,0.0271493212669683,0.0,0.2217194570135746,0.0497737556561085,0.171945701357466,0.3529411764705882,0.0,0.1764705882352941,17.38,0.52,7344115.0,19406347.0,1255562.0,256126.0,10436.0,0,0.012116942302609898,0.05346521442459147
2022,0.2255,0.0023,0.1558,0.0078,25369.0,12949.0,0.1133,0.2272,0.2059,0.2706,0.1632,33715.0,41130.0,226.0,0.4084507042253521,0.5446009389671361,0.028169014084507,0.0187793427230046,0.0276679841897233,0.0079051383399209,0.2885375494071146,0.0197628458498023,0.150197628458498,0.3043478260869565,0.0079051383399209,0.1936758893280632,17.38,0.52,6331919.0,26261081.0,1288848.0,301299.0,9701.0,0,0.022334081877302868,0.033213574168486186
2023,0.2374,0.0046,0.1673,0.01,24223.0,14804.0,0.1166,0.2445,0.1985,0.2733,0.1823,34306.0,42708.0,251.0,0.4084507042253521,0.5446009389671361,0.028169014084507,0.0187793427230046,0.0401459854014598,0.0072992700729927,0.3357664233576642,0.0328467153284671,0.1496350364963503,0.2262773722627737,0.0,0.2080291970802919,17.38,0.52,5995932.0,21732133.0,1454224.0,360578.0,966.0,0,0.014920597962208872,0.035963766884145265
2020,0.2243,0.0087,0.159,0.0098,29307.0,13754.0,0.4635,0.3255,0.3199,0.3567,0.2904,33181.0,35532.0,184.0,0.4635761589403973,0.5165562913907285,0.0198675496688741,0.0,0.0144230769230769,0.0,0.2788461538461538,0.0240384615384615,0.125,0.173076923076923,0.0048076923076923,0.3798076923076923,52.55,0.93,7282233.0,16724895.0,1415836.0,273371.0,12136.0,0,0.02672136230816797,0.044888933408769385
2021,0.1935,0.0031,0.1391,0.0086,27528.0,13436.0,0.4875,0.2953,0.225,0.3429,0.2368,33396.0,33396.0,225.0,0.4635761589403973,0.5165562913907285,0.0198675496688741,0.0,0.0357142857142857,0.0039682539682539,0.3412698412698413,0.0277777777777777,0.1706349206349206,0.0833333333333333,0.0079365079365079,0.3293650793650793,52.55,0.93,7344115.0,19406347.0,1255562.0,256126.0,10436.0,0,0.023145424716658532,0.04509624645479017
2022,0.2255,0.0023,0.1558,0.0078,25369.0,12949.0,0.3734,0.2671,0.2326,0.328,0.2245,33978.0,36975.0,185.0,0.4635761589403973,0.5165562913907285,0.0198675496688741,0.0,0.0721153846153846,0.0,0.3653846153846153,0.0288461538461538,0.1634615384615384,0.048076923076923,0.0096153846153846,0.3125,52.55,0.93,6331919.0,26261081.0,1288848.0,301299.0,9701.0,0,0.019142863140207498,0.035034914177841846
2023,0.2374,0.0046,0.1673,0.01,24223.0,14804.0,0.4163,0.2519,0.2206,0.3078,0.2322,33442.0,38067.0,207.0,0.4635761589403973,0.5165562913907285,0.0198675496688741,0.0,0.0606060606060606,0.0043290043290043,0.2987012987012987,0.0173160173160173,0.1688311688311688,0.0389610389610389,0.0,0.4112554112554112,52.55,0.93,5995932.0,21732133.0,1454224.0,360578.0,966.0,0,0.028459084557029023,0.03367150194037547
2020,0.2243,0.0087,0.159,0.0098,29307.0,13754.0,0.2992,0.3811,0.2592,0.3866,0.2795,32111.0,34355.0,44.0,0.5,0.425,0.075,0.0,0.0,0.0,0.2807017543859649,0.0175438596491228,0.1228070175438596,0.3684210526315789,0.0,0.2105263157894736,414.44,6.54,7282233.0,16724895.0,1415836.0,273371.0,12136.0,0,0.13761480084949762,0.13690463173863623
2022,0.2255,0.0023,0.1558,0.0078,25369.0,12949.0,0.2115,0.3587,0.2194,0.3787,0.2105,31082.0,34731.0,36.0,0.5,0.425,0.075,0.0,0.0,0.0,0.360655737704918,0.0,0.0983606557377049,0.2786885245901639,0.0,0.2622950819672131,414.44,6.54,6331919.0,26261081.0,1288848.0,301299.0,9701.0,0,0.2348128375175619,0.2881003312831853
2023,0.2374,0.0046,0.1673,0.01,24223.0,14804.0,0.2557,0.3531,0.2373,0.3729,0.2181,30132.0,36121.0,30.0,0.5,0.425,0.075,0.0,0.0566037735849056,0.0,0.5471698113207547,0.0,0.0943396226415094,0.2452830188679245,0.0,0.0566037735849056,414.44,6.54,5995932.0,21732133.0,1454224.0,360578.0,966.0,0,0.3564198233252883,0.2936957357225931
2020,0.2243,0.0087,0.159,0.0098,29307.0,13754.0,0.1433,0.2512,0.2493,0.305,0.2694,33641.0,35497.0,50.0,0.4520547945205479,0.547945205479452,0.0,0.0,0.0273972602739726,0.0,0.1095890410958904,0.0273972602739726,0.0136986301369863,0.547945205479452,0.0,0.273972602739726,373.5,5.92,7282233.0,16724895.0,1415836.0,273371.0,12136.0,0,0.15237259287571914,0.10588676567719545
2022,0.2255,0.0023,0.1558,0.0078,25369.0,12949.0,0.0857,0.228,0.2059,0.2718,0.2059,34082.0,35689.0,76.0,0.4520547945205479,0.547945205479452,0.0,0.0,0.0531914893617021,0.0106382978723404,0.2978723404255319,0.0106382978723404,0.0957446808510638,0.3404255319148936,0.0,0.1914893617021276,373.5,5.92,6331919.0,26261081.0,1288848.0,301299.0,9701.0,0,0.16471960380963369,0.11488341854000175
2023,0.2374,0.0046,0.1673,0.01,24223.0,14804.0,0.0873,0.2586,0.2073,0.271,0.2069,34398.0,36643.0,62.0,0.4520547945205479,0.547945205479452,0.0,0.0,0.0319148936170212,0.0212765957446808,0.3191489361702128,0.0425531914893617,0.0957446808510638,0.2340425531914893,0.0,0.2553191489361702,373.5,5.92,5995932.0,21732133.0,1454224.0,360578.0,966.0,0,0.1013284843481017,0.11296792429973425
2020,0.2243,0.0087,0.159,0.0098,29307.0,13754.0,0.6578,0.4702,0.4162,0.515,0.4309,23848.0,30561.0,14.0,1.0,0.0,0.0,0.0,0.0476190476190476,0.0,0.3333333333333333,0.0,0.1428571428571428,0.4285714285714285,0.0,0.0476190476190476,424.14,6.76,7282233.0,16724895.0,1415836.0,273371.0,12136.0,1,0.6417108635336743,0.5578331438191338
2022,0.2255,0.0023,0.1558,0.0078,25369.0,12949.0,0.6869,0.4631,0.3252,0.494,0.332,24776.0,34100.0,9.0,1.0,0.0,0.0,0.0,0.08,0.0,0.48,0.0,0.16,0.16,0.0,0.12,424.14,6.76,6331919.0,26261081.0,1288848.0,301299.0,9701.0,1,0.582108683173998,0.49041478003893063
2023,0.2374,0.0046,0.1673,0.01,24223.0,14804.0,0.633,0.4344,0.3258,0.4669,0.3281,24777.0,34975.0,10.0,1.0,0.0,0.0,0.0,0.1363636363636363,0.0,0.4090909090909091,0.0,0.1363636363636363,0.0909090909090909,0.0,0.2272727272727272,424.14,6.76,5995932.0,21732133.0,1454224.0,360578.0,966.0,1,0.6951976083784508,0.4953072704225783
2020,0.2243,0.0087,0.159,0.0098,29307.0,13754.0,0.3661,0.3158,0.3186,0.3531,0.3142,32252.0,33240.0,106.0,0.4335664335664335,0.5104895104895105,0.0559440559440559,0.0,0.0163934426229508,0.0,0.2868852459016393,0.0081967213114754,0.0737704918032786,0.4180327868852459,0.0081967213114754,0.1885245901639344,506.22,7.94,7282233.0,16724895.0,1415836.0,273371.0,12136.0,0,0.25031197828074314,0.1287605772487347
2021,0.1935,0.0031,0.1391,0.0086,27528.0,13436.0,0.342,0.2413,0.2096,0.3338,0.246,33568.0,32719.0,84.0,0.4335664335664335,0.5104895104895105,0.0559440559440559,0.0,0.0373831775700934,0.0,0.1682242990654205,0.0,0.0467289719626168,0.6261682242990654,0.0,0.1214953271028037,506.22,7.94,7344115.0,19406347.0,1255562.0,256126.0,10436.0,0,0.3237073490879268,0.2658090479931652
2022,0.2255,0.0023,0.1558,0.0078,25369.0,12949.0,0.2371,0.2878,0.2505,0.3193,0.2405,35266.0,35274.0,89.0,0.4335664335664335,0.5104895104895105,0.0559440559440559,0.0,0.0087719298245614,0.0,0.3421052631578947,0.0263157894736842,0.087719298245614,0.3596491228070175,0.0,0.175438596491228,506.22,7.94,6331919.0,26261081.0,1288848.0,301299.0,9701.0,0,0.08232999578255032,0.10408994888103948
2023,0.2374,0.0046,0.1673,0.01,24223.0,14804.0,0.2452,0.4015,0.2816,0.3289,0.2412,34808.0,36325.0,67.0,0.4335664335664335,0.5104895104895105,0.0559440559440559,0.0,0.0329670329670329,0.0,0.5054945054945055,0.0109890109890109,0.1208791208791208,0.1648351648351648,0.0,0.1648351648351648,506.22,7.94,5995932.0,21732133.0,1454224.0,360578.0,966.0,0,0.1273107770375533,0.1634180420300459
2020,0.2243,0.0087,0.159,0.0098,29307.0,13754.0,0.367,0.2886,0.2855,0.3318,0.2803,25004.0,36492.0,58.0,0.4117647058823529,0.5882352941176471,0.0,0.0,0.0289855072463768,0.0,0.3043478260869565,0.0289855072463768,0.1014492753623188,0.1304347826086956,0.0,0.4057971014492754,332.89,5.29,7282233.0,16724895.0,1415836.0,273371.0,12136.0,0,0.3501305932810031,0.2227696153337229
2021,0.1935,0.0031,0.1391,0.0086,27528.0,13436.0,0.2918,0.278,0.1128,0.32,0.168,25149.0,34738.0,57.0,0.4117647058823529,0.5882352941176471,0.0,0.0,0.0133333333333333,0.0,0.3466666666666667,0.0533333333333333,0.12,0.1066666666666666,0.0,0.36,332.89,5.29,7344115.0,19406347.0,1255562.0,256126.0,10436.0,0,0.20881399359775213,0.1983529338263817
2022,0.2255,0.0023,0.1558,0.0078,25369.0,12949.0,0.2585,0.2625,0.2174,0.3014,0.1846,25135.0,36607.0,69.0,0.4117647058823529,0.5882352941176471,0.0,0.0,0.036144578313253,0.0,0.253012048192771,0.0240963855421686,0.2409638554216867,0.108433734939759,0.0,0.3373493975903614,332.89,5.29,6331919.0,26261081.0,1288848.0,301299.0,9701.0,0,0.1795408484143612,0.17713494927773435
2023,0.2374,0.0046,0.1673,0.01,24223.0,14804.0,0.2778,0.2777,0.2253,0.2799,0.2021,25091.0,36776.0,49.0,0.4117647058823529,0.5882352941176471,0.0,0.0,0.032258064516129,0.0,0.1935483870967742,0.0161290322580645,0.1774193548387097,0.1935483870967742,0.0,0.3870967741935484,332.89,5.29,5995932.0,21732133.0,1454224.0,360578.0,966.0,0,0.29309458566972235,0.1898400506026259
2020,0.2243,0.0087,0.159,0.0098,29307.0,13754.0,0.6473,0.2692,0.3408,0.3196,0.347,18761.0,35925.0,44.0,0.2333333333333333,0.6333333333333333,0.1333333333333333,0.0,0.0166666666666666,0.0166666666666666,0.3,0.0,0.25,0.0333333333333333,0.0,0.3833333333333333,85.0,1.56,7282233.0,16724895.0,1415836.0,273371.0,12136.0,0,0.5503468562663549,0.22098842100014565
2021,0.1935,0.0031,0.1391,0.0086,27528.0,13436.0,0.5864,0.3139,0.195,0.3178,0.234,18693.0,37040.0,65.0,0.2333333333333333,0.6333333333333333,0.1333333333333333,0.0,0.0833333333333333,0.0,0.369047619047619,0.0595238095238095,0.119047619047619,0.0238095238095238,0.0,0.3452380952380952,85.0,1.56,7344115.0,19406347.0,1255562.0,256126.0,10436.0,0,0.37748600829980544,0.15985721437286926
2022,0.2255,0.0023,0.1558,0.0078,25369.0,12949.0,0.4692,0.3297,0.3451,0.3203,0.2813,19313.0,37707.0,59.0,0.2333333333333333,0.6333333333333333,0.1333333333333333,0.0,0.0465116279069767,0.0,0.3372093023255814,0.0116279069767441,0.1395348837209302,0.0465116279069767,0.0116279069767441,0.4069767441860465,85.0,1.56,6331919.0,26261081.0,1288848.0,301299.0,9701.0,0,0.4855435164197917,0.17327398136621092
2023,0.2374,0.0046,0.1673,0.01,24223.0,14804.0,0.6254,0.3156,0.3206,0.3175,0.2943,18997.0,38649.0,62.0,0.2333333333333333,0.6333333333333333,0.1333333333333333,0.0,0.0714285714285714,0.0,0.238095238095238,0.0357142857142857,0.2023809523809523,0.0952380952380952,0.0,0.3571428571428571,85.0,1.56,5995932.0,21732133.0,1454224.0,360578.0,966.0,0,0.3107055839117149,0.1444418204712181
2020,0.505,0.005,0.3027,0.0045,33146.0,18895.0,0.1748,0.2077,0.2026,0.2594,0.2032,33208.0,39016.0,25.0,0.4146341463414634,0.5853658536585366,0.0,0.0,0.1363636363636363,0.0,0.3409090909090909,0.0227272727272727,0.3181818181818182,0.0227272727272727,0.0,0.1590909090909091,384.68,6.26,11288193.0,41167809.0,1044728.0,636708.0,31909.0,0,0.008022453721790302,0.07795567797834094
2021,0.4475,0.0032,0.2975,0.0071,30759.0,19650.0,0.1444,0.2549,0.1454,0.272,0.1481,33060.0,37510.0,18.0,0.4146341463414634,0.5853658536585366,0.0,0.0,0.0277777777777777,0.0,0.2777777777777778,0.0277777777777777,0.3888888888888889,0.0833333333333333,0.0,0.1944444444444444,384.68,6.26,11398225.0,45286497.0,1153037.0,644076.0,27268.0,0,0.0025093621951807472,0.0719606123759871
2020,0.505,0.005,0.3027,0.0045,33146.0,18895.0,0.2992,0.3811,0.2592,0.3866,0.2795,32111.0,34355.0,46.0,0.4558823529411764,0.4852941176470588,0.0588235294117647,0.0,0.0714285714285714,0.0,0.3571428571428571,0.0285714285714285,0.3285714285714285,0.1142857142857142,0.0,0.1,36.48,0.81,11288193.0,41167809.0,1044728.0,636708.0,31909.0,0,0.0018272318804232119,0.02351538398471573
2020,0.505,0.005,0.3027,0.0045,33146.0,18895.0,0.1433,0.2512,0.2493,0.305,0.2694,33641.0,35497.0,116.0,0.484472049689441,0.4658385093167702,0.0496894409937888,0.0,0.1328125,0.0,0.3046875,0.015625,0.265625,0.0703125,0.0,0.2109375,23.48,0.59,11288193.0,41167809.0,1044728.0,636708.0,31909.0,0,0.0030969940788615263,0.0347363053349181
2021,0.4475,0.0032,0.2975,0.0071,30759.0,19650.0,0.1077,0.2225,0.1127,0.2842,0.1224,33971.0,29153.0,81.0,0.484472049689441,0.4658385093167702,0.0496894409937888,0.0,0.0458715596330275,0.0,0.2752293577981651,0.018348623853211,0.3669724770642202,0.0642201834862385,0.0091743119266055,0.2201834862385321,23.48,0.59,11398225.0,45286497.0,1153037.0,644076.0,27268.0,0,0.0009167440133804707,0.027966157823081098
2022,0.4744,0.0057,0.2898,0.0093,28431.0,12067.0,0.0857,0.228,0.2059,0.2718,0.2059,34082.0,35689.0,91.0,0.484472049689441,0.4658385093167702,0.0496894409937888,0.0,0.073170731707317,0.0,0.3495934959349593,0.008130081300813,0.3089430894308943,0.089430894308943,0.0,0.1707317073170731,23.48,0.59,10016167.0,56987427.0,1363619.0,539603.0,25553.0,0,0.001658600624621048,0.02566703524055342
2023,0.5066,0.0079,0.2937,0.0124,30239.0,13376.0,0.0873,0.2586,0.2073,0.271,0.2069,34398.0,36643.0,134.0,0.484472049689441,0.4658385093167702,0.0496894409937888,0.0,0.0769230769230769,0.0,0.3012820512820512,0.0256410256410256,0.3333333333333333,0.0256410256410256,0.0,0.2371794871794871,23.48,0.59,10866380.0,45288876.0,2000367.0,926620.0,480.0,0,0.0008805555344438249,0.01793973560258262
2021,0.4475,0.0032,0.2975,0.0071,30759.0,19650.0,0.342,0.2413,0.2096,0.3338,0.246,33568.0,32719.0,22.0,0.5,0.5,0.0,0.0,0.0652173913043478,0.0,0.5869565217391305,0.0,0.108695652173913,0.1304347826086956,0.0,0.108695652173913,106.19,1.78,11398225.0,45286497.0,1153037.0,644076.0,27268.0,0,0.012277332489678624,0.10306261880948535
2023,0.5066,0.0079,0.2937,0.0124,30239.0,13376.0,0.2452,0.4015,0.2816,0.3289,0.2412,34808.0,36325.0,18.0,0.5,0.5,0.0,0.0,0.1463414634146341,0.0,0.5853658536585366,0.0,0.0975609756097561,0.024390243902439,0.0,0.1463414634146341,106.19,1.78,10866380.0,45288876.0,2000367.0,926620.0,480.0,0,0.015769764154232816,0.14560059858442734
2020,0.505,0.005,0.3027,0.0045,33146.0,18895.0,0.367,0.2886,0.2855,0.3318,0.2803,25004.0,36492.0,39.0,0.35,0.55,0.1,0.0,0.0,0.0,0.4130434782608695,0.0,0.2826086956521739,0.0434782608695652,0.0,0.2608695652173913,113.22,1.97,11288193.0,41167809.0,1044728.0,636708.0,31909.0,0,0.01774488928645396,0.14265785932701053
2021,0.4475,0.0032,0.2975,0.0071,30759.0,19650.0,0.2918,0.278,0.1128,0.32,0.168,25149.0,34738.0,34.0,0.35,0.55,0.1,0.0,0.0666666666666666,0.0,0.2666666666666666,0.0444444444444444,0.2888888888888888,0.0666666666666666,0.0,0.2666666666666666,113.22,1.97,11398225.0,45286497.0,1153037.0,644076.0,27268.0,0,0.008255704141715298,0.04941654341012572
2022,0.4744,0.0057,0.2898,0.0093,28431.0,12067.0,0.2585,0.2625,0.2174,0.3014,0.1846,25135.0,36607.0,29.0,0.35,0.55,0.1,0.0,0.0444444444444444,0.0,0.4222222222222222,0.0444444444444444,0.2666666666666666,0.0,0.0,0.2222222222222222,113.22,1.97,10016167.0,56987427.0,1363619.0,539603.0,25553.0,0,0.0074466481310528,0.054183540709118384
2023,0.5066,0.0079,0.2937,0.0124,30239.0,13376.0,0.2778,0.2777,0.2253,0.2799,0.2021,25091.0,36776.0,32.0,0.35,0.55,0.1,0.0,0.0789473684210526,0.0,0.1842105263157894,0.0,0.2894736842105263,0.0526315789473684,0.0,0.3947368421052631,113.22,1.97,10866380.0,45288876.0,2000367.0,926620.0,480.0,0,0.02457993618676969,0.11984503275726786
2021,0.2301,0.0058,0.175,0.0195,14579.0,13086.0,0.4875,0.2953,0.225,0.3429,0.2368,33396.0,33396.0,29.0,0.5245901639344263,0.4754098360655737,0.0,0.0,0.046875,0.0,0.15625,0.046875,0.171875,0.015625,0.0,0.5625,39.0,0.75,4667080.0,10645991.0,1398552.0,110624.0,9744.0,0,0.023609994595217582,0.040784355249350535
2022,0.2511,0.0073,0.1771,0.016,14083.0,12146.0,0.3734,0.2671,0.2326,0.328,0.2245,33978.0,36975.0,26.0,0.5245901639344263,0.4754098360655737,0.0,0.0,0.0,0.0,0.4339622641509434,0.0566037735849056,0.0566037735849056,0.0,0.0,0.4528301886792453,39.0,0.75,4085558.0,11051036.0,1211326.0,125857.0,9143.0,0,0.025413871795221404,0.07618292252709824
2021,0.2301,0.0058,0.175,0.0195,14579.0,13086.0,0.2918,0.278,0.1128,0.32,0.168,25149.0,34738.0,9.0,0.0,1.0,0.0,0.0,0.0,0.0,0.3333333333333333,0.0,0.1333333333333333,0.0,0.0,0.5333333333333333,421.14,6.61,4667080.0,10645991.0,1398552.0,110624.0,9744.0,0,0.5837169340487679,0.3702718101746227
2021,0.2061,0.0225,0.0678,0.016,27292.0,15141.0,0.1444,0.2549,0.1454,0.272,0.1481,33060.0,37510.0,35.0,0.527027027027027,0.4324324324324324,0.0,0.0405405405405405,0.0158730158730158,0.0,0.3809523809523809,0.0158730158730158,0.1269841269841269,0.2539682539682539,0.0,0.2063492063492063,53.86,1.11,3978864.0,8795916.0,2102792.0,515079.0,16259.0,0,0.1142960942652466,0.058442458970394046
2022,0.2263,0.0177,0.083,0.019,23194.0,15403.0,0.1133,0.2272,0.2059,0.2706,0.1632,33715.0,41130.0,50.0,0.527027027027027,0.4324324324324324,0.0,0.0405405405405405,0.0365853658536585,0.0,0.2439024390243902,0.048780487804878,0.0853658536585365,0.3170731707317073,0.0,0.2682926829268293,53.86,1.11,3475667.0,11221344.0,2187565.0,731151.0,13918.0,0,0.0548970333170271,0.05928742332222126
2023,0.2543,0.0341,0.0843,0.0238,23254.0,15772.0,0.1166,0.2445,0.1985,0.2733,0.1823,34306.0,42708.0,23.0,0.527027027027027,0.4324324324324324,0.0,0.0405405405405405,0.0384615384615384,0.0,0.2692307692307692,0.0769230769230769,0.0769230769230769,0.2692307692307692,0.0,0.2692307692307692,53.86,1.11,3451378.0,8924254.0,2684202.0,745119.0,991.0,0,0.029504729772173027,0.07275349144374585
2021,0.2061,0.0225,0.0678,0.016,27292.0,15141.0,0.4875,0.2953,0.225,0.3429,0.2368,33396.0,33396.0,43.0,0.4042553191489361,0.5957446808510638,0.0,0.0,0.0,0.0,0.373134328358209,0.044776119402985,0.1194029850746268,0.2537313432835821,0.0,0.208955223880597,111.97,1.88,3978864.0,8795916.0,2102792.0,515079.0,16259.0,0,0.06332469682043879,0.08755630593334052
2022,0.2263,0.0177,0.083,0.019,23194.0,15403.0,0.3734,0.2671,0.2326,0.328,0.2245,33978.0,36975.0,48.0,0.4042553191489361,0.5957446808510638,0.0,0.0,0.0,0.0,0.5068493150684932,0.0273972602739726,0.0684931506849315,0.0547945205479452,0.0,0.3424657534246575,111.97,1.88,3475667.0,11221344.0,2187565.0,731151.0,13918.0,0,0.09074138337494883,0.10363723531641018
2023,0.2543,0.0341,0.0843,0.0238,23254.0,15772.0,0.4163,0.2519,0.2206,0.3078,0.2322,33442.0,38067.0,23.0,0.4042553191489361,0.5957446808510638,0.0,0.0,0.0666666666666666,0.0,0.4,0.0444444444444444,0.1333333333333333,0.0888888888888888,0.0,0.2666666666666666,111.97,1.88,3451378.0,8924254.0,2684202.0,745119.0,991.0,0,0.07388038099174776,0.11455750946842984
2021,0.2061,0.0225,0.0678,0.016,27292.0,15141.0,0.2882,0.3939,0.1836,0.3837,0.2004,31372.0,30173.0,18.0,0.6,0.4,0.0,0.0,0.0,0.0,0.5714285714285714,0.0,0.1142857142857142,0.2571428571428571,0.0,0.0571428571428571,397.17,6.24,3978864.0,8795916.0,2102792.0,515079.0,16259.0,0,0.44937541099973893,0.3713482145230817
2022,0.2263,0.0177,0.083,0.019,23194.0,15403.0,0.2115,0.3587,0.2194,0.3787,0.2105,31082.0,34731.0,15.0,0.6,0.4,0.0,0.0,0.0277777777777777,0.0,0.5277777777777778,0.0,0.1111111111111111,0.25,0.0,0.0833333333333333,397.17,6.24,3475667.0,11221344.0,2187565.0,731151.0,13918.0,0,0.45871459270470544,0.33870315190128497
2020,0.211,0.0232,0.0759,0.0195,29967.0,13752.0,0.1433,0.2512,0.2493,0.305,0.2694,33641.0,35497.0,36.0,0.3898305084745763,0.6101694915254238,0.0,0.0,0.0181818181818181,0.0,0.2363636363636363,0.0363636363636363,0.0727272727272727,0.4181818181818181,0.0,0.2181818181818181,356.23,5.62,3827561.0,8337061.0,2643233.0,632949.0,16768.0,0,0.18788348878058286,0.14438139959178467
2021,0.2061,0.0225,0.0678,0.016,27292.0,15141.0,0.1077,0.2225,0.1127,0.2842,0.1224,33971.0,29153.0,46.0,0.3898305084745763,0.6101694915254238,0.0,0.0,0.078125,0.0,0.15625,0.015625,0.078125,0.546875,0.0,0.125,356.23,5.62,3978864.0,8795916.0,2102792.0,515079.0,16259.0,0,0.3426540117738783,0.15552698784924973
2022,0.2263,0.0177,0.083,0.019,23194.0,15403.0,0.0857,0.228,0.2059,0.2718,0.2059,34082.0,35689.0,29.0,0.3898305084745763,0.6101694915254238,0.0,0.0,0.0192307692307692,0.0,0.4038461538461538,0.0192307692307692,0.1346153846153846,0.2307692307692307,0.0,0.1923076923076923,356.23,5.62,3475667.0,11221344.0,2187565.0,731151.0,13918.0,0,0.16505448340929543,0.14305020893334258
2021,0.2061,0.0225,0.0678,0.016,27292.0,15141.0,0.6538,0.4909,0.2808,0.4999,0.3373,24616.0,30569.0,6.0,0.0,1.0,0.0,0.0,0.0,0.0,0.3636363636363636,0.0,0.2727272727272727,0.3636363636363636,0.0,0.0,406.87,6.45,3978864.0,8795916.0,2102792.0,515079.0,16259.0,1,0.5768248322567008,0.5232288178765728
2020,0.211,0.0232,0.0759,0.0195,29967.0,13752.0,0.3661,0.3158,0.3186,0.3531,0.3142,32252.0,33240.0,48.0,0.509090909090909,0.4363636363636363,0.0,0.0545454545454545,0.0136986301369863,0.0,0.273972602739726,0.0273972602739726,0.0684931506849315,0.4246575342465753,0.0,0.1917808219178082,488.95,7.66,3827561.0,8337061.0,2643233.0,632949.0,16768.0,0,0.3594418079939676,0.1507606144168524
2021,0.2061,0.0225,0.0678,0.016,27292.0,15141.0,0.342,0.2413,0.2096,0.3338,0.246,33568.0,32719.0,50.0,0.509090909090909,0.4363636363636363,0.0,0.0545454545454545,0.0,0.0,0.25,0.0238095238095238,0.0357142857142857,0.5595238095238095,0.0,0.1309523809523809,488.95,7.66,3978864.0,8795916.0,2102792.0,515079.0,16259.0,0,0.3620447737990596,0.1611055295611909
2022,0.2263,0.0177,0.083,0.019,23194.0,15403.0,0.2371,0.2878,0.2505,0.3193,0.2405,35266.0,35274.0,40.0,0.509090909090909,0.4363636363636363,0.0,0.0545454545454545,0.0350877192982456,0.0,0.1929824561403508,0.0175438596491228,0.087719298245614,0.4912280701754385,0.0,0.175438596491228,488.95,7.66,3475667.0,11221344.0,2187565.0,731151.0,13918.0,0,0.2559136473256737,0.1277203258704495
2020,0.211,0.0232,0.0759,0.0195,29967.0,13752.0,0.367,0.2886,0.2855,0.3318,0.2803,25004.0,36492.0,28.0,0.375,0.625,0.0,0.0,0.0465116279069767,0.0,0.3255813953488372,0.0232558139534883,0.0930232558139534,0.2790697674418604,0.0,0.2325581395348837,295.89,4.65,3827561.0,8337061.0,2643233.0,632949.0,16768.0,0,0.6288548944830666,0.23830873064210786
2021,0.2061,0.0225,0.0678,0.016,27292.0,15141.0,0.2918,0.278,0.1128,0.32,0.168,25149.0,34738.0,19.0,0.375,0.625,0.0,0.0,0.0,0.0,0.2222222222222222,0.0555555555555555,0.1666666666666666,0.25,0.0,0.3055555555555556,295.89,4.65,3978864.0,8795916.0,2102792.0,515079.0,16259.0,0,0.28959503989360175,0.20447499254331788
2021,0.2061,0.0225,0.0678,0.016,27292.0,15141.0,0.5864,0.3139,0.195,0.3178,0.234,18693.0,37040.0,57.0,0.3076923076923077,0.5897435897435898,0.1025641025641025,0.0,0.0,0.0,0.2987012987012987,0.0649350649350649,0.1298701298701298,0.0909090909090909,0.0,0.4155844155844156,39.86,0.83,3978864.0,8795916.0,2102792.0,515079.0,16259.0,0,0.3973115479068198,0.14773443403452738
2021,0.4603,0.024,0.25,0.0247,29922.0,16615.0,0.2882,0.3939,0.1836,0.3837,0.2004,31372.0,30173.0,55.0,0.6,0.4,0.0,0.0,0.0273972602739726,0.0,0.3972602739726027,0.0,0.3150684931506849,0.0410958904109589,0.0,0.2191780821917808,20.43,0.42,9993339.0,45358906.0,4209897.0,203217.0,21785.0,0,0.00559838808983858,0.11890460584452839
2021,0.4603,0.024,0.25,0.0247,29922.0,16615.0,0.1077,0.2225,0.1127,0.2842,0.1224,33971.0,29153.0,29.0,0.7272727272727273,0.2727272727272727,0.0,0.0,0.0384615384615384,0.0,0.3846153846153846,0.0,0.3653846153846153,0.0576923076923076,0.0,0.1538461538461538,28.24,0.55,9993339.0,45358906.0,4209897.0,203217.0,21785.0,0,0.0027289944928752777,0.09124925524317122
2022,0.5,0.0142,0.2592,0.0177,26102.0,15591.0,0.0857,0.228,0.2059,0.2718,0.2059,34082.0,35689.0,22.0,0.7272727272727273,0.2727272727272727,0.0,0.0,0.05,0.0,0.325,0.0,0.4,0.025,0.0,0.2,28.24,0.55,8968617.0,45617430.0,2337034.0,54800.0,18742.0,0,0.002393482533416685,0.08504289294157455
2021,0.4603,0.024,0.25,0.0247,29922.0,16615.0,0.6538,0.4909,0.2808,0.4999,0.3373,24616.0,30569.0,21.0,0.4,0.6,0.0,0.0,0.0769230769230769,0.0,0.3846153846153846,0.0256410256410256,0.282051282051282,0.0769230769230769,0.0,0.1538461538461538,41.99,1.11,9993339.0,45358906.0,4209897.0,203217.0,21785.0,0,0.024008034142962407,0.11355976744697614
2021,0.2979,0.0053,0.1496,0.005,15069.0,22364.0,0.1444,0.2549,0.1454,0.272,0.1481,33060.0,37510.0,30.0,0.4054054054054054,0.5135135135135135,0.081081081081081,0.0,0.1206896551724138,0.0,0.396551724137931,0.0517241379310344,0.1896551724137931,0.1034482758620689,0.0,0.1379310344827586,7.51,0.35,2866260.0,12712059.0,407324.0,19000.0,73.0,0,0.03526271409921519,0.08338719596594481
2022,0.3039,0.0,0.1511,0.0041,14309.0,20701.0,0.1133,0.2272,0.2059,0.2706,0.1632,33715.0,41130.0,22.0,0.4054054054054054,0.5135135135135135,0.081081081081081,0.0,0.0512820512820512,0.0,0.5641025641025641,0.0,0.2307692307692307,0.0256410256410256,0.0,0.1282051282051282,7.51,0.35,2347955.0,12166713.0,332249.0,4000.0,55.0,0,0.05714529106998545,0.17292018311956991
2021,0.2979,0.0053,0.1496,0.005,15069.0,22364.0,0.4875,0.2953,0.225,0.3429,0.2368,33396.0,33396.0,15.0,0.2857142857142857,0.7142857142857143,0.0,0.0,0.0666666666666666,0.0,0.5666666666666667,0.0333333333333333,0.1,0.0333333333333333,0.0,0.2,68.56,1.16,2866260.0,12712059.0,407324.0,19000.0,73.0,0,0.07688906147803741,0.11055723231518562
2022,0.3039,0.0,0.1511,0.0041,14309.0,20701.0,0.3734,0.2671,0.2326,0.328,0.2245,33978.0,36975.0,6.0,0.2857142857142857,0.7142857142857143,0.0,0.0,0.037037037037037,0.0,0.5185185185185185,0.0,0.1481481481481481,0.037037037037037,0.0,0.2592592592592592,68.56,1.16,2347955.0,12166713.0,332249.0,4000.0,55.0,0,0.09813709853516482,0.224777582396493
2020,0.2406,0.0,0.1531,0.0019,12137.0,11565.0,0.1748,0.2077,0.2026,0.2594,0.2032,33208.0,39016.0,7.0,0.5,0.5,0.0,0.0,0.0434782608695652,0.0,0.3043478260869565,0.0434782608695652,0.3043478260869565,0.0,0.0,0.3043478260869565,34.34,0.73,2795604.0,7815960.0,108071.0,198513.0,411.0,0,0.016520588765327738,0.08042977877679411
2021,0.2013,0.0,0.1323,0.0014,11617.0,11959.0,0.1444,0.2549,0.1454,0.272,0.1481,33060.0,37510.0,11.0,0.5,0.5,0.0,0.0,0.0384615384615384,0.0,0.2307692307692307,0.0,0.2307692307692307,0.0,0.0,0.5,34.34,0.73,2556742.0,8372062.0,97465.0,149910.0,335.0,0,0.08355667277221107,0.18713757576886544
2022,0.2111,0.0,0.137,0.0008,10649.0,10912.0,0.1133,0.2272,0.2059,0.2706,0.1632,33715.0,41130.0,4.0,0.5,0.5,0.0,0.0,0.032258064516129,0.0,0.3225806451612903,0.032258064516129,0.1935483870967742,0.0,0.0,0.4193548387096774,34.34,0.73,2143278.0,11708912.0,55995.0,191666.0,267.0,0,0.038647347596786036,0.11470189678476587
2023,0.22,0.0013,0.1419,0.0024,10091.0,14810.0,0.1166,0.2445,0.1985,0.2733,0.1823,34306.0,42708.0,22.0,0.5,0.5,0.0,0.0,0.0208333333333333,0.0,0.4375,0.0,0.1666666666666666,0.0416666666666666,0.0,0.3333333333333333,34.34,0.73,2046724.0,8443015.0,129960.0,186273.0,511.0,0,0.0793937802887248,0.17388171582074238
2020,0.2406,0.0,0.1531,0.0019,12137.0,11565.0,0.4635,0.3255,0.3199,0.3567,0.2904,33181.0,35532.0,34.0,0.5882352941176471,0.3676470588235294,0.0441176470588235,0.0,0.0793650793650793,0.0,0.2857142857142857,0.0317460317460317,0.2063492063492063,0.0476190476190476,0.0,0.3492063492063492,80.67,1.32,2795604.0,7815960.0,108071.0,198513.0,411.0,0,0.051977541431143415,0.11161006248587498
2021,0.2013,0.0,0.1323,0.0014,11617.0,11959.0,0.4875,0.2953,0.225,0.3429,0.2368,33396.0,33396.0,42.0,0.5882352941176471,0.3676470588235294,0.0441176470588235,0.0,0.0303030303030303,0.0,0.2878787878787879,0.0151515151515151,0.2424242424242424,0.0151515151515151,0.0,0.4090909090909091,80.67,1.32,2556742.0,8372062.0,97465.0,149910.0,335.0,0,0.05304987875454108,0.0949351998126521
2022,0.2111,0.0,0.137,0.0008,10649.0,10912.0,0.3734,0.2671,0.2326,0.328,0.2245,33978.0,36975.0,61.0,0.5882352941176471,0.3676470588235294,0.0441176470588235,0.0,0.0602409638554216,0.0,0.3975903614457831,0.0120481927710843,0.2289156626506024,0.0,0.0,0.3012048192771084,80.67,1.32,2143278.0,11708912.0,55995.0,191666.0,267.0,0,0.056046427836926316,0.1067230262286964
2023,0.22,0.0013,0.1419,0.0024,10091.0,14810.0,0.4163,0.2519,0.2206,0.3078,0.2322,33442.0,38067.0,45.0,0.5882352941176471,0.3676470588235294,0.0441176470588235,0.0,0.0317460317460317,0.0,0.4603174603174603,0.0,0.1269841269841269,0.0,0.0,0.3809523809523809,80.67,1.32,2046724.0,8443015.0,129960.0,186273.0,511.0,0,0.13237519329568642,0.19802999331639481
2020,0.2406,0.0,0.1531,0.0019,12137.0,11565.0,0.2992,0.3811,0.2592,0.3866,0.2795,32111.0,34355.0,4.0,0.44,0.56,0.0,0.0,0.0666666666666666,0.0,0.4666666666666667,0.0666666666666666,0.1333333333333333,0.0,0.0,0.2666666666666666,386.44,6.25,2795604.0,7815960.0,108071.0,198513.0,411.0,0,0.10962793469668915,0.2440146639787093
2021,0.2013,0.0,0.1323,0.0014,11617.0,11959.0,0.2882,0.3939,0.1836,0.3837,0.2004,31372.0,30173.0,4.0,0.44,0.56,0.0,0.0,0.0,0.0,0.5454545454545454,0.0,0.1818181818181818,0.0909090909090909,0.0,0.1818181818181818,386.44,6.25,2556742.0,8372062.0,97465.0,149910.0,335.0,0,0.30539194931390173,0.41241163693634747
2022,0.2111,0.0,0.137,0.0008,10649.0,10912.0,0.2115,0.3587,0.2194,0.3787,0.2105,31082.0,34731.0,4.0,0.44,0.56,0.0,0.0,0.1875,0.0,0.4375,0.0,0.125,0.0,0.0,0.25,386.44,6.25,2143278.0,11708912.0,55995.0,191666.0,267.0,0,0.6380785041715938,0.40981320925370174
2023,0.22,0.0013,0.1419,0.0024,10091.0,14810.0,0.2557,0.3531,0.2373,0.3729,0.2181,30132.0,36121.0,4.0,0.44,0.56,0.0,0.0,0.0,0.0,0.5555555555555556,0.0,0.1666666666666666,0.0,0.0555555555555555,0.2222222222222222,386.44,6.25,2046724.0,8443015.0,129960.0,186273.0,511.0,0,0.36962327067078005,0.386273853565861
2020,0.2406,0.0,0.1531,0.0019,12137.0,11565.0,0.1433,0.2512,0.2493,0.305,0.2694,33641.0,35497.0,3.0,0.5333333333333333,0.4666666666666667,0.0,0.0,0.0625,0.0,0.3125,0.0,0.3125,0.0,0.0,0.3125,345.5,5.63,2795604.0,7815960.0,108071.0,198513.0,411.0,0,0.11244995128397518,0.30126831483806066
2022,0.2111,0.0,0.137,0.0008,10649.0,10912.0,0.0857,0.228,0.2059,0.2718,0.2059,34082.0,35689.0,12.0,0.5333333333333333,0.4666666666666667,0.0,0.0,0.2307692307692307,0.0,0.4230769230769231,0.0,0.1153846153846153,0.1153846153846153,0.0,0.1153846153846153,345.5,5.63,2143278.0,11708912.0,55995.0,191666.0,267.0,0,0.5233694464730436,0.3173531719923206
2023,0.22,0.0013,0.1419,0.0024,10091.0,14810.0,0.0873,0.2586,0.2073,0.271,0.2069,34398.0,36643.0,20.0,0.5333333333333333,0.4666666666666667,0.0,0.0,0.0,0.0,0.4848484848484848,0.0,0.2727272727272727,0.0303030303030303,0.0,0.2121212121212121,345.5,5.63,2046724.0,8443015.0,129960.0,186273.0,511.0,0,0.09549788781799193,0.2731101631935619
2021,0.2013,0.0,0.1323,0.0014,11617.0,11959.0,0.342,0.2413,0.2096,0.3338,0.246,33568.0,32719.0,3.0,0.6111111111111112,0.3888888888888889,0.0,0.0,0.0,0.0,0.6875,0.0,0.0625,0.1875,0.0,0.0625,478.22,7.67,2556742.0,8372062.0,97465.0,149910.0,335.0,0,0.4325559765401138,0.37000499371777584
2022,0.2111,0.0,0.137,0.0008,10649.0,10912.0,0.2371,0.2878,0.2505,0.3193,0.2405,35266.0,35274.0,6.0,0.6111111111111112,0.3888888888888889,0.0,0.0,0.0,0.0,0.4736842105263157,0.0,0.1052631578947368,0.0526315789473684,0.0,0.3684210526315789,478.22,7.67,2143278.0,11708912.0,55995.0,191666.0,267.0,0,0.2689621925430749,0.3238106856894107
2020,0.2406,0.0,0.1531,0.0019,12137.0,11565.0,0.367,0.2886,0.2855,0.3318,0.2803,25004.0,36492.0,16.0,0.3684210526315789,0.631578947368421,0.0,0.0,0.0,0.0,0.2857142857142857,0.0476190476190476,0.1428571428571428,0.0,0.0,0.5238095238095238,312.78,5.02,2795604.0,7815960.0,108071.0,198513.0,411.0,0,0.2953702882003008,0.30485226551979866
2021,0.2013,0.0,0.1323,0.0014,11617.0,11959.0,0.2918,0.278,0.1128,0.32,0.168,25149.0,34738.0,17.0,0.3684210526315789,0.631578947368421,0.0,0.0,0.0416666666666666,0.0,0.4166666666666667,0.0,0.1666666666666666,0.0416666666666666,0.0,0.3333333333333333,312.78,5.02,2556742.0,8372062.0,97465.0,149910.0,335.0,0,0.6308397153176666,0.4277763464470084
2023,0.22,0.0013,0.1419,0.0024,10091.0,14810.0,0.2778,0.2777,0.2253,0.2799,0.2021,25091.0,36776.0,22.0,0.3684210526315789,0.631578947368421,0.0,0.0,0.1428571428571428,0.0,0.0714285714285714,0.0,0.25,0.0,0.0,0.5357142857142857,312.78,5.02,2046724.0,8443015.0,129960.0,186273.0,511.0,0,0.6348462796978543,0.3936352618722911
2020,0.2406,0.0,0.1531,0.0019,12137.0,11565.0,0.6473,0.2692,0.3408,0.3196,0.347,18761.0,35925.0,3.0,0.3157894736842105,0.6842105263157895,0.0,0.0,0.0526315789473684,0.0,0.3157894736842105,0.1052631578947368,0.1578947368421052,0.0,0.0,0.3684210526315789,64.89,1.3,2795604.0,7815960.0,108071.0,198513.0,411.0,0,0.18516930816349372,0.22232820318779906
2023,0.22,0.0013,0.1419,0.0024,10091.0,14810.0,0.6254,0.3156,0.3206,0.3175,0.2943,18997.0,38649.0,20.0,0.3157894736842105,0.6842105263157895,0.0,0.0,0.03125,0.0,0.375,0.03125,0.15625,0.0,0.0,0.40625,64.89,1.3,2046724.0,8443015.0,129960.0,186273.0,511.0,0,0.5598425928257481,0.19404178374084996
2022,0.3571,0.0038,0.2426,0.0098,11148.0,12382.0,0.1133,0.2272,0.2059,0.2706,0.1632,33715.0,41130.0,7.0,0.5151515151515151,0.4848484848484848,0.0,0.0,0.1578947368421052,0.0,0.2631578947368421,0.0,0.3157894736842105,0.0,0.0,0.2631578947368421,31.59,0.7,3714369.0,16349314.0,656963.0,209177.0,23221.0,0,0.027908421751788762,0.0985034631340036
2020,0.374,0.0011,0.2479,0.0115,13193.0,13497.0,0.4635,0.3255,0.3199,0.3567,0.2904,33181.0,35532.0,26.0,0.575,0.425,0.0,0.0,0.0983606557377049,0.0163934426229508,0.1639344262295081,0.0,0.4426229508196721,0.0,0.0,0.2786885245901639,62.38,1.08,4514709.0,12636415.0,855655.0,179515.0,25857.0,0,0.018300458376307734,0.1138715501475046
2021,0.3117,0.0025,0.2144,0.0072,11789.0,11897.0,0.4875,0.2953,0.225,0.3429,0.2368,33396.0,33396.0,17.0,0.575,0.425,0.0,0.0,0.073170731707317,0.0,0.1463414634146341,0.024390243902439,0.4146341463414634,0.0,0.0,0.3414634146341463,62.38,1.08,4199665.0,13701019.0,550872.0,189017.0,24367.0,0,0.00795902731503551,0.03733456992050386
2022,0.3571,0.0038,0.2426,0.0098,11148.0,12382.0,0.3734,0.2671,0.2326,0.328,0.2245,33978.0,36975.0,14.0,0.575,0.425,0.0,0.0,0.0222222222222222,0.0,0.3555555555555555,0.0,0.3111111111111111,0.0444444444444444,0.0,0.2666666666666666,62.38,1.08,3714369.0,16349314.0,656963.0,209177.0,23221.0,0,0.013502982529768223,0.10479123592988923
2020,0.4444,0.0089,0.1402,0.0085,11371.0,18713.0,0.4635,0.3255,0.3199,0.3567,0.2904,33181.0,35532.0,7.0,0.4285714285714285,0.5714285714285714,0.0,0.0,0.1111111111111111,0.0,0.4444444444444444,0.0,0.3333333333333333,0.0,0.0,0.1111111111111111,72.54,1.2,2012646.0,5666796.0,463533.0,17325.0,470.0,0,0.07231388362436054,0.25821313079811886
2020,0.396,0.0079,0.278,0.0178,18710.0,11676.0,0.1748,0.2077,0.2026,0.2594,0.2032,33208.0,39016.0,13.0,0.4666666666666667,0.5333333333333333,0.0,0.0,0.0,0.0,0.1891891891891892,0.027027027027027,0.2972972972972973,0.027027027027027,0.0,0.4594594594594595,462.15,7.37,6701954.0,21804927.0,1936820.0,452929.0,273.0,0,0.01419576290306946,0.058340863680870395
2021,0.3466,0.0083,0.249,0.0161,18204.0,12359.0,0.1444,0.2549,0.1454,0.272,0.1481,33060.0,37510.0,27.0,0.4666666666666667,0.5333333333333333,0.0,0.0,0.0,0.0,0.1176470588235294,0.0196078431372549,0.3725490196078431,0.0196078431372549,0.0,0.4705882352941176,462.15,7.37,6010821.0,20346282.0,1766433.0,364250.0,242.0,0,0.015179655194149473,0.05943315138717309
2022,0.3759,0.0098,0.2478,0.0168,16847.0,13016.0,0.1133,0.2272,0.2059,0.2706,0.1632,33715.0,41130.0,10.0,0.4666666666666667,0.5333333333333333,0.0,0.0,0.0294117647058823,0.0,0.2058823529411764,0.0588235294117647,0.2647058823529412,0.088235294117647,0.0,0.3529411764705882,462.15,7.37,5072138.0,21580383.0,1736901.0,326432.0,230.0,0,0.012664387113884278,0.0583153319523699
2020,0.396,0.0079,0.278,0.0178,18710.0,11676.0,0.4635,0.3255,0.3199,0.3567,0.2904,33181.0,35532.0,3.0,0.75,0.25,0.0,0.0,0.1428571428571428,0.0,0.0,0.0952380952380952,0.0952380952380952,0.0,0.0,0.6666666666666666,484.99,7.67,6701954.0,21804927.0,1936820.0,452929.0,273.0,0,0.023844241143489032,0.15982350956473984
2020,0.396,0.0079,0.278,0.0178,18710.0,11676.0,0.2992,0.3811,0.2592,0.3866,0.2795,32111.0,34355.0,21.0,0.5238095238095238,0.4761904761904761,0.0,0.0,0.1,0.025,0.225,0.0,0.25,0.075,0.05,0.275,52.28,0.86,6701954.0,21804927.0,1936820.0,452929.0,273.0,0,0.04788399660352595,0.06856458874231114
2021,0.3466,0.0083,0.249,0.0161,18204.0,12359.0,0.2882,0.3939,0.1836,0.3837,0.2004,31372.0,30173.0,3.0,0.5238095238095238,0.4761904761904761,0.0,0.0,0.0,0.0,0.16,0.04,0.4,0.0,0.0,0.4,52.28,0.86,6010821.0,20346282.0,1766433.0,364250.0,242.0,1,0.0032583457415707884,0.06419363655819475
2022,0.3759,0.0098,0.2478,0.0168,16847.0,13016.0,0.2115,0.3587,0.2194,0.3787,0.2105,31082.0,34731.0,23.0,0.5238095238095238,0.4761904761904761,0.0,0.0,0.0,0.0,0.2727272727272727,0.0,0.303030303030303,0.0303030303030303,0.0,0.3939393939393939,52.28,0.86,5072138.0,21580383.0,1736901.0,326432.0,230.0,0,0.016052020222359277,0.06513996805533473
2023,0.4343,0.0168,0.2724,0.0217,16640.0,15713.0,0.2557,0.3531,0.2373,0.3729,0.2181,30132.0,36121.0,4.0,0.5238095238095238,0.4761904761904761,0.0,0.0,0.0,0.0,0.2727272727272727,0.0454545454545454,0.1818181818181818,0.0,0.0,0.5,52.28,0.86,5139282.0,23034324.0,2252473.0,680050.0,174.0,0,0.01003307460631937,0.04141044553628957
2020,0.396,0.0079,0.278,0.0178,18710.0,11676.0,0.1433,0.2512,0.2493,0.305,0.2694,33641.0,35497.0,23.0,0.5882352941176471,0.4117647058823529,0.0,0.0,0.0,0.0,0.15,0.0,0.2,0.2,0.0,0.45,87.6,1.42,6701954.0,21804927.0,1936820.0,452929.0,273.0,0,0.01346106274512974,0.06510108788738539
2021,0.3466,0.0083,0.249,0.0161,18204.0,12359.0,0.1077,0.2225,0.1127,0.2842,0.1224,33971.0,29153.0,38.0,0.5882352941176471,0.4117647058823529,0.0,0.0,0.0350877192982456,0.0,0.2456140350877192,0.0,0.1929824561403508,0.1403508771929824,0.0,0.3859649122807017,87.6,1.42,6010821.0,20346282.0,1766433.0,364250.0,242.0,0,0.02176753011555063,0.07278777751268153
2022,0.3759,0.0098,0.2478,0.0168,16847.0,13016.0,0.0857,0.228,0.2059,0.2718,0.2059,34082.0,35689.0,17.0,0.5882352941176471,0.4117647058823529,0.0,0.0,0.0238095238095238,0.0238095238095238,0.1666666666666666,0.0238095238095238,0.2142857142857142,0.0476190476190476,0.0,0.5,87.6,1.42,5072138.0,21580383.0,1736901.0,326432.0,230.0,0,0.022906823984826446,0.01793585864001093
2021,0.3466,0.0083,0.249,0.0161,18204.0,12359.0,0.6538,0.4909,0.2808,0.4999,0.3373,24616.0,30569.0,9.0,0.0,1.0,0.0,0.0,0.0,0.0,0.0909090909090909,0.0454545454545454,0.5,0.0454545454545454,0.0,0.3181818181818182,66.28,1.34,6010821.0,20346282.0,1766433.0,364250.0,242.0,0,0.006780325564239242,0.11882722035309927
2020,0.396,0.0079,0.278,0.0178,18710.0,11676.0,0.3661,0.3158,0.3186,0.3531,0.3142,32252.0,33240.0,97.0,0.5478260869565217,0.4,0.0260869565217391,0.0260869565217391,0.0307692307692307,0.0153846153846153,0.1307692307692307,0.0692307692307692,0.2076923076923077,0.0846153846153846,0.0,0.4615384615384615,27.8,0.5,6701954.0,21804927.0,1936820.0,452929.0,273.0,0,0.00450370528493868,0.009816811787578072
2021,0.3466,0.0083,0.249,0.0161,18204.0,12359.0,0.342,0.2413,0.2096,0.3338,0.246,33568.0,32719.0,122.0,0.5478260869565217,0.4,0.0260869565217391,0.0260869565217391,0.0188679245283018,0.0,0.1635220125786163,0.0691823899371069,0.2389937106918239,0.0628930817610062,0.0188679245283018,0.4276729559748428,27.8,0.5,6010821.0,20346282.0,1766433.0,364250.0,242.0,0,0.0021395251201418893,0.006224115524599289
2022,0.3759,0.0098,0.2478,0.0168,16847.0,13016.0,0.2371,0.2878,0.2505,0.3193,0.2405,35266.0,35274.0,102.0,0.5478260869565217,0.4,0.0260869565217391,0.0260869565217391,0.0300751879699248,0.0150375939849624,0.2781954887218045,0.037593984962406,0.2781954887218045,0.0526315789473684,0.0,0.3082706766917293,27.8,0.5,5072138.0,21580383.0,1736901.0,326432.0,230.0,0,0.004735138613076681,0.011903218936663
2023,0.4343,0.0168,0.2724,0.0217,16640.0,15713.0,0.2452,0.4015,0.2816,0.3289,0.2412,34808.0,36325.0,104.0,0.5478260869565217,0.4,0.0260869565217391,0.0260869565217391,0.0151515151515151,0.0075757575757575,0.1515151515151515,0.0454545454545454,0.3333333333333333,0.0227272727272727,0.0,0.4242424242424242,27.8,0.5,5139282.0,23034324.0,2252473.0,680050.0,174.0,0,0.00155523294140376,0.04789553136249167
2021,0.3466,0.0083,0.249,0.0161,18204.0,12359.0,0.2918,0.278,0.1128,0.32,0.168,25149.0,34738.0,15.0,0.4814814814814814,0.5185185185185185,0.0,0.0,0.0,0.0,0.1935483870967742,0.064516129032258,0.2903225806451613,0.0,0.0,0.4516129032258064,193.7,3.06,6010821.0,20346282.0,1766433.0,364250.0,242.0,0,0.019269859305866895,0.05877648287421485
2023,0.4343,0.0168,0.2724,0.0217,16640.0,15713.0,0.2778,0.2777,0.2253,0.2799,0.2021,25091.0,36776.0,22.0,0.4814814814814814,0.5185185185185185,0.0,0.0,0.032258064516129,0.0,0.064516129032258,0.0,0.2580645161290322,0.032258064516129,0.0,0.6129032258064516,193.7,3.06,5139282.0,23034324.0,2252473.0,680050.0,174.0,0,0.0895222067199432,0.14770883656930894
2020,0.396,0.0079,0.278,0.0178,18710.0,11676.0,0.6473,0.2692,0.3408,0.3196,0.347,18761.0,35925.0,7.0,0.4210526315789473,0.4210526315789473,0.1578947368421052,0.0,0.0,0.0,0.0588235294117647,0.0588235294117647,0.0588235294117647,0.0,0.0,0.8235294117647058,432.84,7.1,6701954.0,21804927.0,1936820.0,452929.0,273.0,0,0.36015499314696786,0.22925443450896477
2021,0.3466,0.0083,0.249,0.0161,18204.0,12359.0,0.5864,0.3139,0.195,0.3178,0.234,18693.0,37040.0,3.0,0.4210526315789473,0.4210526315789473,0.1578947368421052,0.0,0.0416666666666666,0.0,0.0416666666666666,0.0416666666666666,0.2916666666666667,0.0,0.0,0.5833333333333334,432.84,7.1,6010821.0,20346282.0,1766433.0,364250.0,242.0,0,0.27400286886671193,0.2107927362328833
2023,0.4343,0.0168,0.2724,0.0217,16640.0,15713.0,0.6254,0.3156,0.3206,0.3175,0.2943,18997.0,38649.0,8.0,0.4210526315789473,0.4210526315789473,0.1578947368421052,0.0,0.0,0.0,0.0769230769230769,0.0,0.1923076923076923,0.0384615384615384,0.0,0.6923076923076923,432.84,7.1,5139282.0,23034324.0,2252473.0,680050.0,174.0,0,0.49872658353236843,0.31662644623162217
2023,0.3726,0.0034,0.157,0.0034,15592.0,12749.0,0.633,0.4344,0.3258,0.4669,0.3281,24777.0,34975.0,54.0,0.5443037974683544,0.4556962025316455,0.0,0.0,0.0963855421686747,0.0,0.1927710843373494,0.0,0.5421686746987951,0.0240963855421686,0.0,0.144578313253012,19.59,0.49,3995709.0,13409295.0,257282.0,231358.0,276.0,0,0.05329783014794006,0.1960199225654023
2020,0.2484,0.0013,0.1384,0.0047,14172.0,17095.0,0.1748,0.2077,0.2026,0.2594,0.2032,33208.0,39016.0,31.0,0.4307692307692308,0.5076923076923077,0.0615384615384615,0.0,0.04,0.0,0.52,0.04,0.16,0.1,0.0,0.14,41.81,0.88,2991755.0,7204226.0,316025.0,53846.0,2792.0,0,0.04677703339665607,0.07729903857029184
2021,0.2423,0.0014,0.1173,0.0051,17402.0,16828.0,0.1444,0.2549,0.1454,0.272,0.1481,33060.0,37510.0,38.0,0.4307692307692308,0.5076923076923077,0.0615384615384615,0.0,0.0363636363636363,0.0,0.5272727272727272,0.0,0.2545454545454545,0.0545454545454545,0.0,0.1272727272727272,41.81,0.88,2958635.0,5983744.0,389999.0,24800.0,2968.0,0,0.08020440922723768,0.21317736883337252
2020,0.2484,0.0013,0.1384,0.0047,14172.0,17095.0,0.2992,0.3811,0.2592,0.3866,0.2795,32111.0,34355.0,8.0,0.3809523809523809,0.4761904761904761,0.1428571428571428,0.0,0.0,0.0,0.6363636363636364,0.0,0.0909090909090909,0.1818181818181818,0.0,0.0909090909090909,397.05,6.28,2991755.0,7204226.0,316025.0,53846.0,2792.0,0,0.38819074535679887,0.39314155491902886
2023,0.2422,0.0014,0.1127,0.0064,15883.0,22906.0,0.2557,0.3531,0.2373,0.3729,0.2181,30132.0,36121.0,25.0,0.3809523809523809,0.4761904761904761,0.1428571428571428,0.0,0.0,0.0,0.84375,0.03125,0.125,0.0,0.0,0.0,397.05,6.28,2192382.0,5982556.0,583376.0,78755.0,659.0,0,0.3128655275544795,0.2772277940886722
2020,0.2484,0.0013,0.1384,0.0047,14172.0,17095.0,0.1433,0.2512,0.2493,0.305,0.2694,33641.0,35497.0,4.0,0.625,0.375,0.0,0.0,0.0,0.0,0.5217391304347826,0.0434782608695652,0.0434782608695652,0.217391304347826,0.0,0.1739130434782608,356.11,5.66,2991755.0,7204226.0,316025.0,53846.0,2792.0,0,0.15924837905185313,0.2024029850475832
2021,0.2423,0.0014,0.1173,0.0051,17402.0,16828.0,0.1077,0.2225,0.1127,0.2842,0.1224,33971.0,29153.0,19.0,0.625,0.375,0.0,0.0,0.0256410256410256,0.0,0.6153846153846154,0.0,0.1538461538461538,0.1025641025641025,0.0,0.1025641025641025,356.11,5.66,2958635.0,5983744.0,389999.0,24800.0,2968.0,0,0.25807511157694685,0.3335680146531984
2023,0.2422,0.0014,0.1127,0.0064,15883.0,22906.0,0.0873,0.2586,0.2073,0.271,0.2069,34398.0,36643.0,27.0,0.625,0.375,0.0,0.0,0.0666666666666666,0.0,0.6888888888888889,0.0444444444444444,0.1333333333333333,0.0222222222222222,0.0,0.0444444444444444,356.11,5.66,2192382.0,5982556.0,583376.0,78755.0,659.0,0,0.14166060647909715,0.20671501774067333
2020,0.2484,0.0013,0.1384,0.0047,14172.0,17095.0,0.6578,0.4702,0.4162,0.515,0.4309,23848.0,30561.0,10.0,1.0,0.0,0.0,0.0,0.0588235294117647,0.0,0.5882352941176471,0.0,0.1764705882352941,0.1176470588235294,0.0,0.0588235294117647,406.75,6.5,2991755.0,7204226.0,316025.0,53846.0,2792.0,0,0.7563618082622269,0.6192104595688204
2021,0.2423,0.0014,0.1173,0.0051,17402.0,16828.0,0.342,0.2413,0.2096,0.3338,0.246,33568.0,32719.0,21.0,0.2972972972972973,0.7027027027027027,0.0,0.0,0.0,0.0,0.631578947368421,0.0,0.0526315789473684,0.2894736842105263,0.0,0.0263157894736842,488.83,7.7,2958635.0,5983744.0,389999.0,24800.0,2968.0,0,0.47850445557426813,0.3866273001312354
2020,0.2484,0.0013,0.1384,0.0047,14172.0,17095.0,0.367,0.2886,0.2855,0.3318,0.2803,25004.0,36492.0,16.0,0.25,0.75,0.0,0.0,0.0,0.0,0.5909090909090909,0.0,0.1363636363636363,0.1363636363636363,0.0,0.1363636363636363,295.77,4.69,2991755.0,7204226.0,316025.0,53846.0,2792.0,0,0.6002700352025936,0.38202129005497426
2021,0.2423,0.0014,0.1173,0.0051,17402.0,16828.0,0.2918,0.278,0.1128,0.32,0.168,25149.0,34738.0,14.0,0.25,0.75,0.0,0.0,0.0,0.0,0.8235294117647058,0.0,0.0,0.1764705882352941,0.0,0.0,295.77,4.69,2958635.0,5983744.0,389999.0,24800.0,2968.0,0,0.8033806700617497,0.42579057928866026
2020,0.2484,0.0013,0.1384,0.0047,14172.0,17095.0,0.6473,0.2692,0.3408,0.3196,0.347,18761.0,35925.0,21.0,0.24,0.76,0.0,0.0,0.0,0.0,0.6666666666666666,0.0,0.2121212121212121,0.0909090909090909,0.0,0.0303030303030303,47.75,1.01,2991755.0,7204226.0,316025.0,53846.0,2792.0,0,0.6158836789395693,0.2826049352367234
2020,0.3481,0.013,0.224,0.0166,26285.0,11715.0,0.1748,0.2077,0.2026,0.2594,0.2032,33208.0,39016.0,24.0,0.3773584905660377,0.5094339622641509,0.0566037735849056,0.0566037735849056,0.0425531914893617,0.0,0.2978723404255319,0.0212765957446808,0.1489361702127659,0.1276595744680851,0.0,0.3617021276595745,414.3,6.66,8494498.0,24724896.0,2558990.0,363298.0,73.0,0,0.05356648911306004,0.06160929495370536
2021,0.3405,0.0199,0.2073,0.0153,24663.0,12400.0,0.1444,0.2549,0.1454,0.272,0.1481,33060.0,37510.0,41.0,0.3773584905660377,0.5094339622641509,0.0566037735849056,0.0566037735849056,0.0666666666666666,0.0,0.35,0.0666666666666666,0.1833333333333333,0.1666666666666666,0.0,0.1666666666666666,414.3,6.66,8587648.0,26904133.0,2333053.0,98134.0,115.0,0,0.020192786779046536,0.06975359556741395
2022,0.3704,0.0126,0.2375,0.0138,22807.0,11863.0,0.1133,0.2272,0.2059,0.2706,0.1632,33715.0,41130.0,32.0,0.3773584905660377,0.5094339622641509,0.0566037735849056,0.0566037735849056,0.0,0.0,0.2741935483870967,0.0483870967741935,0.1935483870967742,0.1612903225806451,0.0,0.3225806451612903,414.3,6.66,7661967.0,39938935.0,2025095.0,500.0,120.0,0,0.011177096570663419,0.0713758110633565
2020,0.3481,0.013,0.224,0.0166,26285.0,11715.0,0.2992,0.3811,0.2592,0.3866,0.2795,32111.0,34355.0,192.0,0.494047619047619,0.4583333333333333,0.0178571428571428,0.0297619047619047,0.0047846889952153,0.0,0.4401913875598086,0.0191387559808612,0.1578947368421052,0.1148325358851674,0.0,0.2631578947368421,5.65,0.2,8494498.0,24724896.0,2558990.0,363298.0,73.0,0,0.01089833654769935,0.013628877526730148
2021,0.3405,0.0199,0.2073,0.0153,24663.0,12400.0,0.2882,0.3939,0.1836,0.3837,0.2004,31372.0,30173.0,157.0,0.494047619047619,0.4583333333333333,0.0178571428571428,0.0297619047619047,0.0,0.0,0.4733727810650887,0.0236686390532544,0.1479289940828402,0.1242603550295858,0.0,0.2307692307692307,5.65,0.2,8587648.0,26904133.0,2333053.0,98134.0,115.0,0,0.01486520319399004,0.05418217301112443
2022,0.3704,0.0126,0.2375,0.0138,22807.0,11863.0,0.2115,0.3587,0.2194,0.3787,0.2105,31082.0,34731.0,132.0,0.494047619047619,0.4583333333333333,0.0178571428571428,0.0297619047619047,0.0131578947368421,0.0,0.4276315789473684,0.006578947368421,0.1118421052631579,0.1776315789473684,0.0,0.2631578947368421,5.65,0.2,7661967.0,39938935.0,2025095.0,500.0,120.0,0,0.020987804295978366,0.029638560718471648
2020,0.3481,0.013,0.224,0.0166,26285.0,11715.0,0.1433,0.2512,0.2493,0.305,0.2694,33641.0,35497.0,41.0,0.6375,0.3625,0.0,0.0,0.0153846153846153,0.0,0.2461538461538461,0.0307692307692307,0.1538461538461538,0.2769230769230769,0.0,0.2769230769230769,37.18,0.72,8494498.0,24724896.0,2558990.0,363298.0,73.0,0,0.01001673449554091,0.022638915928146586
2021,0.3405,0.0199,0.2073,0.0153,24663.0,12400.0,0.1077,0.2225,0.1127,0.2842,0.1224,33971.0,29153.0,62.0,0.6375,0.3625,0.0,0.0,0.0481927710843373,0.0,0.3975903614457831,0.0481927710843373,0.0963855421686747,0.108433734939759,0.0,0.3012048192771084,37.18,0.72,8587648.0,26904133.0,2333053.0,98134.0,115.0,0,0.011780467808609479,0.03033318832755359
2022,0.3704,0.0126,0.2375,0.0138,22807.0,11863.0,0.0857,0.228,0.2059,0.2718,0.2059,34082.0,35689.0,54.0,0.6375,0.3625,0.0,0.0,0.0476190476190476,0.0119047619047619,0.2857142857142857,0.0357142857142857,0.1904761904761904,0.2142857142857142,0.0,0.2142857142857142,37.18,0.72,7661967.0,39938935.0,2025095.0,500.0,120.0,0,0.008146044448669433,0.04084430061242541
2020,0.3481,0.013,0.224,0.0166,26285.0,11715.0,0.6578,0.4702,0.4162,0.515,0.4309,23848.0,30561.0,12.0,0.6,0.4,0.0,0.0,0.0,0.0,0.2333333333333333,0.0,0.3,0.2333333333333333,0.0,0.2333333333333333,48.21,1.23,8494498.0,24724896.0,2558990.0,363298.0,73.0,0,0.06699311975472452,0.21642864717422874
2022,0.3704,0.0126,0.2375,0.0138,22807.0,11863.0,0.6869,0.4631,0.3252,0.494,0.332,24776.0,34100.0,22.0,0.6,0.4,0.0,0.0,0.0476190476190476,0.0,0.5,0.0238095238095238,0.119047619047619,0.0714285714285714,0.0,0.238095238095238,48.21,1.23,7661967.0,39938935.0,2025095.0,500.0,120.0,0,0.08701726936328498,0.1204987939474871
2020,0.3481,0.013,0.224,0.0166,26285.0,11715.0,0.3661,0.3158,0.3186,0.3531,0.3142,32252.0,33240.0,19.0,0.5172413793103449,0.4827586206896552,0.0,0.0,0.0212765957446808,0.0,0.3829787234042553,0.0212765957446808,0.0851063829787234,0.2127659574468085,0.0,0.2765957446808511,75.36,1.18,8494498.0,24724896.0,2558990.0,363298.0,73.0,0,0.030541010906199508,0.028361298422771086
2021,0.3405,0.0199,0.2073,0.0153,24663.0,12400.0,0.342,0.2413,0.2096,0.3338,0.246,33568.0,32719.0,26.0,0.5172413793103449,0.4827586206896552,0.0,0.0,0.0,0.0,0.2619047619047619,0.0238095238095238,0.119047619047619,0.3809523809523809,0.0,0.2142857142857142,75.36,1.18,8587648.0,26904133.0,2333053.0,98134.0,115.0,0,0.018167610102771826,0.019871764678937906
2022,0.3704,0.0126,0.2375,0.0138,22807.0,11863.0,0.2371,0.2878,0.2505,0.3193,0.2405,35266.0,35274.0,50.0,0.5172413793103449,0.4827586206896552,0.0,0.0,0.0136986301369863,0.0,0.3698630136986301,0.0,0.0547945205479452,0.4931506849315068,0.0,0.0684931506849315,75.36,1.18,7661967.0,39938935.0,2025095.0,500.0,120.0,0,0.021544191205352264,0.1073755366979112
2022,0.3704,0.0126,0.2375,0.0138,22807.0,11863.0,0.2585,0.2625,0.2174,0.3014,0.1846,25135.0,36607.0,18.0,0.4054054054054054,0.5945945945945946,0.0,0.0,0.03125,0.0,0.1875,0.03125,0.1875,0.0625,0.0,0.5,142.85,2.34,7661967.0,39938935.0,2025095.0,500.0,120.0,0,0.053634027009549584,0.09385356705289248
2020,0.3481,0.013,0.224,0.0166,26285.0,11715.0,0.6473,0.2692,0.3408,0.3196,0.347,18761.0,35925.0,6.0,0.4666666666666667,0.5333333333333333,0.0,0.0,0.0,0.0,0.4285714285714285,0.0,0.1428571428571428,0.1428571428571428,0.0,0.2857142857142857,385.0,6.39,8494498.0,24724896.0,2558990.0,363298.0,73.0,0,0.6094050207195373,0.32750200251654066
2022,0.3704,0.0126,0.2375,0.0138,22807.0,11863.0,0.4692,0.3297,0.3451,0.3203,0.2813,19313.0,37707.0,4.0,0.4666666666666667,0.5333333333333333,0.0,0.0,0.0625,0.0625,0.375,0.0,0.125,0.0,0.0,0.375,385.0,6.39,7661967.0,39938935.0,2025095.0,500.0,120.0,1,0.9251737053398957,0.39270716910104714
2022,0.3091,0.0024,0.1646,0.0054,26222.0,13866.0,0.2115,0.3587,0.2194,0.3787,0.2105,31082.0,34731.0,9.0,0.3333333333333333,0.6666666666666666,0.0,0.0,0.0,0.0,0.3636363636363636,0.0909090909090909,0.1818181818181818,0.0454545454545454,0.0,0.3181818181818182,59.93,1.0,7480106.0,38537507.0,579320.0,588560.0,1.0,0,0.004020680443608157,0.060895584095348836
2022,0.3091,0.0024,0.1646,0.0054,26222.0,13866.0,0.0857,0.228,0.2059,0.2718,0.2059,34082.0,35689.0,9.0,0.55,0.45,0.0,0.0,0.0344827586206896,0.0,0.1379310344827586,0.0,0.1724137931034483,0.2758620689655172,0.0,0.3793103448275862,95.26,1.55,7480106.0,38537507.0,579320.0,588560.0,1.0,0,0.026936535312465437,0.10612303383794076
2023,0.3548,0.0051,0.1716,0.0065,25877.0,13997.0,0.0873,0.2586,0.2073,0.271,0.2069,34398.0,36643.0,11.0,0.55,0.45,0.0,0.0,0.074074074074074,0.0,0.1851851851851851,0.0,0.2222222222222222,0.2962962962962963,0.0,0.2222222222222222,95.26,1.55,7771001.0,21727495.0,1009677.0,721976.0,663.0,0,0.03068417721531271,0.09489493383190833
2022,0.3091,0.0024,0.1646,0.0054,26222.0,13866.0,0.2371,0.2878,0.2505,0.3193,0.2405,35266.0,35274.0,62.0,0.4069767441860465,0.5465116279069767,0.0465116279069767,0.0,0.0198019801980198,0.0,0.2277227722772277,0.0099009900990099,0.2376237623762376,0.1089108910891089,0.0,0.396039603960396,32.73,0.61,7480106.0,38537507.0,579320.0,588560.0,1.0,0,0.007664812594205615,0.033651510019331574
2023,0.3548,0.0051,0.1716,0.0065,25877.0,13997.0,0.2452,0.4015,0.2816,0.3289,0.2412,34808.0,36325.0,61.0,0.4069767441860465,0.5465116279069767,0.0465116279069767,0.0,0.0333333333333333,0.0111111111111111,0.1222222222222222,0.0333333333333333,0.3111111111111111,0.0333333333333333,0.0,0.4555555555555555,32.73,0.61,7771001.0,21727495.0,1009677.0,721976.0,663.0,0,0.006319691469873309,0.056169047881746995
2023,0.3548,0.0051,0.1716,0.0065,25877.0,13997.0,0.2778,0.2777,0.2253,0.2799,0.2021,25091.0,36776.0,18.0,0.48,0.52,0.0,0.0,0.0416666666666666,0.0,0.2916666666666667,0.0,0.2083333333333333,0.0,0.0,0.4583333333333333,201.36,3.19,7771001.0,21727495.0,1009677.0,721976.0,663.0,0,0.21614577069480775,0.15119126966863233
2020,0.5304,0.0282,0.2676,0.0381,30975.0,12766.0,0.1748,0.2077,0.2026,0.2594,0.2032,33208.0,39016.0,28.0,0.4666666666666667,0.4333333333333333,0.1,0.0,0.0285714285714285,0.0,0.3142857142857143,0.0,0.3142857142857143,0.0,0.0,0.3428571428571428,81.71,1.51,10714479.0,31479135.0,7171251.0,179681.0,252.0,0,0.00570123115326116,0.09064753190558768
2022,0.5128,0.0152,0.2618,0.0353,28801.0,12894.0,0.1133,0.2272,0.2059,0.2706,0.1632,33715.0,41130.0,18.0,0.4666666666666667,0.4333333333333333,0.1,0.0,0.1219512195121951,0.0,0.4390243902439024,0.024390243902439,0.2195121951219512,0.0,0.0,0.1951219512195122,81.71,1.51,9561594.0,34608808.0,6184116.0,391873.0,107.0,0,0.008788510478954365,0.03821858414517732
2023,0.4955,0.0335,0.2503,0.041,28021.0,13062.0,0.1166,0.2445,0.1985,0.2733,0.1823,34306.0,42708.0,17.0,0.4666666666666667,0.4333333333333333,0.1,0.0,0.0833333333333333,0.0,0.3333333333333333,0.0,0.3055555555555556,0.0,0.0,0.2777777777777778,81.71,1.51,9080093.0,40922390.0,6688057.0,481642.0,1266.0,0,0.0062629657831989,0.08617840400417566
2020,0.5304,0.0282,0.2676,0.0381,30975.0,12766.0,0.4635,0.3255,0.3199,0.3567,0.2904,33181.0,35532.0,117.0,0.4596774193548387,0.4516129032258064,0.0887096774193548,0.0,0.0684931506849315,0.0273972602739726,0.3150684931506849,0.0273972602739726,0.1917808219178082,0.0410958904109589,0.0068493150684931,0.3219178082191781,17.46,0.39,10714479.0,31479135.0,7171251.0,179681.0,252.0,0,0.012761182742047671,0.03678578417049835
2021,0.4637,0.0167,0.251,0.0329,30416.0,13642.0,0.4875,0.2953,0.225,0.3429,0.2368,33396.0,33396.0,101.0,0.4596774193548387,0.4516129032258064,0.0887096774193548,0.0,0.0300751879699248,0.0,0.3533834586466165,0.0451127819548872,0.2105263157894736,0.0075187969924812,0.0,0.3533834586466165,17.46,0.39,10676215.0,32874086.0,6174423.0,280476.0,171.0,0,0.0026955118936455437,0.017376585934161394
2023,0.4955,0.0335,0.2503,0.041,28021.0,13062.0,0.4163,0.2519,0.2206,0.3078,0.2322,33442.0,38067.0,100.0,0.4596774193548387,0.4516129032258064,0.0887096774193548,0.0,0.0555555555555555,0.0,0.4047619047619047,0.0317460317460317,0.2142857142857142,0.0,0.0,0.2936507936507936,17.46,0.39,9080093.0,40922390.0,6688057.0,481642.0,1266.0,0,0.0035063379185692094,0.025741724949989282
2022,0.5128,0.0152,0.2618,0.0353,28801.0,12894.0,0.2585,0.2625,0.2174,0.3014,0.1846,25135.0,36607.0,3.0,0.625,0.375,0.0,0.0,0.1428571428571428,0.0,0.1428571428571428,0.0,0.1428571428571428,0.0,0.0,0.5714285714285714,389.33,6.22,9561594.0,34608808.0,6184116.0,391873.0,107.0,1,0.32069914672581906,0.29190275775947405
2021,0.4637,0.0167,0.251,0.0329,30416.0,13642.0,0.5864,0.3139,0.195,0.3178,0.234,18693.0,37040.0,12.0,0.5,0.5,0.0,0.0,0.0384615384615384,0.0,0.3846153846153846,0.0,0.1923076923076923,0.0,0.0,0.3846153846153846,151.71,2.55,10676215.0,32874086.0,6174423.0,280476.0,171.0,0,0.2769172004767116,0.2018658939246127
2021,0.2105,0.0095,0.1275,0.0062,30831.0,13443.0,0.1444,0.2549,0.1454,0.272,0.1481,33060.0,37510.0,15.0,0.2631578947368421,0.7368421052631579,0.0,0.0,0.0588235294117647,0.0,0.088235294117647,0.0294117647058823,0.1764705882352941,0.0294117647058823,0.0,0.6176470588235294,424.92,6.83,7605206.0,21448993.0,893668.0,431826.0,164.0,0,0.10439407205202104,0.12782825016483465
2021,0.2105,0.0095,0.1275,0.0062,30831.0,13443.0,0.4875,0.2953,0.225,0.3429,0.2368,33396.0,33396.0,5.0,0.6666666666666666,0.3333333333333333,0.0,0.0,0.05,0.0,0.25,0.1,0.15,0.0,0.0,0.45,447.76,7.13,7605206.0,21448993.0,893668.0,431826.0,164.0,0,0.023630827391837323,0.14357673056687878
2020,0.2301,0.009,0.1331,0.0079,33140.0,13237.0,0.2992,0.3811,0.2592,0.3866,0.2795,32111.0,34355.0,125.0,0.4503311258278146,0.4701986754966887,0.0463576158940397,0.0331125827814569,0.0277777777777777,0.0,0.2083333333333333,0.0416666666666666,0.2152777777777778,0.0625,0.0,0.4444444444444444,15.39,0.41,7526503.0,15084103.0,1086654.0,400722.0,225.0,0,0.016424661247490657,0.03656401329119757
2021,0.2105,0.0095,0.1275,0.0062,30831.0,13443.0,0.2882,0.3939,0.1836,0.3837,0.2004,31372.0,30173.0,116.0,0.4503311258278146,0.4701986754966887,0.0463576158940397,0.0331125827814569,0.0285714285714285,0.0,0.15,0.0285714285714285,0.2071428571428571,0.0285714285714285,0.0,0.5571428571428572,15.39,0.41,7605206.0,21448993.0,893668.0,431826.0,164.0,0,0.025198937776549954,0.07977167382003608
2023,0.2633,0.0085,0.1532,0.0124,28742.0,11792.0,0.2557,0.3531,0.2373,0.3729,0.2181,30132.0,36121.0,109.0,0.4503311258278146,0.4701986754966887,0.0463576158940397,0.0331125827814569,0.0238095238095238,0.0079365079365079,0.1904761904761904,0.0158730158730158,0.1825396825396825,0.0476190476190476,0.0,0.5317460317460317,15.39,0.41,6798563.0,20474625.0,1397837.0,1744522.0,1534.0,0,0.03736709886649719,0.040170735635875435
2021,0.2105,0.0095,0.1275,0.0062,30831.0,13443.0,0.1077,0.2225,0.1127,0.2842,0.1224,33971.0,29153.0,32.0,0.4675324675324675,0.5324675324675324,0.0,0.0,0.0,0.0454545454545454,0.1515151515151515,0.106060606060606,0.1515151515151515,0.0303030303030303,0.0,0.5151515151515151,50.37,0.9,7605206.0,21448993.0,893668.0,431826.0,164.0,0,0.01557448545504175,0.047790742572997535
2022,0.2513,0.0044,0.144,0.0084,28892.0,11746.0,0.0857,0.228,0.2059,0.2718,0.2059,34082.0,35689.0,59.0,0.4675324675324675,0.5324675324675324,0.0,0.0,0.0112359550561797,0.0,0.1910112359550561,0.0112359550561797,0.2247191011235955,0.0449438202247191,0.0,0.5168539325842697,50.37,0.9,7675171.0,23221925.0,1063320.0,443983.0,86.0,0,0.01838713322600039,0.042223214964552516
2023,0.2633,0.0085,0.1532,0.0124,28742.0,11792.0,0.0873,0.2586,0.2073,0.271,0.2069,34398.0,36643.0,40.0,0.4675324675324675,0.5324675324675324,0.0,0.0,0.0441176470588235,0.0294117647058823,0.1911764705882352,0.0441176470588235,0.1617647058823529,0.0147058823529411,0.0,0.5147058823529411,50.37,0.9,6798563.0,20474625.0,1397837.0,1744522.0,1534.0,0,0.025864468077392372,0.029615431958404135
2021,0.2105,0.0095,0.1275,0.0062,30831.0,13443.0,0.6538,0.4909,0.2808,0.4999,0.3373,24616.0,30569.0,17.0,0.2666666666666666,0.7333333333333333,0.0,0.0,0.0,0.0,0.0714285714285714,0.0,0.4285714285714285,0.0357142857142857,0.0,0.4642857142857143,52.94,1.07,7605206.0,21448993.0,893668.0,431826.0,164.0,0,0.06202768659703157,0.2508842525270366
2020,0.2301,0.009,0.1331,0.0079,33140.0,13237.0,0.3661,0.3158,0.3186,0.3531,0.3142,32252.0,33240.0,24.0,0.5714285714285714,0.4285714285714285,0.0,0.0,0.0444444444444444,0.0,0.1333333333333333,0.0,0.1555555555555555,0.0666666666666666,0.0,0.6,58.69,0.95,7526503.0,15084103.0,1086654.0,400722.0,225.0,0,0.09064541542777922,0.116795331439879
2021,0.2105,0.0095,0.1275,0.0062,30831.0,13443.0,0.342,0.2413,0.2096,0.3338,0.246,33568.0,32719.0,16.0,0.5714285714285714,0.4285714285714285,0.0,0.0,0.0,0.0,0.1794871794871795,0.0512820512820512,0.1538461538461538,0.0769230769230769,0.0,0.5384615384615384,58.69,0.95,7605206.0,21448993.0,893668.0,431826.0,164.0,0,0.015282148595464116,0.04851981006365307
2023,0.2633,0.0085,0.1532,0.0124,28742.0,11792.0,0.2452,0.4015,0.2816,0.3289,0.2412,34808.0,36325.0,27.0,0.5714285714285714,0.4285714285714285,0.0,0.0,0.0192307692307692,0.0,0.173076923076923,0.0,0.3076923076923077,0.0384615384615384,0.0,0.4615384615384615,58.69,0.95,6798563.0,20474625.0,1397837.0,1744522.0,1534.0,0,0.01015225562965212,0.12906804348952577
2020,0.2301,0.009,0.1331,0.0079,33140.0,13237.0,0.367,0.2886,0.2855,0.3318,0.2803,25004.0,36492.0,23.0,0.6129032258064516,0.3870967741935484,0.0,0.0,0.0,0.0,0.0303030303030303,0.0303030303030303,0.2727272727272727,0.0,0.0,0.6666666666666666,156.47,2.57,7526503.0,15084103.0,1086654.0,400722.0,225.0,0,0.10161487732055566,0.1198874455708424
2021,0.2105,0.0095,0.1275,0.0062,30831.0,13443.0,0.2918,0.278,0.1128,0.32,0.168,25149.0,34738.0,37.0,0.6129032258064516,0.3870967741935484,0.0,0.0,0.0185185185185185,0.0,0.074074074074074,0.037037037037037,0.2407407407407407,0.0185185185185185,0.0,0.6111111111111112,156.47,2.57,7605206.0,21448993.0,893668.0,431826.0,164.0,0,0.0989592372330135,0.08861157861469085
2023,0.2633,0.0085,0.1532,0.0124,28742.0,11792.0,0.2778,0.2777,0.2253,0.2799,0.2021,25091.0,36776.0,33.0,0.6129032258064516,0.3870967741935484,0.0,0.0,0.0232558139534883,0.0,0.1162790697674418,0.0465116279069767,0.2558139534883721,0.0930232558139534,0.0,0.4651162790697674,156.47,2.57,6798563.0,20474625.0,1397837.0,1744522.0,1534.0,0,0.0459908259670959,0.07253292989676437
2020,0.2301,0.009,0.1331,0.0079,33140.0,13237.0,0.6473,0.2692,0.3408,0.3196,0.347,18761.0,35925.0,4.0,0.3157894736842105,0.4736842105263157,0.2105263157894736,0.0,0.0,0.0,0.0833333333333333,0.0,0.1666666666666666,0.0,0.0,0.75,395.61,6.56,7526503.0,15084103.0,1086654.0,400722.0,225.0,0,0.7913776114264507,0.41039750756427645
2020,0.5446,0.0157,0.2529,0.0168,22977.0,13143.0,0.3661,0.3158,0.3186,0.3531,0.3142,32252.0,33240.0,61.0,0.66,0.34,0.0,0.0,0.1111111111111111,0.0,0.1358024691358024,0.0123456790123456,0.4320987654320987,0.037037037037037,0.0,0.2716049382716049,14.5,0.3,6785548.0,21323699.0,1193557.0,91474.0,30.0,0,0.005650898415099239,0.02429787662497089
2021,0.3416,0.0113,0.1283,0.0094,31596.0,12900.0,0.1444,0.2549,0.1454,0.272,0.1481,33060.0,37510.0,16.0,0.3888888888888889,0.6111111111111112,0.0,0.0,0.1034482758620689,0.0,0.1034482758620689,0.0,0.4482758620689655,0.1034482758620689,0.0,0.2413793103448276,487.9,7.8,7629085.0,18246076.0,1408074.0,41000.0,99.0,0,0.07369696722912365,0.18748855965503367
2022,0.4114,0.0209,0.1533,0.0124,28647.0,14035.0,0.1133,0.2272,0.2059,0.2706,0.1632,33715.0,41130.0,6.0,0.3888888888888889,0.6111111111111112,0.0,0.0,0.0344827586206896,0.0,0.2413793103448276,0.0,0.3793103448275862,0.0,0.0,0.3448275862068966,487.9,7.8,20217161.0,30458248.0,1596928.0,63073.0,87.0,0,0.020917537124311256,0.20796019225496748
2021,0.3416,0.0113,0.1283,0.0094,31596.0,12900.0,0.1077,0.2225,0.1127,0.2842,0.1224,33971.0,29153.0,10.0,0.4666666666666667,0.5333333333333333,0.0,0.0,0.1176470588235294,0.0588235294117647,0.2941176470588235,0.0,0.0588235294117647,0.0588235294117647,0.0,0.4117647058823529,113.35,1.85,7629085.0,18246076.0,1408074.0,41000.0,99.0,0,0.613898243052307,0.14569736591414514
2022,0.4114,0.0209,0.1533,0.0124,28647.0,14035.0,0.0857,0.228,0.2059,0.2718,0.2059,34082.0,35689.0,10.0,0.4666666666666667,0.5333333333333333,0.0,0.0,0.0689655172413793,0.0,0.2413793103448276,0.0,0.3103448275862069,0.1034482758620689,0.0,0.2758620689655172,113.35,1.85,20217161.0,30458248.0,1596928.0,63073.0,87.0,0,0.010957530287407612,0.1244971945014036
2023,0.4276,0.0333,0.1556,0.0203,29029.0,12964.0,0.0873,0.2586,0.2073,0.271,0.2069,34398.0,36643.0,3.0,0.4666666666666667,0.5333333333333333,0.0,0.0,0.0357142857142857,0.0,0.3214285714285714,0.0,0.2857142857142857,0.0,0.0,0.3571428571428571,113.35,1.85,23094898.0,32879616.0,2246228.0,84341.0,959.0,0,0.007796702311372793,0.13594422055740718
2021,0.3416,0.0113,0.1283,0.0094,31596.0,12900.0,0.342,0.2413,0.2096,0.3338,0.246,33568.0,32719.0,162.0,0.4726027397260274,0.4794520547945205,0.047945205479452,0.0,0.074074074074074,0.0105820105820105,0.1957671957671957,0.0211640211640211,0.2962962962962963,0.0476190476190476,0.0,0.3544973544973545,11.22,0.34,7629085.0,18246076.0,1408074.0,41000.0,99.0,0,0.020366757093939602,0.027839660518553633
2022,0.4114,0.0209,0.1533,0.0124,28647.0,14035.0,0.2371,0.2878,0.2505,0.3193,0.2405,35266.0,35274.0,163.0,0.4726027397260274,0.4794520547945205,0.047945205479452,0.0,0.0327868852459016,0.0,0.2622950819672131,0.0109289617486338,0.360655737704918,0.0273224043715847,0.0,0.3060109289617486,11.22,0.34,20217161.0,30458248.0,1596928.0,63073.0,87.0,0,0.0020757010190077117,0.031236878371314752
2023,0.4276,0.0333,0.1556,0.0203,29029.0,12964.0,0.2452,0.4015,0.2816,0.3289,0.2412,34808.0,36325.0,146.0,0.4726027397260274,0.4794520547945205,0.047945205479452,0.0,0.0594594594594594,0.0108108108108108,0.254054054054054,0.0216216216216216,0.3081081081081081,0.0378378378378378,0.0,0.3081081081081081,11.22,0.34,23094898.0,32879616.0,2246228.0,84341.0,959.0,0,0.003277720730484639,0.05853338733449518
2021,0.3416,0.0113,0.1283,0.0094,31596.0,12900.0,0.2918,0.278,0.1128,0.32,0.168,25149.0,34738.0,6.0,0.5454545454545454,0.4545454545454545,0.0,0.0,0.1111111111111111,0.0,0.2777777777777778,0.0555555555555555,0.1666666666666666,0.0,0.0,0.3888888888888889,219.45,3.48,7629085.0,18246076.0,1408074.0,41000.0,99.0,1,0.2171356050655302,0.11179697066898182
2023,0.4276,0.0333,0.1556,0.0203,29029.0,12964.0,0.2778,0.2777,0.2253,0.2799,0.2021,25091.0,36776.0,6.0,0.5454545454545454,0.4545454545454545,0.0,0.0,0.0,0.0,0.1538461538461538,0.0,0.4615384615384615,0.0,0.0,0.3846153846153846,219.45,3.48,23094898.0,32879616.0,2246228.0,84341.0,959.0,0,0.020676114468973737,0.18764141045620225
2020,0.3063,0.0063,0.1485,0.0076,23038.0,12431.0,0.4635,0.3255,0.3199,0.3567,0.2904,33181.0,35532.0,4.0,1.0,0.0,0.0,0.0,0.0,0.0,0.4,0.0,0.2,0.0,0.0,0.4,510.04,8.12,4779105.0,12838602.0,691949.0,21848.0,193.0,0,0.20722107262021044,0.32200059709453427
2023,0.3153,0.0048,0.1147,0.0054,21591.0,11428.0,0.4163,0.2519,0.2206,0.3078,0.2322,33442.0,38067.0,3.0,1.0,0.0,0.0,0.0,0.0,0.0,0.3333333333333333,0.0,0.2222222222222222,0.0,0.0,0.4444444444444444,510.04,8.12,10922479.0,18576621.0,729933.0,46901.0,699.0,0,0.1451142466704169,0.25506084750152447
2020,0.3063,0.0063,0.1485,0.0076,23038.0,12431.0,0.2992,0.3811,0.2592,0.3866,0.2795,32111.0,34355.0,5.0,0.5,0.5,0.0,0.0,0.0,0.0,0.6842105263157895,0.0526315789473684,0.0526315789473684,0.0,0.0,0.2105263157894736,77.32,1.32,4779105.0,12838602.0,691949.0,21848.0,193.0,0,0.05447907793833638,0.11034248986113408
2021,0.2269,0.0021,0.111,0.0047,22799.0,13234.0,0.1077,0.2225,0.1127,0.2842,0.1224,33971.0,29153.0,9.0,0.6470588235294118,0.3529411764705882,0.0,0.0,0.0416666666666666,0.0,0.5833333333333334,0.0,0.2083333333333333,0.0,0.0,0.1666666666666666,112.65,1.86,4634027.0,12267879.0,397543.0,30430.0,112.0,0,0.09483859860213956,0.1903242772397618
2020,0.3063,0.0063,0.1485,0.0076,23038.0,12431.0,0.3661,0.3158,0.3186,0.3531,0.3142,32252.0,33240.0,110.0,0.5144927536231884,0.4855072463768116,0.0,0.0,0.0289855072463768,0.0,0.4927536231884058,0.0289855072463768,0.1014492753623188,0.0217391304347826,0.0,0.3260869565217391,8.69,0.37,4779105.0,12838602.0,691949.0,21848.0,193.0,0,0.05305256542618841,0.035048904364003756
2021,0.2269,0.0021,0.111,0.0047,22799.0,13234.0,0.342,0.2413,0.2096,0.3338,0.246,33568.0,32719.0,131.0,0.5144927536231884,0.4855072463768116,0.0,0.0,0.0532544378698224,0.0,0.4437869822485207,0.0355029585798816,0.136094674556213,0.0118343195266272,0.0,0.3195266272189349,8.69,0.37,4634027.0,12267879.0,397543.0,30430.0,112.0,0,0.043260991386867675,0.055757839414591275
2023,0.3153,0.0048,0.1147,0.0054,21591.0,11428.0,0.2452,0.4015,0.2816,0.3289,0.2412,34808.0,36325.0,93.0,0.5144927536231884,0.4855072463768116,0.0,0.0,0.0161290322580645,0.0,0.5645161290322581,0.0161290322580645,0.0967741935483871,0.032258064516129,0.0,0.2741935483870967,8.69,0.37,10922479.0,18576621.0,729933.0,46901.0,699.0,0,0.03408513493229304,0.07928707964903313
2021,0.2269,0.0021,0.111,0.0047,22799.0,13234.0,0.2918,0.278,0.1128,0.32,0.168,25149.0,34738.0,7.0,1.0,0.0,0.0,0.0,0.0,0.0,0.5,0.0,0.25,0.0,0.0,0.25,218.75,3.5,4634027.0,12267879.0,397543.0,30430.0,112.0,1,0.362406289076028,0.26495976952123057
2021,0.2269,0.0021,0.111,0.0047,22799.0,13234.0,0.5864,0.3139,0.195,0.3178,0.234,18693.0,37040.0,3.0,0.4285714285714285,0.5714285714285714,0.0,0.0,0.0,0.0,0.3333333333333333,0.1666666666666666,0.1666666666666666,0.0,0.0,0.3333333333333333,457.89,7.52,4634027.0,12267879.0,397543.0,30430.0,112.0,1,0.1270428623136993,0.3379577872736097
2021,0.2777,0.0065,0.1379,0.0085,19337.0,10976.0,0.2882,0.3939,0.1836,0.3837,0.2004,31372.0,30173.0,39.0,0.4225352112676056,0.5211267605633803,0.056338028169014,0.0,0.0689655172413793,0.0,0.2413793103448276,0.0517241379310344,0.293103448275862,0.0344827586206896,0.0,0.3103448275862069,13.38,0.39,3225405.0,12715462.0,439108.0,135522.0,1206.0,0,0.020652502505924725,0.0951975598452452
2023,0.3072,0.0166,0.1155,0.0096,18473.0,12617.0,0.2557,0.3531,0.2373,0.3729,0.2181,30132.0,36121.0,37.0,0.4225352112676056,0.5211267605633803,0.056338028169014,0.0,0.0350877192982456,0.0,0.2105263157894736,0.0526315789473684,0.3333333333333333,0.087719298245614,0.0,0.2807017543859649,13.38,0.39,2850988.0,12377133.0,578661.0,107006.0,523.0,0,0.020415520023501943,0.059891235222024976
2020,0.3497,0.0167,0.2522,0.0283,25731.0,11415.0,0.1748,0.2077,0.2026,0.2594,0.2032,33208.0,39016.0,5.0,0.6153846153846154,0.3846153846153846,0.0,0.0,0.0454545454545454,0.0,0.1818181818181818,0.0,0.1818181818181818,0.0,0.0,0.5909090909090909,100.99,1.8,9532143.0,26411350.0,4059442.0,602857.0,397.0,0,0.020736376343665482,0.10113293536671697
2021,0.2893,0.0061,0.2137,0.0175,24866.0,10481.0,0.1444,0.2549,0.1454,0.272,0.1481,33060.0,37510.0,3.0,0.6153846153846154,0.3846153846153846,0.0,0.0,0.05,0.0,0.25,0.1,0.1,0.05,0.0,0.45,100.99,1.8,9518999.0,27950510.0,2533112.0,474603.0,312.0,0,0.004607916656436532,0.06212287637523041
2022,0.2939,0.0141,0.1977,0.0149,23183.0,10971.0,0.1133,0.2272,0.2059,0.2706,0.1632,33715.0,41130.0,3.0,0.6153846153846154,0.3846153846153846,0.0,0.0,0.0833333333333333,0.0,0.2916666666666667,0.0,0.125,0.0,0.0,0.5,100.99,1.8,7626317.0,35144655.0,2222454.0,418247.0,288.0,0,0.04791589140625402,0.1448872841735235
2023,0.3004,0.0075,0.1992,0.0178,23722.0,12628.0,0.1166,0.2445,0.1985,0.2733,0.1823,34306.0,42708.0,3.0,0.6153846153846154,0.3846153846153846,0.0,0.0,0.0,0.0,0.3684210526315789,0.1052631578947368,0.2105263157894736,0.0,0.0,0.3157894736842105,100.99,1.8,7706863.0,25447212.0,2493372.0,512599.0,507.0,0,0.0015371510780331802,0.05730243308689769
2020,0.3497,0.0167,0.2522,0.0283,25731.0,11415.0,0.4635,0.3255,0.3199,0.3567,0.2904,33181.0,35532.0,86.0,0.6016260162601627,0.3739837398373983,0.0,0.024390243902439,0.0416666666666666,0.0,0.1666666666666666,0.0166666666666666,0.1916666666666666,0.0333333333333333,0.0,0.55,36.74,0.67,9532143.0,26411350.0,4059442.0,602857.0,397.0,0,0.008797126128944378,0.024989238004685218
2021,0.2893,0.0061,0.2137,0.0175,24866.0,10481.0,0.4875,0.2953,0.225,0.3429,0.2368,33396.0,33396.0,91.0,0.6016260162601627,0.3739837398373983,0.0,0.024390243902439,0.0508474576271186,0.0169491525423728,0.2033898305084746,0.059322033898305,0.1610169491525423,0.0423728813559322,0.0,0.4661016949152542,36.74,0.67,9518999.0,27950510.0,2533112.0,474603.0,312.0,0,0.009022211931384567,0.028086304618861677
2022,0.2939,0.0141,0.1977,0.0149,23183.0,10971.0,0.3734,0.2671,0.2326,0.328,0.2245,33978.0,36975.0,68.0,0.6016260162601627,0.3739837398373983,0.0,0.024390243902439,0.0446428571428571,0.0089285714285714,0.1517857142857142,0.0535714285714285,0.2410714285714285,0.0,0.0,0.5,36.74,0.67,7626317.0,35144655.0,2222454.0,418247.0,288.0,0,0.004727183872605703,0.036167394859583514
2023,0.3004,0.0075,0.1992,0.0178,23722.0,12628.0,0.4163,0.2519,0.2206,0.3078,0.2322,33442.0,38067.0,75.0,0.6016260162601627,0.3739837398373983,0.0,0.024390243902439,0.0373831775700934,0.0,0.1962616822429906,0.0093457943925233,0.1308411214953271,0.0,0.0,0.6261682242990654,36.74,0.67,7706863.0,25447212.0,2493372.0,512599.0,507.0,0,0.025244896156705953,0.033329481605835175
2022,0.2939,0.0141,0.1977,0.0149,23183.0,10971.0,0.2115,0.3587,0.2194,0.3787,0.2105,31082.0,34731.0,7.0,0.6153846153846154,0.3846153846153846,0.0,0.0,0.2222222222222222,0.0,0.5555555555555556,0.0,0.0,0.0,0.0,0.2222222222222222,453.44,7.09,7626317.0,35144655.0,2222454.0,418247.0,288.0,0,0.5575467940400595,0.3077033917006842
2020,0.3497,0.0167,0.2522,0.0283,25731.0,11415.0,0.3661,0.3158,0.3186,0.3531,0.3142,32252.0,33240.0,3.0,0.3703703703703703,0.6296296296296297,0.0,0.0,0.0,0.0,0.2727272727272727,0.0,0.0909090909090909,0.0909090909090909,0.0,0.5454545454545454,523.15,8.12,9532143.0,26411350.0,4059442.0,602857.0,397.0,0,0.11487338909618021,0.24593618557193112
2021,0.2893,0.0061,0.2137,0.0175,24866.0,10481.0,0.342,0.2413,0.2096,0.3338,0.246,33568.0,32719.0,3.0,0.3703703703703703,0.6296296296296297,0.0,0.0,0.0,0.0,0.4666666666666667,0.1333333333333333,0.1333333333333333,0.1333333333333333,0.0,0.1333333333333333,523.15,8.12,9518999.0,27950510.0,2533112.0,474603.0,312.0,0,0.004161050713492273,0.1418912138964051
2022,0.2939,0.0141,0.1977,0.0149,23183.0,10971.0,0.2371,0.2878,0.2505,0.3193,0.2405,35266.0,35274.0,3.0,0.3703703703703703,0.6296296296296297,0.0,0.0,0.0,0.0,0.3333333333333333,0.0833333333333333,0.0833333333333333,0.0,0.0,0.5,523.15,8.12,7626317.0,35144655.0,2222454.0,418247.0,288.0,0,0.014146771659933962,0.14160938088578337
2023,0.3004,0.0075,0.1992,0.0178,23722.0,12628.0,0.2452,0.4015,0.2816,0.3289,0.2412,34808.0,36325.0,3.0,0.3703703703703703,0.6296296296296297,0.0,0.0,0.0,0.0,0.2222222222222222,0.0,0.1111111111111111,0.0,0.0,0.6666666666666666,523.15,8.12,7706863.0,25447212.0,2493372.0,512599.0,507.0,0,0.10809453774856008,0.2888892119882827
2020,0.3497,0.0167,0.2522,0.0283,25731.0,11415.0,0.367,0.2886,0.2855,0.3318,0.2803,25004.0,36492.0,9.0,0.24,0.76,0.0,0.0,0.0666666666666666,0.0,0.2666666666666666,0.0,0.0666666666666666,0.0,0.0,0.6,418.88,6.54,9532143.0,26411350.0,4059442.0,602857.0,397.0,0,0.4186241617291399,0.34209773510187175
2021,0.2893,0.0061,0.2137,0.0175,24866.0,10481.0,0.2918,0.278,0.1128,0.32,0.168,25149.0,34738.0,8.0,0.24,0.76,0.0,0.0,0.0526315789473684,0.0,0.2105263157894736,0.0,0.1052631578947368,0.0,0.0,0.631578947368421,418.88,6.54,9518999.0,27950510.0,2533112.0,474603.0,312.0,0,0.41328731921079176,0.32228902878742444
2023,0.3004,0.0075,0.1992,0.0178,23722.0,12628.0,0.2778,0.2777,0.2253,0.2799,0.2021,25091.0,36776.0,7.0,0.24,0.76,0.0,0.0,0.0,0.0,0.2,0.0,0.1333333333333333,0.0,0.0,0.6666666666666666,418.88,6.54,7706863.0,25447212.0,2493372.0,512599.0,507.0,0,0.3641506752719488,0.31555275414088285
2021,0.2893,0.0061,0.2137,0.0175,24866.0,10481.0,0.5864,0.3139,0.195,0.3178,0.234,18693.0,37040.0,7.0,0.238095238095238,0.5238095238095238,0.238095238095238,0.0,0.0952380952380952,0.0,0.1904761904761904,0.0476190476190476,0.0476190476190476,0.0,0.0,0.6190476190476191,170.99,2.83,9518999.0,27950510.0,2533112.0,474603.0,312.0,0,0.4235239998185345,0.17753541262155875
2020,0.3028,0.0063,0.1715,0.0094,13507.0,13091.0,0.1748,0.2077,0.2026,0.2594,0.2032,33208.0,39016.0,8.0,0.5555555555555556,0.4444444444444444,0.0,0.0,0.0952380952380952,0.0,0.3809523809523809,0.0,0.3333333333333333,0.0,0.0,0.1904761904761904,35.42,0.84,3493114.0,8826668.0,722307.0,272381.0,5.0,0,0.040570142969969344,0.15947227702282088
2020,0.3028,0.0063,0.1715,0.0094,13507.0,13091.0,0.4635,0.3255,0.3199,0.3567,0.2904,33181.0,35532.0,59.0,0.5795454545454546,0.4204545454545454,0.0,0.0,0.0941176470588235,0.0,0.3176470588235294,0.0235294117647058,0.3647058823529411,0.0235294117647058,0.0235294117647058,0.1529411764705882,31.79,0.61,3493114.0,8826668.0,722307.0,272381.0,5.0,0,0.01702772076374625,0.09064005058812956
2023,0.3365,0.0067,0.2081,0.0142,12275.0,11440.0,0.4163,0.2519,0.2206,0.3078,0.2322,33442.0,38067.0,46.0,0.5795454545454546,0.4204545454545454,0.0,0.0,0.125,0.0,0.3125,0.03125,0.265625,0.0,0.0,0.265625,31.79,0.61,3492366.0,11782242.0,1167562.0,92252.0,212.0,0,0.0220735826221924,0.05713724818633522
2020,0.6032,0.0062,0.3396,0.0142,26197.0,12806.0,0.3661,0.3158,0.3186,0.3531,0.3142,32252.0,33240.0,71.0,0.6161616161616161,0.3838383838383838,0.0,0.0,0.0412371134020618,0.0,0.2371134020618556,0.0206185567010309,0.6288659793814433,0.0,0.0,0.0721649484536082,27.16,0.58,12844902.0,40535388.0,954741.0,449797.0,50.0,0,0.00019050932085081982,0.030539496939420697
